1268,41.66992875784778,-5.193184358988249,27,-9,0.6420845122336714,100,1,45,44,0,0,0,0,0,0,0,0,0,0,0,307736.0294448157,517458.5803252443,314860.5051094377,434227.726586985
1268,41.67025378598413,-5.193184358988249,27,-9,0.6420845122336714,100,1,45,44,0,0,0,0,0,0,0,0,0,0,0,307736.6706783301,517454.4483375935,314860.5051094377,434227.726586985
1356,24.95328789247885,-9.265807105258586,7,-12,0.8852829529119719,100,1,22,4.4,0,0,0,0,0,0,0,0,0,0,0,390673.9508806057,331993.9542119392,269853.9663447729,523185.3845102112
89,22.00804622642005,7.809965129045181,13,-9,0.9304141652602963,100,1,25,5,0,0,0,0,0,0,0,0,0,0,0,385672.3609664986,332593.8307267101,387472.9877103256,316468.0910214755
1837,22.40609129233966,5.141103321758153,16,-17,0.939736483091981,100,1,26,5.2,0,0,0,0,0,0,0,0,0,0,0,381842.0429252872,332430.2197397641,359669.5267777025,296925.4870452365
1837,22.40415684224884,5.141103321758153,16,-17,0.939736483091981,100,1,26,5.2,0,0,0,0,0,0,0,0,0,0,0,381827.2560318387,332440.9055119947,359669.5267777025,296925.4870452365
125,-11.40729963749225,-48.11395111322202,8,-17,0.713871230134023,100,1,23.4,4.68,0,0,0,0,0,0,0,0,0,0,0,212905.5485595365,816346.1785907379,210404.6909554695,3069289.876723123
908,13.2616471107443,-10.59174276742645,2,1.9,1.05254405570846,100,1,20,4,0,0,0,0,0,0,0,0,0,0,0,371758.3061591966,362002.9068169579,331801.5380601872,533709.7188075585
817,8.461685626868434,-12.08185672545559,1,0.9,1.040440328003781,100,1,12,2.4,0,0,0,0,0,0,0,0,0,0,0,387579.9162786438,375558.659553828,331596.0678111261,536906.8877208981
817,9.683151323148893,-12.08185672545559,1,0.9,1.040440328003781,100,1,14,2.8,0,0,0,0,0,0,0,0,0,0,0,383816.3521615902,371758.8070846756,331596.0678111261,536906.8877208981
817,8.460847697952227,-12.08185672545559,1,0.9,1.040440328003781,100,1,12,2.4,0,0,0,0,0,0,0,0,0,0,0,387573.5841183548,375564.341243216,331596.0678111261,536906.8877208981
1335,25.26119264604554,5.841709362270335,10,-10,0.9337776378626288,100,1,30,6,0,0,0,0,0,0,0,0,0,0,0,377510.2813697558,324574.2165790072,393909.5645814408,319013.1733314621
396,0,0,5,1,1,100,0,11,2.2,0,0,0,0,0,0,0,0,0,0,0,0,0,0,0
396,0,0,5,1,1,100,0,11,2.2,0,0,0,0,0,0,0,0,0,0,0,0,0,0,0
975,23.66756109322737,-1.616338772312376,15,-15,1.057795121375707,100,1,35,7,0,0,0,0,0,0,0,0,0,0,0,357819.4333886083,327834.1649306259,381075.6193031215,311113.5822548985
858,43.46325949322512,0,0,0,1.021361001093577,100,1,55.4,11.08,0,0,0,0,0,0,0,0,0,0,0,334190.4352261829,294586.6177145654,0,49836.88200853473
921,30.0411370873956,2.794160104250026,25,-20,1.049342526741079,100,1,42,8.4,0,0,0,0,0,0,0,0,0,0,0,359486.2163728181,308306.8912056339,322957.5211351526,303606.9161042666
921,30.04159227666727,2.794160104250026,25,-20,1.049342526741079,100,1,42,8.4,0,0,0,0,0,0,0,0,0,0,0,359489.1520699172,308304.8287384883,322957.5211351526,303606.9161042666
1255,67.44935229740555,-10.87843033832391,26.1,-24.36,1.089952665505888,100,1,87,17.4,0,0,0,0,0,0,0,0,0,0,0,266745.7709438453,302712.3651197832,207818.7527574888,657830.8636806342
169,33.40662473124433,-5.015301369083747,8.300000000000001,-8.300000000000001,0.6429453180041625,100,1,8.300000000000001,1.66,0,0,0,0,0,0,0,0,0,0,0,1545440.378069192,77182.78986912755,40638.05522707312,570446.8683777873
448,13.85539961623415,0,0,0,1.008582231337806,100,1,4,0,0,0,0,0,0,0,0,0,0,0,0,571273.4874769863,301934.2804129045,289349.4265403789,0
241,0,0,5,-5,1,100,0,13,2.6,0,0,0,0,0,0,0,0,0,0,0,0,0,0,0
241,0,0,5,-5,1,100,0,13,2.6,0,0,0,0,0,0,0,0,0,0,0,0,0,0,0
241,0,0,5,-5,1,100,0,13,2.6,0,0,0,0,0,0,0,0,0,0,0,0,0,0,0
241,0,0,5,-5,1,100,0,13,2.6,0,0,0,0,0,0,0,0,0,0,0,0,0,0,0
270,44.00040485628371,41.62727577393942,27,-9,0.7420489478665416,100,1,50,10,0,0,0,0,0,0,0,0,0,0,0,558608.3041574036,183826.4139300839,1138922.804356096,192020.8769337383
885,29.69773727063487,0,0,0,0.7035576631906187,100,1,8,1.6,0,0,0,0,0,0,0,0,0,0,0,972386.5733835358,260577.803465293,588715.2612190987,0
885,29.69641960848006,0,0,0,0.7035576631906187,100,1,8,1.6,0,0,0,0,0,0,0,0,0,0,0,972329.3938164893,260581.5259845328,588715.2612190987,0
876,80.04273622049556,0,0,0,0.6468178503615228,100,1,54,10.8,0,0,0,0,0,0,0,0,0,0,0,2826676.758317187,188330.7895368569,208226.5468771393,0
180,145.4268665083391,-50.32025267004019,80,-75,1.007950466548989,100,1,239,47.8,0,0,0,0,0,0,0,0,0,0,0,177489.8012668973,181872.2901897893,103139.037828653,234751.1306985413
46,19.39400385866439,-12.12029696832963,10,-4,1.046480867942709,100,1,30,6,0,0,0,0,0,0,0,0,0,0,0,355935.6695235894,344393.3958267876,299879.7520285941,502132.0279126377
803,-0.5121672376187038,-34.34754700271446,4.63,-5.56,0.8225297755063933,100,1,13.8,2.76,0,0,0,0,0,0,0,0,0,0,0,290622.5777316139,504572.8132101079,213443.1338496812,1457763.108012528
356,35.17706492170979,12.23952575753679,12.42,-11.59,1.041654941994199,100,1,41.4,8.279999999999999,0,0,0,0,0,0,0,0,0,0,0,347409.5402892104,319837.9774406098,315498.9518791315,431415.0115364085
100,119.3782703211346,41.06213655566309,59,-26,0.8483446407446694,100,1,130,26,0,0,0,0,0,0,0,0,0,0,0,572103.8409660975,153661.482658473,467221.7857387165,183464.7523514772
707,0,0,8,-8,1,100,0,21,4.2,0,0,0,0,0,0,0,0,0,0,0,0,0,0,0
973,-2.276557557421771,0,0,0,1.057433140873909,100,1,0,-8,0,0,0,0,0,0,0,0,0,0,0,397017.7263775793,374300.0934405244,0,143699.6348238663
973,34.28697753664842,-11.02133179596674,17,-10,1.057433140873909,100,1,53,10.6,0,0,0,0,0,0,0,0,0,0,0,328783.2982091767,306144.3125802254,291438.6440622933,435138.2788861596
1118,58.82536176135458,0,0,0,0.8351113902150115,100,1,55,11,0,0,0,0,0,0,0,0,0,0,0,620556.8728537292,216308.1796797769,311342.0231786298,0
897,20.03202601387326,3.186494881372179,10,-3,1.046809369087425,100,1,27,5.4,0,0,0,0,0,0,0,0,0,0,0,380137.316434378,332689.8469480011,383577.1948300763,364301.0139593496
897,20.03601606085958,3.186494881372179,10,-3,1.046809369087425,100,1,27,5.4,0,0,0,0,0,0,0,0,0,0,0,380166.1880545428,332668.7029944427,383577.1948300763,364301.0139593496
58,4.723486620701984,-10.73025857660395,2,1.9,1.050027457604943,100,1,6,1.2,0,0,0,0,0,0,0,0,0,0,0,398168.3622740419,388626.5188574941,331897.8322673471,534336.0412301729
82,36.84497826886257,0,0,0,0.901832139109322,100,1,25.3,5.06,0,0,0,0,0,0,0,0,0,0,0,680111.0277214908,251394.3882274823,561541.4037893256,0
474,52.09334356460057,-32.0599296697863,10,-13,1.006520873445852,100,1,52,10.4,0,0,0,0,0,0,0,0,0,0,0,385284.4640831389,291123.2638103027,155007.0190611863,536261.5980166977
1221,35.81029062840286,13.75319444881248,35,-35,0.7391039995704305,100,1,58,11.6,0,0,0,0,0,0,0,0,0,0,0,301217.5093605618,317548.068959857,295884.8078533609,243452.1569889238
355,0,0,40,-40,1,100,0,62,12.4,0,0,0,0,0,0,0,0,0,0,0,0,0,0,0
471,101.0467468747857,-19.65255118769041,1,0,0.6360553955167649,100,1,78,15.6,0,0,0,0,0,0,0,0,0,0,0,3318355.1989051,167802.465288544,256773.1673970727,824694.5036859848
1321,7.839698728622538,-12.03142283697917,1,0.9,1.042234101324655,100,1,11,2.2,0,0,0,0,0,0,0,0,0,0,0,389423.0818194021,377551.9885221677,331791.5668027056,536253.7686711004
1321,0,0,0.1,-0.1,1.004235,100,0,2.5,0,0,0,0,0,0,0,0,0,0,0,0,0,0,0,0
1829,39.0295072442869,19.2277744084462,8,-8,0.9465867610769924,100,1,23.5,4.7,0,0,0,0,0,0,0,0,0,0,0,586278.5128207457,272392.9030062924,551084.0507974837,123815.7353469361
1005,24.51341403419184,-18.34732026431021,19,-19,1.030427514577807,100,1,39,7.8,0,0,0,0,0,0,0,0,0,0,0,341206.367917661,331541.1419672371,261320.3696028818,444814.5114915718
14,32.17701447681544,0,0,0,0.9170741616405272,100,1,27.6,5.52,0,0,0,0,0,0,0,0,0,0,0,552549.3612371653,261364.8739059751,388487.0808770944,0
14,29.52450796603178,0,0,0,0.9170741616405272,100,1,24,4.8,0,0,0,0,0,0,0,0,0,0,0,557866.0313716066,266675.9483398387,388487.0808770944,0
1628,413.4656199608042,-43.04821736737176,155.3,-217.55,0.8438380123773109,100,1,670,200,0,0,0,0,0,0,0,0,0,0,0,59153.8801505825,96426.74857811051,83610.43862262279,106618.8833841656
1629,393.3941383806059,-4.87703508585281,231.39,-190.58,0.8485970282532436,100,1,700,140,0,0,0,0,0,0,0,0,0,0,0,49040.18469624937,82004.34933193514,70958.66180053783,99564.91584392783
1842,14.81836215171802,1.991099163819656,15.23,-10.77,1.022120281608461,100,1,23,4.6,0,0,0,0,0,0,0,0,0,0,0,366135.6884775193,357072.458516037,348470.2426295173,343735.3342391247
1843,14.81338043815852,1.876696245904331,15.06,-10.94,1.021838244401019,100,1,23,4.6,0,0,0,0,0,0,0,0,0,0,0,366105.2796244458,357101.2278418004,348826.3132207335,343383.2246951413
1844,16.79263937476669,3.586856734362319,24.62,-15.38,1.028721176377089,100,1,27,5.4,0,0,0,0,0,0,0,0,0,0,0,356256.1948620815,353471.7551917758,318202.3101731272,323770.960345195
1630,50.70714027846881,18.9863580706575,43.86,-8.5,0.8378924919148316,100,1,86,17.2,0,0,0,0,0,0,0,0,0,0,0,262218.5591274854,297347.5752446982,296894.0807005409,305467.4806985677
1631,27.54792449952983,8.365360456771803,22.19,-9.73,0.8340838959162279,100,1,49,9.800000000000001,0,0,0,0,0,0,0,0,0,0,0,300651.8211625874,345998.5319401171,335643.5014730104,333680.5167099295
1845,51.92668883899348,-20.14453829457551,71.8,-30.08,0.5620011628555743,100,1,124,24.8,0,0,0,0,0,0,0,0,0,0,0,73650.64799437521,563358.1891268123,86055.24264915708,689963.6836558915
1846,17.92432670502722,5.761620231546973,8.359999999999999,-8.359999999999999,0.9113450817233817,100,1,32,6.4,0,0,0,0,0,0,0,0,0,0,0,336621.0351082715,357730.0686496546,454175.7462950788,306371.3752855897
1632,17.92430629605705,5.761620596609114,8.359999999999999,-8.359999999999999,0.9113450825255067,100,1,32,6.4,0,0,0,0,0,0,0,0,0,0,0,336620.885064385,357730.2397170574,454175.7500540469,306371.3734415895
1847,17.93629507230611,5.636065672637828,8.15,-8.57,0.9111157201310875,100,1,32,6.4,0,0,0,0,0,0,0,0,0,0,0,336963.7730523288,357362.620574234,454856.2987595823,306031.8377025329
1848,17.93558097364581,5.636082418585509,8.15,-8.57,0.9111157257710021,100,1,32,6.4,0,0,0,0,0,0,0,0,0,0,0,336958.5356858966,357368.572571722,454856.4679586171,306031.7558491446
1849,108.7998982228653,5.399784572881393,55.77,-34.23,0.6161107335047371,100,1,92,18.4,0,0,0,0,0,0,0,0,0,0,0,2079842.733110872,16885.60637562695,122428.2427293029,336843.8950670667
1850,108.7956599962413,2.587367200526337,50.5,-39.5,0.6141682727373869,100,1,92,18.4,0,0,0,0,0,0,0,0,0,0,0,2073447.958678205,17967.18354003269,131917.9241222274,319022.3213898357
1851,47.53576748247834,22.83931218377869,56.32,-33.68,0.7345823727825449,100,1,92,18.4,0,0,0,0,0,0,0,0,0,0,0,227141.3563291329,333315.4227471342,425859.5931709438,149763.4397455949
1852,47.51391108727903,21.45669263014164,54.57,-35.43,0.7332006749282095,100,1,92,18.4,0,0,0,0,0,0,0,0,0,0,0,227132.0503052523,333350.2231186673,428417.6018246682,149906.6810620043
1853,45.43045381690723,18.24985971424602,55.26,-34.74,0.7013191298573981,100,1,92,18.4,0,0,0,0,0,0,0,0,0,0,0,209559.2743799396,366432.5283834683,472970.4046342763,65075.80293660375
1854,45.45656976619389,19.17571337041424,56.48,-33.52,0.7022505221788002,100,1,92,18.4,0,0,0,0,0,0,0,0,0,0,0,209509.0094643687,366493.8639311657,470684.8113547077,64035.69765665577
1633,748.7257415012295,90.74561825994513,421.39,-376.62,1.05370949797748,100,1,945.08,255.07,0,0,0,0,0,0,0,0,0,0,0,79603.19100113781,37494.32170251761,62820.49258671404,33064.08848015276
1634,781.676635378529,97.41013027197896,428.83,-369.21,1.053741354150951,100,1,978.04,288.05,0,0,0,0,0,0,0,0,0,0,0,79497.37954433489,37522.099301102,62796.12433802806,33044.81749169934
1635,787.7915407879885,99.16319979753528,428.07,-369.92,1.053928586450138,100,1,976.08,256.08,0,0,0,0,0,0,0,0,0,0,0,81562.69945848398,34809.27478042802,63713.18031620115,32733.86744330985
1636,746.7044885389611,91.00747088393231,420.86,-377.13,1.053324100189194,100,1,943.08,253.07,0,0,0,0,0,0,0,0,0,0,0,79598.93626042534,37495.68523886265,63017.98322896489,33028.19832666086
1637,233.7612030705709,41.05041074187522,153.03,-90.23,0.6875368423722654,100,1,252,156,0,0,0,0,0,0,0,0,0,0,0,487204.1938602498,175223.4169007223,152292.9630000218,133446.3811278451
1638,230.6090886619072,40.43012199914233,152.44,-90.81,0.6847335879990196,100,1,250,154,0,0,0,0,0,0,0,0,0,0,0,471296.5725626472,176790.4594091117,152112.2559386079,134170.5400856229
1639,223.381764892109,42.06482182682613,105.68,-58.28,0.6923711013658314,100,1,250,154,0,0,0,0,0,0,0,0,0,0,0,401867.3953941733,183806.2648919494,270597.17096728,152456.4678394608
1640,284.7497460837665,105.1363075092068,228.81,-159.91,0.7155966950268463,100,1,305,122,0,0,0,0,0,0,0,0,0,0,0,699658.5533945663,119549.0367691933,173209.9890302626,59306.04964293204
1641,157.8334768044403,34.80816717289023,94.31999999999999,-74.64,0.7036669606292256,100,1,155,89,0,0,0,0,0,0,0,0,0,0,0,732305.4856621068,191097.6767595655,296027.8223525791,142048.3169408064
1642,36.88899133594524,11.37904893051727,21.65,-18.77,0.8865962769223998,100,1,58,11.6,0,0,0,0,0,0,0,0,0,0,0,316334.2365604195,304941.7860449452,384042.8954772659,273772.1906644917
1643,35.94858949062638,11.24572489955467,16.01,-10.66,0.887399627638776,100,1,58,11.6,0,0,0,0,0,0,0,0,0,0,0,311754.1624727103,309364.9548563978,407455.2599015251,298070.310075341
1855,36.88770578185554,11.22115754648448,21.47,-18.95,0.8864372647179564,100,1,58,11.6,0,0,0,0,0,0,0,0,0,0,0,316328.5875988571,304947.0398925357,384210.2249116073,273685.9577295676
1644,35.94960975767424,11.28062096902084,16.05,-10.62,0.887438395379047,100,1,58,11.6,0,0,0,0,0,0,0,0,0,0,0,311759.5011651365,309359.6845440662,407411.5813567356,298093.935411423
1645,35.9470966820796,11.07129944780761,15.81,-10.86,0.8872055316477617,100,1,58,11.6,0,0,0,0,0,0,0,0,0,0,0,311748.075237821,309370.9468804984,407674.2802503537,297951.9757111674
1646,205.6337807270934,93.05981736997833,146.45,-90.18000000000001,0.8575922777773648,100,1,263,133,0,0,0,0,0,0,0,0,0,0,0,258032.4941604768,189975.1175217956,379531.7866878179,91820.18444746711
1647,35.05492164500951,28.82989406492965,50.67,-38.09,0.7918805557644448,100,1,44.96,8.99,0,0,0,0,0,0,0,0,0,0,0,360991.8994610752,299600.245573408,388020.4466424602,191908.9249076765
1856,85.46644927657644,0.3880083382981901,108.44,-71.56,0.9636510985899632,100,1,139,27.8,0,0,0,0,0,0,0,0,0,0,0,240514.8567856983,229440.3020922723,185210.3294023523,184614.7584849756
1857,30.44567995056381,-3.581265866673072,34.32,-25.68,0.9342203922008476,100,1,49,9.800000000000001,0,0,0,0,0,0,0,0,0,0,0,328625.9021463025,315895.4327105828,285280.3184773559,293976.7061226744
1858,30.42564229341301,-4.522201483756627,55.44,-44.56,0.9317343755483576,100,1,49,9.800000000000001,0,0,0,0,0,0,0,0,0,0,0,328632.2991248359,315889.1907412268,241252.4937958796,247150.9187489124
1859,30.45621985565124,-3.599201314302643,34.29,-25.71,0.9376470143830412,100,1,49,9.800000000000001,0,0,0,0,0,0,0,0,0,0,0,328700.6000746924,315825.2611471358,285522.5260946131,293731.6668431581
2070,30.44330835327957,-5.599536739174956,31.96,-28.04,0.9354621814623009,100,1,49,9.800000000000001,0,0,0,0,0,0,0,0,0,0,0,328640.6841816386,315881.2962115611,287022.1337896697,292107.3071907131
1860,51.78674617533455,12.05968444784658,18.84,-17.16,0.6626566127458107,100,1,32,6.4,0,0,0,0,0,0,0,0,0,0,0,1400666.165843933,38400.1846128274,263550.269821802,317381.8040923013
1861,40.14142490697618,13.46331395305547,19.75,-16.25,0.6850986007010503,100,1,32,6.4,0,0,0,0,0,0,0,0,0,0,0,857363.5057793522,55538.13072413331,356477.595825434,287853.5947631197
1648,524.8976866118575,94.12617478811597,530.99,-158.23,0.726356355737755,100,1,936.29,266.29,0,0,0,0,0,0,0,0,0,0,0,25931.86924406984,97516.31064600036,63525.82082160784,11794.29473188773
1649,524.9872407397469,60.4241701511685,533.6900000000001,-156.07,0.7195684367520531,100,1,942.8200000000001,272.82,0,0,0,0,0,0,0,0,0,0,0,25552.97071900703,100913.0540525113,55447.51740480887,12189.35361618168
1650,525.1540962702228,99.97660793827691,537.6799999999999,-152.82,0.7249354022851817,100,1,924.28,274.28,0,0,0,0,0,0,0,0,0,0,0,27312.62189370565,99392.47728885805,63436.29594875209,11938.31177908964
1651,517.40549283326,54.30049788720383,529.89,-160.89,0.7211936212476646,100,1,922.8,272.8,0,0,0,0,0,0,0,0,0,0,0,26964.38225591985,102724.3671699986,54649.59859105295,13103.521666987
1652,976.8419456793661,174.9118204822882,681.04,-153,0.83925701523935,100,1,1308,318,0,0,0,0,0,0,0,0,0,0,0,42681.2245282432,28934.78542560341,32690.03205424877,54119.22250832314
1862,977.042069365635,173.4115787436255,681.03,-153,0.8396133153300153,100,1,1308,318,0,0,0,0,0,0,0,0,0,0,0,42702.65191053964,28922.91502090263,32645.82152985534,54232.93169166071
1653,22.82302708272806,8.33474468127365,6.08,-1.92,0.9031871051038701,100,1,35,7,0,0,0,0,0,0,0,0,0,0,0,353352.1723151546,331731.3252415248,474664.0405065339,324665.8755217798
1654,22.82851997970036,8.448701519013166,6.21,-1.79,0.9033253039066373,100,1,35,7,0,0,0,0,0,0,0,0,0,0,0,353393.2151392832,331694.9218175514,474479.4562699638,324755.1546633687
1655,22.82534015119393,8.448621667466467,6.21,-1.79,0.9033261899964984,100,1,35,7,0,0,0,0,0,0,0,0,0,0,0,353368.3198220261,331717.0119246133,474478.2914089367,324755.6941666039
1656,22.82261597921331,8.363147679291846,6.11,-1.89,0.9032207124724254,100,1,35,7,0,0,0,0,0,0,0,0,0,0,0,353349.1590807646,331733.9971584589,474646.7853799739,324674.3959845947
1657,22.82543357290036,8.363230015767781,6.11,-1.89,0.9032198045301961,100,1,35,7,0,0,0,0,0,0,0,0,0,0,0,353371.2152519641,331714.4205161759,474647.9860318775,324673.8407801642
1658,22.82620652364324,8.363249352188719,6.11,-1.89,0.9032195904415153,100,1,35,7,0,0,0,0,0,0,0,0,0,0,0,353377.2664600693,331709.05077048,474648.2681998314,324673.7102389516
1863,21.16475859426602,15.23643036508382,18.45,-13.16,0.8870710146683545,100,1,36.97,7.39,0,0,0,0,0,0,0,0,0,0,0,327823.9442021085,351304.3844988123,420965.0834983008,279948.2377534335
1659,21.16853916609299,15.23638835980831,18.45,-13.16,0.8870679237936853,100,1,36.97,7.39,0,0,0,0,0,0,0,0,0,0,0,327851.3849922396,351272.6986887812,420965.4346420642,279948.072012482
1660,21.17599981421138,15.76216348598091,18.45,-11.35,0.887706250046745,100,1,36.97,7.39,0,0,0,0,0,0,0,0,0,0,0,327894.9485001576,351222.4660958961,422791.5110619563,283758.0167890824
1661,21.17141402583827,15.51291284374907,18.11,-11.7,0.8872930584588884,100,1,36.97,7.39,0,0,0,0,0,0,0,0,0,0,0,327867.9362261347,351253.5915826089,423647.5114825711,283360.1619013452
1662,20.46250890044767,14.4522794759371,18.21,-13.41,0.8808530925760101,100,1,36.97,7.39,0,0,0,0,0,0,0,0,0,0,0,324365.7197208289,355408.1272700756,416444.7958468125,281932.8894801569
1663,20.46702258272353,14.70244431324092,18.55,-13.05,0.8812664961172026,100,1,36.97,7.39,0,0,0,0,0,0,0,0,0,0,0,324391.4937089806,355376.9967019779,415610.6499393118,282355.3910329271
1864,10.42122676173246,-5.988087721677793,10.54,-9.460000000000001,0.7715991733097946,100,1,20,4,0,0,0,0,0,0,0,0,0,0,0,342350.9157914561,393165.3014588695,297413.3050094682,444145.5853422034
1865,10.44604436600111,-4.864187094199489,12.32,-7.68,0.7742543602645244,100,1,20,4,0,0,0,0,0,0,0,0,0,0,0,342487.4664598648,392977.7648919146,294332.5202794113,451312.8596580517
1866,18.84025531817029,14.5382937988818,17.85,-13.79,0.8766319209002623,100,1,30.98,6.2,0,0,0,0,0,0,0,0,0,0,0,343865.3432122112,352960.316145006,420570.8310462132,280086.8622808012
1664,18.84024450598055,14.53829382108552,17.85,-13.79,0.8766319324552269,100,1,30.98,6.2,0,0,0,0,0,0,0,0,0,0,0,343865.2567198991,352960.407814169,420570.8285622793,280086.8634264579
1665,18.84740299092891,14.65604987392446,18.01,-13.62,0.8768227786994706,100,1,30.98,6.2,0,0,0,0,0,0,0,0,0,0,0,343919.0648231418,352903.451375018,420170.2469607478,280284.0874576287
1867,18.84802881060044,14.65604339688776,18.01,-13.62,0.8768224328132433,100,1,30.98,6.2,0,0,0,0,0,0,0,0,0,0,0,343924.0020360986,352898.2205077481,420170.2745595181,280284.0732248123
1666,18.06097967392596,14.05493616461573,17.89,-13.75,0.8772702968208896,100,1,30.98,6.2,0,0,0,0,0,0,0,0,0,0,0,339615.8212028024,357592.0136833364,416013.4818042923,282087.1675213121
1868,18.05290747726501,13.94443789489727,17.74,-13.91,0.8770904661106601,100,1,30.98,6.2,0,0,0,0,0,0,0,0,0,0,0,339556.7855136261,357657.872064144,416381.6068704657,281898.1683952241
1667,1306.019723784637,615.5598296005446,656.0599999999999,-184.89,0.7779685206809753,100,1,1330,337,0,0,0,0,0,0,0,0,0,0,0,363123.1441143359,23358.38141833703,293759.6198961003,23693.11959358458
1869,772.6846069652976,220.3107334595606,515.51,-327.72,0.7350478864007185,100,1,1360,467,0,0,0,0,0,0,0,0,0,0,0,24790.10837706448,66886.70439114491,56985.62746129475,32780.33922720136
1668,1345.659441139203,109.018036406591,656.92,-183.9,0.6382847941894716,100,1,1360,367,0,0,0,0,0,0,0,0,0,0,0,720151.4835961926,21381.34645844795,36937.96538685486,37828.87259768043
1669,1345.752182796547,102.9358516789189,648.03,-192.8,0.6366473217915879,100,1,1360,367,0,0,0,0,0,0,0,0,0,0,0,723797.649417806,21368.26864980561,37158.37555257236,37568.24287055126
1870,57.8397970458203,7.628577363892826,60.11,-39.89,0.9490889843214521,100,1,90,18,0,0,0,0,0,0,0,0,0,0,0,308366.7810244557,249182.3026126466,315148.0659002832,200629.620392626
1871,0,0,59.33,-40.67,1.00442,100,0,95,19,0,0,0,0,0,0,0,0,0,0,0,0,0,0,0
1872,0,0,59.61,-40.39,1,100,0,102,20.4,0,0,0,0,0,0,0,0,0,0,0,0,0,0,0
1670,13.75369670416249,80.60928582067253,281.46,-103.91,1.083078784132779,100,1,1.5,1.4,0,0,0,0,0,0,0,0,0,0,0,603587.3675466269,304768.3798463908,112484.0074989412,74711.82467973414
1873,130.9622144896174,26.98442747097095,94.03,-45.97,0.7122049735243857,100,1,240,48,0,0,0,0,0,0,0,0,0,0,0,127977.6449882319,255046.9984618669,361644.9943508207,52609.69814417618
1874,130.9693908615359,28.00809730043946,95.11,-44.89,0.7126460155503574,100,1,240,48,0,0,0,0,0,0,0,0,0,0,0,127985.6754592245,255019.7788475916,361243.2890347003,52645.25057484303
1671,802.914820770199,290.7901730608295,524.6,-107.2,1.044683806479857,100,1,942.72,232.72,0,0,0,0,0,0,0,0,0,0,0,117435.5885199076,31621.57628189387,80317.41303252763,42347.2247068432
1673,830.1552538583363,293.4783708444124,511.64,-99.08,1.044897721332328,100,1,953.74,243.74,0,0,0,0,0,0,0,0,0,0,0,129597.0578113916,30715.09397013206,86052.33963680157,43006.25635327533
1674,830.2363788911949,322.7404665020506,555.41,-99.31999999999999,1.04727675329904,100,1,952.74,242.74,0,0,0,0,0,0,0,0,0,0,0,130454.1619522101,30656.96141836564,80942.81082710302,39929.42242085312
1675,1441.899954501552,586.1044228960632,682.28,-126.36,0.8318115345764543,100,1,1503,403,0,0,0,0,0,0,0,0,0,0,0,206140.3233993733,20370.23042928968,221013.5897875822,23745.86518279184
1676,1443.03080331906,589.7261789764052,687.17,-121.66,0.8325055805839874,100,1,1503,403,0,0,0,0,0,0,0,0,0,0,0,208678.9766737914,20373.71466099423,218523.1370284375,23753.21686943989
1875,1279.674749430716,148.542568567461,409.45,-352.29,1.014758848912805,100,1,1498,398,0,0,0,0,0,0,0,0,0,0,0,66911.59776383138,21063.3492378196,71776.76520785505,33734.41288919275
1677,1280.011321220374,148.6750850712438,409.42,-352.33,1.014839358316038,100,1,1498,398,0,0,0,0,0,0,0,0,0,0,0,66997.6352589153,21052.91399471141,71822.01223554164,33722.81278235379
1877,34.81454635966267,-32.1546490422459,51.88,-38.44,0.5627249708745505,100,1,75,15,0,0,0,0,0,0,0,0,0,0,0,369319.9036157134,2660.603210026394,128267.8005775513,873165.3006357194
1878,34.81920954838435,-32.16784462054517,51.88,-38.44,0.562725007064778,100,1,75,15,0,0,0,0,0,0,0,0,0,0,0,369783.6951879491,2481.958070059307,128263.3062056424,873391.9249766005
1678,65.66291739957289,47.75884078234655,104.12,-61.4,0.9618930433902708,100,1,95,8.5,0,0,0,0,0,0,0,0,0,0,0,333748.9614172389,212217.9302379098,314998.9621851988,137133.148706202
1679,65.66285662082231,47.59371897807252,103.94,-61.58,0.9618287773509023,100,1,95,8.5,0,0,0,0,0,0,0,0,0,0,0,333748.4913105457,212218.101415623,315070.3322127468,137119.2215329048
1680,94.28781805420427,62.54830616443008,86.67,-10.65,0.8079429004610371,100,1,148.2,4.2,0,0,0,0,0,0,0,0,0,0,0,263672.2259827152,172898.3354309035,401312.7606908908,172194.0883142294
1681,576.1992260594911,85.88183935406234,220.22,-59.17,1.061624878024898,100,1,685,180,0,0,0,0,0,0,0,0,0,0,0,161112.311907301,44270.57390005897,155977.121189423,102412.6771827872
1682,527.1394963316029,103.620990046271,330.28,-165.24,1.057448566041834,100,1,610,310,0,0,0,0,0,0,0,0,0,0,0,217143.3083149061,79925.84856671139,100383.8217404245,52311.58942958464
1683,526.9663168893705,78.38737003191383,297.67,-191.83,1.054332903623965,100,1,610,310,0,0,0,0,0,0,0,0,0,0,0,216909.3863624913,79951.40985995201,103645.5612126617,52322.65598160413
1684,583.4186698706529,44.78298855754949,254.82,-293.65,1.047250917768212,100,1,700,205,0,0,0,0,0,0,0,0,0,0,0,152868.5108196396,46183.2467314421,107228.042270117,42967.75297137667
1880,15.18460241486339,2.044362709164862,16.85,-27.03,0.743252064839219,100,1,38,7.6,0,0,0,0,0,0,0,0,0,0,0,288625.8848991754,406336.213941453,314384.9660016578,303774.0988371085
2045,0,0,15.82,-14.18,1,100,0,31,6.2,0,0,0,0,0,0,0,0,0,0,0,0,0,0,0
2081,0,0,15.82,-14.18,1,100,0,31,6.2,0,0,0,0,0,0,0,0,0,0,0,0,0,0,0
1881,30.10379833627895,10.67400026570614,15.6,-13.8,0.8819320256152909,100,1,50,10,0,0,0,0,0,0,0,0,0,0,0,317323.4292926962,324542.9551671947,400963.6466622317,294521.7963479701
1882,30.09868300481686,10.35353433993664,15.2,-14.2,0.8814853281542454,100,1,50,10,0,0,0,0,0,0,0,0,0,0,0,317299.4293709833,324568.0237518772,401625.5762612249,294167.6375960865
1685,30.10465740412675,10.83870161186068,15.81,-13.6,0.8821630120731435,100,1,50,10,0,0,0,0,0,0,0,0,0,0,0,317330.2646354428,324535.8859166318,400603.0690746869,294687.4046708304
1883,30.106050575591,10.83886304288619,15.81,-13.6,0.8821625939030914,100,1,50,10,0,0,0,0,0,0,0,0,0,0,0,317334.5777408101,324531.3278914124,400604.3257295322,294686.7075899481
1884,30.10612863976645,10.83887114777273,15.81,-13.6,0.882162587893135,100,1,50,10,0,0,0,0,0,0,0,0,0,0,0,317334.8243265263,324531.0674339111,400604.3819675095,294686.6758278561
1885,30.10382920181006,10.67400338206469,15.6,-13.8,0.8819320249562591,100,1,50,10,0,0,0,0,0,0,0,0,0,0,0,317323.5272103811,324542.851731295,400963.6675631731,294521.7845074275
1686,577.1073400247969,262.4032777091055,532.91,-90.14,0.863385858214258,100,1,1000,280,0,0,0,0,0,0,0,0,0,0,0,33563.71157772384,72458.19827206737,75791.37647417457,41600.38851576944
1687,577.1344810787161,264.5933646130987,535.45,-87.61,0.8635547731104709,100,1,1000,280,0,0,0,0,0,0,0,0,0,0,0,33560.70084306487,72461.26302031848,75689.2757138185,41620.11796782839
1688,577.5665236762436,281.1491608747788,567.71,-88.3,0.8650678486467925,100,1,1000,280,0,0,0,0,0,0,0,0,0,0,0,33567.35870295053,72384.7077161638,71625.11645490084,39387.99228834742
1689,549.0684603760986,268.1348538479044,559.16,-96.84999999999999,0.8637473364428824,100,1,930,280,0,0,0,0,0,0,0,0,0,0,0,37876.08305526908,78960.32874488454,70218.72008854545,39832.32680982647
1886,10.40798003635919,-47.82804909139209,17.23,-17.46,0.5668911921059844,100,1,57,11.4,0,0,0,0,0,0,0,0,0,0,0,167553.5402886865,667065.1787464742,194105.4609573272,3413459.471522715
1887,10.096393120812,-49.7603343939069,15.45,-19.21,0.5620030996317619,100,1,57,11.4,0,0,0,0,0,0,0,0,0,0,0,166702.8708990131,671219.5144155687,195890.8256431995,3585098.555837561
1888,10.41106439601592,-47.70785032474572,17.35,-17.35,0.5671816823969857,100,1,57,11.4,0,0,0,0,0,0,0,0,0,0,0,167564.794495567,666988.6490330538,194006.8223996434,3411949.763251147
1690,289.2695954950022,18.92800445826714,219.77,-155.72,0.8231737393969176,100,1,451,239,0,0,0,0,0,0,0,0,0,0,0,108079.6117842591,336699.5592012219,84504.78585167754,103801.8484635878
1691,33.66674921010397,19.548431419504,51.25,-10.63,0.8778495930096433,100,1,63,21,0,0,0,0,0,0,0,0,0,0,0,272006.986375978,381149.9748499382,281163.625606664,295484.591106098
1692,363.8794074048748,115.4824763132443,258.1,-182.18,0.7430009362255148,100,1,433.8,248.8,0,0,0,0,0,0,0,0,0,0,0,226831.3044070616,159245.4842682323,150416.6793616915,54506.69966362482
1693,127.1086281075826,45.11926389017849,71.20999999999999,-44.25,0.9772957714737611,100,1,168.17,81.81,0,0,0,0,0,0,0,0,0,0,0,263122.0068014922,256391.7408743736,458906.3228368426,153273.5342219808
1694,127.5430536188481,48.32323106331315,73.34,-37.69,0.9796040187293535,100,1,168.6,82.28,0,0,0,0,0,0,0,0,0,0,0,263090.0632938908,256506.2557106547,459896.3056977948,156522.2813539623
1695,161.2255287236281,76.37895025746148,113.53,-43.7,0.976678107518081,100,1,248.21,53.91,0,0,0,0,0,0,0,0,0,0,0,198604.273680493,163748.4378314617,444600.5689594095,127877.0173535732
1696,150.9771862695978,63.19760233252072,100.92,-59.36,0.9740124744200384,100,1,238.09,43.97,0,0,0,0,0,0,0,0,0,0,0,198143.1516839708,164209.035700011,445440.3107500263,126247.5642774176
1697,698.8587540193291,35.21938776960202,525.14,-88.61,0.8001784129617806,100,1,919.6900000000001,229.69,0,0,0,0,0,0,0,0,0,0,0,72397.5009261402,38555.58797771767,32649.03466816974,201539.0734810414
1698,698.8384901210954,35.21905845196326,525.14,-88.61,0.8001786414422808,100,1,919.6900000000001,229.69,0,0,0,0,0,0,0,0,0,0,0,72392.11184774825,38557.02576218689,32649.02050267673,201539.616627075
1699,706.4345684493917,36.86340178746764,526.77,-86.98999999999999,0.8002833740494809,100,1,926.6900000000001,236.69,0,0,0,0,0,0,0,0,0,0,0,72587.50020192612,38496.9257957586,32642.38959166616,201680.7411974504
1700,722.7062495535549,40.42447688212167,530.29,-83.48,0.8005094500452719,100,1,941.6900000000001,251.69,0,0,0,0,0,0,0,0,0,0,0,73007.97439229197,38369.52228521722,32629.41270480373,201970.4268272359
1701,17.55138332184535,-2.670808033641044,10.32,-9.68,0.9678111123730168,100,1,32,6.4,0,0,0,0,0,0,0,0,0,0,0,344688.0203910926,349298.9478355442,418684.6397661602,317726.0466129885
1702,23.81042473623313,28.11473075653011,19.22,-17.67,0.7864122812787206,100,1,39.88,7.98,0,0,0,0,0,0,0,0,0,0,0,381550.0429018542,271149.2205010577,803845.6053252365,207589.0907651526
1703,23.81146248474137,28.16468795105981,19.34,-17.74,0.7865330335482984,100,1,39.88,7.98,0,0,0,0,0,0,0,0,0,0,0,381563.318751667,271138.9709345759,802989.8237962131,207367.8304356055
1889,23.81055843849304,28.12815967703908,19.24,-17.66,0.7864355381658056,100,1,39.88,7.98,0,0,0,0,0,0,0,0,0,0,0,381551.9980354265,271147.5131789081,803726.3304652801,207580.4425405929
1704,1229.35511297973,262.1421923325192,398.39,-396.86,1.056104346089416,100,1,1380,340,0,0,0,0,0,0,0,0,0,0,0,96596.6602956171,20438.05370383343,181560.2778823949,21719.63977466198
1705,1228.696593637891,236.4934445454248,371.08,-424.16,1.053893336212851,100,1,1380,340,0,0,0,0,0,0,0,0,0,0,0,96266.12879235789,20454.76008772494,183230.2046354522,21708.3859203224
1890,23.79445949388932,28.16395698186036,5.35,-2.57,0.8560777395977133,100,1,24,4.8,0,0,0,0,0,0,0,0,0,0,0,456428.5582860142,300270.1332565643,1023339.336706519,248274.5685008809
1891,23.79766238120149,28.2674401484097,5.48,-2.43,0.8563412327406192,100,1,24,4.8,0,0,0,0,0,0,0,0,0,0,0,456474.5432576258,300252.1270515963,1021869.66186738,248355.6516354203
1892,23.7863363508008,27.88867799334879,5,-2.93,0.8553670055142746,100,1,24,4.8,0,0,0,0,0,0,0,0,0,0,0,456311.5492510708,300315.8571340472,1027324.754698011,248089.0921150707
1706,23.79349775938288,28.11701925189046,5.29,-2.63,0.8559544649577878,100,1,24,4.8,0,0,0,0,0,0,0,0,0,0,0,456414.7639227686,300275.3774115379,1024018.945503295,248245.9492996749
1893,61.71596887495342,37.99474719902083,35.48,-24.52,0.6982852466522947,100,1,65,13,0,0,0,0,0,0,0,0,0,0,0,675016.7062289878,155539.5183087359,501914.5154875256,161329.249959021
1894,39.26707013622691,-0.1557932496403473,19,-25.15,0.6518850648394178,100,1,70,14,0,0,0,0,0,0,0,0,0,0,0,275519.9866525462,308915.4000146556,406270.1642359885,229035.4081043744
1895,37.90773538517287,7.691237672056478,51.66,-38.34,0.659912895801784,100,1,67,13.4,0,0,0,0,0,0,0,0,0,0,0,281214.5181119263,309537.691870036,321850.385630851,185366.6436909283
1896,36.49515363500579,9.847979571211892,53.39,-36.61,0.664098538145236,100,1,67,13.4,0,0,0,0,0,0,0,0,0,0,0,276093.067878763,316994.2372812649,316011.7116036488,192471.2362736634
1897,61.63311542799924,37.70761049719776,36.87,-23.13,0.7048049933187104,100,1,70,14,0,0,0,0,0,0,0,0,0,0,0,584106.5925266406,157771.8622805064,481697.0709814258,166121.9572395374
1707,22.28049727317131,28.42886743606361,10,-4.98,0.8773418978949374,100,1,23.99,4.8,0,0,0,0,0,0,0,0,0,0,0,440694.6505687546,306469.3274331354,893064.2353438196,241513.797045481
1898,22.28337553343586,28.56071025168027,10.17,-4.8,0.8776505364604372,100,1,23.99,4.8,0,0,0,0,0,0,0,0,0,0,0,440730.8656544751,306453.548689383,891517.6216790633,241614.2834820185
1899,22.2854595492782,28.6217428870542,10.25,-4.72,0.8777938410103096,100,1,23.99,4.8,0,0,0,0,0,0,0,0,0,0,0,440756.5031803121,306441.7809998294,890787.4160819328,241653.2315844481
1708,22.15308763451127,25.43638294825615,1.81,1.8,0.8643427553155181,100,1,23.99,4.8,0,0,0,0,0,0,0,0,0,0,0,438816.4210937523,307332.005224573,992963.1967226927,266709.8309433295
1709,22.2831764217866,28.55308590901539,10.16,-4.81,0.8776325525715021,100,1,23.99,4.8,0,0,0,0,0,0,0,0,0,0,0,440728.3781786747,306454.6598573791,891609.1472146318,241609.4107056833
1710,18.21639478583603,14.38181540592169,12.23,-7.55,0.887800572130526,100,1,28.98,5.8,0,0,0,0,0,0,0,0,0,0,0,350528.1716246411,352496.228208506,454873.7631333374,296987.0412157651
1711,18.21359733267592,14.44166794770779,12.31,-7.46,0.8879193747464974,100,1,28.98,5.8,0,0,0,0,0,0,0,0,0,0,0,350502.139887231,352522.7007676698,454636.6723553842,297112.9034867561
1712,1072.280152134956,139.312546493856,615.09,-439.22,1.029022266685445,100,1,1308,288,0,0,0,0,0,0,0,0,0,0,0,58522.45795740061,24193.19497151854,37158.89445860559,29854.78785563847
1713,1072.114836544124,139.1175054627375,614.63,-439.67,1.02965035184317,100,1,1308,288,0,0,0,0,0,0,0,0,0,0,0,58493.1731641985,24197.66192780183,37141.23059766542,29859.24851080095
1900,0,0,10.45,-9.550000000000001,1,100,0,22,4.4,0,0,0,0,0,0,0,0,0,0,0,0,0,0,0
2017,0,0,10.45,-9.550000000000001,1,100,0,22,4.4,0,0,0,0,0,0,0,0,0,0,0,0,0,0,0
1714,259.9661253246878,111.1533277065754,255.9,-84.09999999999999,0.8869188666934368,100,1,458.26,89.26000000000001,0,0,0,0,0,0,0,0,0,0,0,80971.10746862678,112727.3617116096,123058.7300463525,88587.56998954798
1901,22.59721168027703,0.8495410418011045,10.34,-16.91,0.9604758770224872,100,1,36,7.2,0,0,0,0,0,0,0,0,0,0,0,341749.2818285623,339644.2048023116,361375.2673185425,325094.8855272628
1902,22.63164500793809,2.759063569328263,12.9,-14.44,0.9635570844784336,100,1,36,7.2,0,0,0,0,0,0,0,0,0,0,0,341936.5332851399,339462.2007671038,357022.5143300281,328438.1878877699
1715,724.5945884790207,444.8432775063205,524.88,-98.23,0.9617269250550925,100,1,947,237,0,0,0,0,0,0,0,0,0,0,0,77368.15717853706,37637.37137663908,298451.4009804955,30509.06049730116
1716,722.2847879531786,448.3850799654587,528.27,-94.91,0.9627703990109618,100,1,947,267,0,0,0,0,0,0,0,0,0,0,0,76819.3356167309,40239.80786503509,293258.5421402523,30630.39677391273
1717,725.5381962653262,449.5261820431643,529.5,-93.67,0.9596794488045547,100,1,947,237,0,0,0,0,0,0,0,0,0,0,0,77689.50266030649,37571.17189913479,301393.7582841971,30440.54981824988
1718,717.2670781015344,448.7842397511108,528.59,-94.53,0.9623297941996866,100,1,947,237,0,0,0,0,0,0,0,0,0,0,0,74851.73927410672,38263.25034309988,293857.5556421269,30623.56229978119
1719,724.4998975794218,449.2996634823527,529.53,-93.65000000000001,0.9621023407925776,100,1,947,237,0,0,0,0,0,0,0,0,0,0,0,77333.46049640131,37644.8094570709,297850.2052377089,30508.88847608292
1720,715.8561478785639,425.204294655435,504.13,-118.98,0.9613568570210472,100,1,947,237,0,0,0,0,0,0,0,0,0,0,0,74375.73853953969,38381.70588557169,296437.1619771916,30611.67593234803
1721,189.3201590733348,71.3628262930978,104.81,-37.31,0.84369997951827,100,1,240,125,0,0,0,0,0,0,0,0,0,0,0,269198.7909218475,202531.2358752458,438016.6710769549,137984.6837877446
1903,79.8034276594915,8.840927569594498,68.90000000000001,-67.52,0.7417789330651388,100,1,149.53,29.91,0,0,0,0,0,0,0,0,0,0,0,187630.7688240461,282226.155727672,225372.0816940601,199478.9875525096
1904,79.1935923264777,8.832712905697004,69.08,-67.75,0.741800171484323,100,1,148.32,29.66,0,0,0,0,0,0,0,0,0,0,0,188457.855674953,282865.1533117725,225064.8630253002,199182.279997368
1905,79.19454533449766,8.895663062895352,68.95,-67.43000000000001,0.74182916505055,100,1,148.32,29.66,0,0,0,0,0,0,0,0,0,0,0,188459.7718710546,282860.8918342884,225373.6850544483,199532.1911489829
1906,89.57489414429425,5.528236033219339,69.06,-76.42,0.7396547246059358,100,1,169.4,33.88,0,0,0,0,0,0,0,0,0,0,0,174657.6138727355,272588.7145443482,220201.3770922218,191927.8230828127
1907,89.58528083019013,5.507093760580181,69.08,-76.5,0.7396437682172826,100,1,169.4,33.88,0,0,0,0,0,0,0,0,0,0,0,174674.953669589,272546.2734134867,220139.761580741,191852.3229597945
1908,89.58235009875054,5.432969372932836,68.92,-76.48999999999999,0.7395944382108136,100,1,169.4,33.88,0,0,0,0,0,0,0,0,0,0,0,174670.666638927,272556.8740866278,220282.2194011982,191950.6334696373
1909,89.58206973763311,5.3798491931836,68.97,-76.69,0.739567711062954,100,1,169.4,33.88,0,0,0,0,0,0,0,0,0,0,0,174670.2702503357,272557.8088826798,220127.706113502,191762.3099783157
1910,89.58546321928196,5.485843838073752,69.09999999999999,-76.58,0.7396330668670861,100,1,169.4,33.88,0,0,0,0,0,0,0,0,0,0,0,174675.2860381338,272545.4464221745,220078.0011210564,191777.0299364041
1911,89.585749597469,5.50134478083895,69.09999999999999,-76.54000000000001,0.7396416290124306,100,1,169.4,33.88,0,0,0,0,0,0,0,0,0,0,0,174675.7110254761,272544.4067633789,220100.3317074792,191809.0296466001
1912,89.58048219097509,5.171657988947642,68.67,-76.84999999999999,0.739436804784699,100,1,169.4,33.88,0,0,0,0,0,0,0,0,0,0,0,174668.9804221262,272561.1771669818,220295.0373838481,191803.3483427031
1913,89.57907890521342,5.154288785892749,68.69,-76.92,0.7394283031785771,100,1,169.4,33.88,0,0,0,0,0,0,0,0,0,0,0,174666.6567427918,272566.848445412,220238.8112205098,191736.0676306277
1914,79.75786889704811,8.373707365165503,69.43000000000001,-69.36,0.7415445804265459,100,1,149.45,29.89,0,0,0,0,0,0,0,0,0,0,0,187676.6993422879,282278.3561725792,223801.4998361964,197611.9893905214
1722,380.4474825786673,67.14202368762142,272.9,-127.1,1.069616852146587,100,1,456.8,216.8,0,0,0,0,0,0,0,0,0,0,0,236902.6430860928,105708.8823713359,102391.9591795144,75148.30138118476
1723,185.8653991952935,69.13450453736885,159.71,-80.29000000000001,0.9703588882677912,100,1,260,130,0,0,0,0,0,0,0,0,0,0,0,201885.0237739254,239502.9482813977,222060.8763511843,105193.0823930952
1724,433.4317705673031,107.6379404911541,198.66,-190.41,0.9590864333451964,100,1,585,250,0,0,0,0,0,0,0,0,0,0,0,121973.5763174891,92138.93527829385,230495.8864552405,52068.95618090433
1725,443.2752825537235,109.1034398761671,199.31,-189.68,0.9474641438483387,100,1,585,250,0,0,0,0,0,0,0,0,0,0,0,128358.3244379749,89037.89990681229,230794.6825350009,52231.37033181838
1915,85.98851137081451,-6.548646128282649,28.35,-11.37,0.5637562405299387,100,1,57,11.4,0,0,0,0,0,0,0,0,0,0,0,18484377.32508317,1098.760606786042,27435.53734196972,781735.7498445692
1916,85.991357817791,-6.1833629790509,28.04,-11.68,0.5637793482304687,100,1,57,11.4,0,0,0,0,0,0,0,0,0,0,0,18604244.84207983,12203.39798469201,29004.48419787117,713884.6456972398
1917,20.72529470752437,3.288133051785595,17.81,-9.49,1.004379490725203,100,1,31,6.2,0,0,0,0,0,0,0,0,0,0,0,360059.6341170993,337549.0046056663,338552.2348461015,348609.8059936094
1918,20.7310628217945,3.892787103040711,35.33,-24.67,1.005005563322501,100,1,31,6.2,0,0,0,0,0,0,0,0,0,0,0,360077.8956692886,337533.4672784142,285231.6659389965,296829.7109112968
1919,13.57122009040391,23.71360435482762,20.64,-19.15,0.7859094855395481,100,1,19.98,4,0,0,0,0,0,0,0,0,0,0,0,444065.8589763599,283634.7375198417,719700.377015891,203389.9210477455
1920,15.2489451661934,23.57028472831415,20.43,-19.38,0.7855639837182193,100,1,23.98,4.8,0,0,0,0,0,0,0,0,0,0,0,427207.2835706811,281644.8034742795,721396.2387427476,203271.4410351125
1921,15.25411278078729,24.02380432265321,21,-18.66,0.7862925337671477,100,1,23.98,4.8,0,0,0,0,0,0,0,0,0,0,0,427282.1173827213,281589.7007132852,718340.0770690825,203597.9057802389
1922,15.25345483515862,23.80929542047479,20.73,-19,0.7859475470591261,100,1,23.98,4.8,0,0,0,0,0,0,0,0,0,0,0,427264.9929925256,281608.7296933977,719787.9689515871,203444.2965593853
1923,14.71667896217957,23.37615976584372,21.26,-18.37,0.7929957979212113,100,1,23.98,4.8,0,0,0,0,0,0,0,0,0,0,0,419304.0113383371,287759.8229939185,687087.6831272707,206635.3307487266
1924,14.66860365257176,23.37413461434959,21.26,-18.37,0.7919667334386152,100,1,23.98,4.8,0,0,0,0,0,0,0,0,0,0,0,418656.1355174751,288262.755479025,687158.1844279116,206599.0802829338
1926,13.61335463436443,8.807697861773296,6.68,-6.08,0.9638514425413721,100,1,19.5,3.9,0,0,0,0,0,0,0,0,0,0,0,377705.4645669958,357997.3099970402,452158.7014601667,318328.9387045677
1927,0,0,8.27,-7.73,1,100,0,21,4.2,0,0,0,0,0,0,0,0,0,0,0,0,0,0,0
1726,21.78803436885231,9.949279283613443,9.31,-8.35,0.8857440003018271,100,1,35,7,0,0,0,0,0,0,0,0,0,0,0,343137.9670721306,341302.2704426805,432215.3343546187,313686.8730246002
1727,21.78556749496349,9.805988890480284,9.119999999999999,-8.539999999999999,0.8855010830273982,100,1,35,7,0,0,0,0,0,0,0,0,0,0,0,343123.5845476914,341316.4085492009,432667.395075294,313454.0463174292
1728,21.76896343898536,8.827751055705583,10.16,-13.09,0.8844485641478546,100,1,35,7,0,0,0,0,0,0,0,0,0,0,0,343004.4837730391,341434.90834862,423227.9368810592,301079.9883580414
1928,21.78290406089809,9.949518663191347,9.31,-8.35,0.8857576689191142,100,1,35,7,0,0,0,0,0,0,0,0,0,0,0,343080.3528965453,341359.6322393378,432208.85371138,313689.9636735899
1729,138.2129717066868,-23.45250118107376,104.52,-144.76,0.6394490969143,100,1,235,120,0,0,0,0,0,0,0,0,0,0,0,129662.4620317154,645796.7777828687,105843.8494622908,155977.7412290155
1929,29.11587250088532,2.056055911498742,14.7,-5.3,0.947213134502659,100,1,47,9.4,0,0,0,0,0,0,0,0,0,0,0,329099.0107833628,320906.9772433451,385184.0549896955,335669.436979103
1930,29.12010846031503,2.055972925593301,14.7,-5.3,0.9472135098480787,100,1,47,9.4,0,0,0,0,0,0,0,0,0,0,0,329132.5680505493,320874.9846760176,385183.4972827968,335669.8505368552
1931,88.68922636387811,13.06494858684422,47.31,-36.19,0.6425464982396143,100,1,73,14.6,0,0,0,0,0,0,0,0,0,0,0,1439521.534577559,20456.77838383847,135867.2656648304,294538.4374343611
1932,81.26286474564215,19.09952286288632,51.14,-32.55,0.6534545039689256,100,1,69,13.8,0,0,0,0,0,0,0,0,0,0,0,1173178.046585293,8.306989942684595,188481.8870869293,261932.7339424
1933,90.1872864391656,16.53919074953723,47.23,-32.77,0.6476581173469491,100,1,76,15.2,0,0,0,0,0,0,0,0,0,0,0,1339064.530418688,10728.25410360722,163705.2842981757,277170.0568191353
1934,92.46050776923092,13.44889362167039,46.31,-34.94,0.6422231329268037,100,1,77.5,15.5,0,0,0,0,0,0,0,0,0,0,0,1432497.769238304,19599.29744813726,138844.3020317295,293187.0886564201
1935,18.47912704243534,4.130820262416357,13.16,-10.68,0.8586354738879753,100,1,31,6.2,0,0,0,0,0,0,0,0,0,0,0,340401.2328110778,356496.531672838,361721.4237705494,339064.2953241167
1936,18.4794101494251,4.237634268834082,13.31,-10.53,0.8588228496576866,100,1,31,6.2,0,0,0,0,0,0,0,0,0,0,0,340407.8087028081,356489.7223285626,361425.2947204629,339327.1911482285
1937,18.48277374894628,4.351852518320473,13.47,-10.37,0.8590232724591443,100,1,31,6.2,0,0,0,0,0,0,0,0,0,0,0,340421.9328942561,356473.5905939349,361111.2262528507,339606.8913925916
1938,29.2240616740379,-9.912811188587947,28.9,-16.53,0.780554408001636,100,1,50,10,0,0,0,0,0,0,0,0,0,0,0,303379.1123022217,338448.9415121982,235019.0587413393,458021.5213692632
1939,18.35266856275755,-1.322186964405435,18.34,-11.66,0.9490821818134286,100,1,37,7.4,0,0,0,0,0,0,0,0,0,0,0,316482.319878922,365486.9451767456,327399.9583192174,349310.6223326374
1940,18.35618292616991,-1.321928126518557,18.34,-11.66,0.9490803346867869,100,1,37,7.4,0,0,0,0,0,0,0,0,0,0,0,316504.5987151921,365457.0579396193,327401.805714455,349308.6674603407
1941,18.35249272208763,-1.322208921746877,18.34,-11.66,0.9490823359863378,100,1,37,7.4,0,0,0,0,0,0,0,0,0,0,0,316481.1961238785,365488.4530431306,327399.8022934373,349310.7876319755
1942,18.35290050299283,-1.322159412437214,18.34,-11.66,0.9490819881257637,100,1,37,7.4,0,0,0,0,0,0,0,0,0,0,0,316483.8007379124,365484.9581952872,327400.1541634501,349310.4148666933
1730,205.656260976299,111.9909916019603,158.82,-22.05,0.7277264808696584,100,1,250,137,0,0,0,0,0,0,0,0,0,0,0,312678.1105057799,183777.4070279737,326360.4298799735,134314.0459941043
1731,205.413341672489,110.6006595355487,157.29,-23.58,0.7273516390063745,100,1,250,137,0,0,0,0,0,0,0,0,0,0,0,311231.3824580715,184231.5258833716,327111.6005485771,134212.7993262549
1943,13.3017561773091,1.024431650693077,11.15,-8.85,0.9619251692170574,100,1,19,3.8,0,0,0,0,0,0,0,0,0,0,0,383327.6083256616,354814.2860981092,369827.9811515415,347624.533108632
1944,13.30164399013408,0.9824251777521371,11.15,-8.85,0.9606136777533842,100,1,19,3.8,0,0,0,0,0,0,0,0,0,0,0,383280.9480662325,354854.1738588166,369906.8166780425,347599.7695334993
1945,0,0,75.67,-72.59999999999999,1,100,0,115,23,0,0,0,0,0,0,0,0,0,0,0,0,0,0,0
1946,0,0,75.67,-72.59999999999999,1,100,0,115,23,0,0,0,0,0,0,0,0,0,0,0,0,0,0,0
1947,74.12075151626036,0.06766160664398638,34.14,-15.86,0.9442427109432582,100,1,122,24.4,0,0,0,0,0,0,0,0,0,0,0,247944.5299447296,246843.3792345234,287841.9407580034,319428.3100982145
1732,264.5295306185394,56.6133676277388,198.93,-170.35,0.8398365158401604,100,1,419.9,201.9,0,0,0,0,0,0,0,0,0,0,0,110457.6284327735,279530.114841458,116839.571703028,79055.73959676136
1948,32.50677930584123,13.51345053665765,43.47,-23.55,1.00091018578643,100,1,52,10.4,0,0,0,0,0,0,0,0,0,0,0,302896.5205302439,334131.3648571741,260055.5136721596,312070.6974493697
1949,32.50825579463262,13.67696826327732,43.68,-23.34,1.001118714865647,100,1,52,10.4,0,0,0,0,0,0,0,0,0,0,0,302901.3155107402,334126.0903032874,259874.5254495918,312297.3339417808
1733,87.53335163621539,-24.08935041883692,83.81999999999999,-43.79,0.7342622180149522,100,1,185,5,0,0,0,0,0,0,0,0,0,0,0,160664.713189738,216567.1305951786,138798.6589891394,547796.2873473982
1734,87.0420766709215,-24.20652990743862,83.81999999999999,-43.79,0.7353593292566003,100,1,185,5,0,0,0,0,0,0,0,0,0,0,0,160133.573437419,217621.3010104137,138709.5665721667,549572.1943232397
1950,133.7284271657573,-20.50432890328409,163.7,-87.81999999999999,0.9289174904257896,100,1,227,45.4,0,0,0,0,0,0,0,0,0,0,0,170809.9859268068,201628.2734509513,104007.1031404503,195294.6192333846
1951,133.7124344281905,-4.518317215939996,179.99,-71.56999999999999,0.9351594996835493,100,1,227,45.4,0,0,0,0,0,0,0,0,0,0,0,170783.3655866381,201668.2999924956,103680.8481538487,196874.4567226325
1952,133.4507419784177,-25.94059663036873,157.76,-93.8,0.9266597405829782,100,1,227,45.4,0,0,0,0,0,0,0,0,0,0,0,170408.9785381618,202197.9043658556,104409.581729169,193672.9567939356
1953,133.435255332502,-25.6033683230155,158.1,-93.47,0.9267483297791534,100,1,227,45.4,0,0,0,0,0,0,0,0,0,0,0,170382.7562248351,202234.8886186763,104407.0797157047,193671.4744598155
1954,45.39238641033997,30.53649966852379,83.01000000000001,-58.99,0.9283238733525286,100,1,65,13,0,0,0,0,0,0,0,0,0,0,0,329223.731156363,279196.5076396794,270341.032168789,171204.0453763733
1955,45.39114138720771,30.40851824283772,82.84999999999999,-59.15,0.9282152745193463,100,1,65,13,0,0,0,0,0,0,0,0,0,0,0,329216.8867126,279201.3869214918,270458.57238902,171155.1458652155
1735,908.4802736338567,475.645213274016,501.44,-91.78,0.7450844494630606,100,1,950,237,0,0,0,0,0,0,0,0,0,0,0,182789.9795283626,34425.94949471274,757879.8647839972,34617.9591511327
1736,908.7239872583227,479.789223937322,505.62,-87.61,0.7453327607151036,100,1,950,237,0,0,0,0,0,0,0,0,0,0,0,183796.2561670502,34412.01489329145,757460.6845480851,34615.61204598626
1737,35.77122529659545,34.36271797511453,19.48,-19.3,0.8313676152949467,100,1,37.84,7.57,0,0,0,0,0,0,0,0,0,0,0,467191.2302437837,269500.5360869186,954580.2096595949,203195.1807307158
1738,35.77434669112615,34.64482024730364,19.6,-18.32,0.8315942388914572,100,1,37.84,7.57,0,0,0,0,0,0,0,0,0,0,0,467229.4173245417,269489.7595816056,954515.2786750837,204315.0766660034
1739,35.77252041933144,34.3069765571551,19.12,-18.55,0.8309632201512767,100,1,37.85,7.57,0,0,0,0,0,0,0,0,0,0,0,467091.5353533546,269507.5355714099,958424.9875425724,204517.193588202
1740,243.445143413595,-12.09754168342128,175.05,-169.39,0.843464224328612,100,1,316,168,0,0,0,0,0,0,0,0,0,0,0,195821.491795663,215470.7159877037,97149.36455405295,105651.7644060821
1956,149.7407769940325,27.41186561081931,176.23,-97.38,0.8407466537735716,100,1,191,107,0,0,0,0,0,0,0,0,0,0,0,250489.1407373049,271633.9588853139,121100.9324354882,135333.6095284383
1741,230.122960517791,14.85458297546033,158.67,-184.58,0.8303622798952778,100,1,304,156,0,0,0,0,0,0,0,0,0,0,0,191218.182913609,220904.3531751572,115149.0218826711,89353.95991133721
1742,1348.104263605388,-119.1190814965312,674.3200000000001,-130.17,0.6818185620458852,100,1,1360,289,0,0,0,0,0,0,0,0,0,0,0,983621.5209909596,6218.698902216337,21821.73935948766,1836112.799883323
1957,33.75795880150179,-44.3092980187927,22.79,-30.32,0.7111551604289761,100,1,61,12.2,0,0,0,0,0,0,0,0,0,0,0,266430.3036933491,351192.3895067602,170202.5487898133,986132.9005426958
1958,33.79468513489958,-40.14525780460663,27.09,-26.13,0.716557950818494,100,1,61,12.2,0,0,0,0,0,0,0,0,0,0,0,266449.7251055027,351095.1444395401,170243.6833213885,986311.9199633145
1959,33.79732228510046,-39.98688066683606,27.25,-25.97,0.7167629036327836,100,1,61,12.2,0,0,0,0,0,0,0,0,0,0,0,266455.7880995435,351082.1907349875,170249.1392562476,986317.2334158532
1960,-25.29648522642978,-4.272643113412641,22.2,-11.1,0.5636322834776424,100,1,35,7,0,0,0,0,0,0,0,0,0,0,0,954.3652864527328,51004444.43197045,167773.5470594229,525849.6712058401
1743,22.58980323142521,27.08199211808431,19.17,-14.98,0.7903844747783058,100,1,35.95,7.19,0,0,0,0,0,0,0,0,0,0,0,399651.3898066506,271910.4058540008,797051.1585246952,208577.973263284
1744,1163.969538332955,559.6512336352708,644.47,-185.53,0.9838761635830394,100,1,1380,350,0,0,0,0,0,0,0,0,0,0,0,67671.26911119929,22787.70907597039,204500.2184919871,19285.51249164249
1745,1164.772051588498,562.070985750607,646.63,-183.29,0.9836674583163995,100,1,1380,350,0,0,0,0,0,0,0,0,0,0,0,67954.16073875921,22760.40765488655,205320.6336455063,19329.31552842717
1746,1164.2722232823,553.5643545699783,637.86,-181.25,0.9824617851156922,100,1,1380,350,0,0,0,0,0,0,0,0,0,0,0,67773.44593957352,22778.50039163054,206506.871482898,19662.19773183441
1961,1085.824553618907,557.1663358362442,644.28,-185.67,0.9843553012217655,100,1,1290,350,0,0,0,0,0,0,0,0,0,0,0,73592.074696119,25117.80722923109,200889.4639365403,19388.88865549889
1747,33.71548727254599,20.43044057525282,26.57,-21.43,0.7113546080406374,100,1,51,0.8,0,0,0,0,0,0,0,0,0,0,0,441970.8580918813,180257.4175687781,462960.9819296431,229808.4658638867
1748,1187.922440735387,554.9978272957762,637.77,-152.22,0.9640312790110216,100,1,1380,340,0,0,0,0,0,0,0,0,0,0,0,76792.45690061456,22093.77574916429,222076.0087730289,22697.48113351664
1749,1187.900412971386,547.3868782133623,629.9299999999999,-160.06,0.9635530435541925,100,1,1380,340,0,0,0,0,0,0,0,0,0,0,0,76793.04002581138,22094.80576187874,222443.7263332621,22688.74508122333
1750,494.9755337217032,160.6390502210328,232.65,-116.23,0.8898029570725999,100,1,585,175,0,0,0,0,0,0,0,0,0,0,0,192340.763508909,54897.020699648,261357.7772846961,59944.79053738188
1751,494.6371226253698,160.5227896272161,232.65,-116.23,0.8903070920053374,100,1,585,175,0,0,0,0,0,0,0,0,0,0,0,191666.3296289992,54954.37744397849,261047.7581078197,59963.86602587809
1752,313.8498593190936,134.1208975540452,314.58,-33.18,0.8793311038205508,100,1,598,188,0,0,0,0,0,0,0,0,0,0,0,61931.18100978787,136579.5050445812,101725.7467251593,99252.62235897192
1753,497.1176073638056,160.3800310515532,231.39,-116.61,0.8925956968878228,100,1,585,175,0,0,0,0,0,0,0,0,0,0,0,196757.2684203701,54541.58707445553,264658.0145208423,59898.17165943252
1962,26.99339059670426,11.86790878871561,36.03,-23.97,1.070748266416487,100,1,43,8.6,0,0,0,0,0,0,0,0,0,0,0,308484.5000864331,355877.0240547376,258322.648098339,347927.0726033658
1963,26.98461749041105,11.46302730348161,35.49,-24.51,1.070015600285965,100,1,43,8.6,0,0,0,0,0,0,0,0,0,0,0,308458.7768297957,355906.7522157358,258946.4127953638,346892.7248956598
1964,26.98615319912219,11.59143428382058,35.66,-24.34,1.070211442767427,100,1,43,8.6,0,0,0,0,0,0,0,0,0,0,0,308462.819189145,355902.3279762208,258764.9508448287,347167.6082209388
2058,24.05580918233639,7.659261104265494,1,0.9,1.0450314717944,100,1,38,7.6,0,0,0,0,0,0,0,0,0,0,0,316852.2356714397,361535.5513434967,376812.856205728,471911.4036192363
1965,41.55662717414374,19.56070076560282,78.5,-32.88,1.038133460206915,100,1,70,14,0,0,0,0,0,0,0,0,0,0,0,290746.6666205053,302309.0716413822,242225.7081781989,229881.2258988162
1966,46.85479602973557,3.364172913364891,36.79,-27.7,1.024254137470265,100,1,80,16,0,0,0,0,0,0,0,0,0,0,0,277088.0393312425,294522.0639604624,301903.7732722922,271824.0246989239
1754,190.5538508971005,2.43763931158101,117.72,-80.39,0.8170068684356304,100,1,245,85,0,0,0,0,0,0,0,0,0,0,0,244181.4562015637,164651.4309432626,141285.6508707806,227982.6836512916
1755,473.9457675056792,-40.6827013743483,219.39,-168.09,0.8036973980674523,100,1,605,295,0,0,0,0,0,0,0,0,0,0,0,115775.0243670638,107622.1016242298,61600.76606486508,154890.5882591889
1968,37.58369400002003,14.84852378939294,22.28,-19.05,0.9300321715940487,100,1,56,11.2,0,0,0,0,0,0,0,0,0,0,0,328834.3252478266,298882.327472168,410239.9418982057,259404.013720153
1756,0,0,59.63,-30.37,1,100,0,58,11.6,0,0,0,0,0,0,0,0,0,0,0,0,0,0,0
1757,355.4677537169817,150.597245191629,187.44,-1.27,0.8730449115396318,100,1,439.8,230.8,0,0,0,0,0,0,0,0,0,0,0,222391.2047104043,135130.3625256664,534307.4924433322,108069.2677728293
1969,22.72635578748018,-4.754535032122651,20.97,-18.19,0.8098508963660236,100,1,41,8.199999999999999,0,0,0,0,0,0,0,0,0,0,0,307204.3180215892,361829.9587286091,272436.3521119297,389502.1695765357
1758,67.79197432399532,-3.530753892301831,8.16,-16.52,1.06185149045673,100,1,80,16,0,0,0,0,0,0,0,0,0,0,0,475840.5869756581,202744.1669018077,438487.8330954264,289287.6181500853
1759,67.79370805559986,-3.530773465790905,8.16,-16.52,1.061851751045449,100,1,80,16,0,0,0,0,0,0,0,0,0,0,0,475861.7134131569,202740.4360297012,438487.6705553425,289287.6970587799
1760,67.79290586839016,-3.567512527579396,8.119999999999999,-16.56,1.061824425854401,100,1,80,16,0,0,0,0,0,0,0,0,0,0,0,475851.2354416373,202742.3944267061,438519.0700790243,289273.2989647038
1970,-3.969072669499371,-2.682058988750522,19.16,-10.84,0.6655609655416309,100,1,32,6.4,0,0,0,0,0,0,0,0,0,0,0,285.061616026636,276188.8751028736,122592.7342018942,622119.811045318
1971,-3.819046589071423,-4.448179249332975,15.75,-14.25,0.663043473807134,100,1,32,6.4,0,0,0,0,0,0,0,0,0,0,0,3688.383117901421,276158.3645604611,126553.5892284274,587994.6045543065
1972,-3.969489907026639,-2.682027499412235,19.16,-10.84,0.6655609134271403,100,1,32,6.4,0,0,0,0,0,0,0,0,0,0,0,286.1911784618971,276193.9830282429,122593.026790708,622118.9808721853
1973,-3.82430478413169,-4.448278450717857,15.75,-14.25,0.6630437097426113,100,1,32,6.4,0,0,0,0,0,0,0,0,0,0,0,3688.754888298963,276214.7004482489,126552.7327616231,587997.9686723888
1974,141.720789815629,54.1690420408336,110.99,-94.45,0.8166982278200542,100,1,180,36,0,0,0,0,0,0,0,0,0,0,0,391409.4070990732,144798.3089994992,352860.5931331302,111524.0714301018
1975,145.934035911161,50.87690590967768,105.25,-101.33,0.8148826835656798,100,1,180,36,0,0,0,0,0,0,0,0,0,0,0,426259.0366496824,141419.3887295625,371248.7359166382,108939.906185016
1976,141.7166707842053,53.90295791340156,110.69,-94.73999999999999,0.8165610999988533,100,1,180,36,0,0,0,0,0,0,0,0,0,0,0,391375.817473919,144802.1865755211,353056.5880859038,111513.3430714362
1977,141.7300575568197,53.79657388805747,110.67,-94.76000000000001,0.817125789590489,100,1,180,36,0,0,0,0,0,0,0,0,0,0,0,391477.7418051783,144790.7226134822,352461.900382584,111572.9703105133
1761,33.75720793509966,31.93789790809731,11.32,-8.109999999999999,0.8311378166062298,100,1,37.65,7.53,0,0,0,0,0,0,0,0,0,0,0,445183.8572118514,276479.1883276212,1036371.765338741,229430.3887627993
1762,33.75476423876862,31.88268574710816,11.25,-8.16,0.8310397656558191,100,1,37.65,7.53,0,0,0,0,0,0,0,0,0,0,0,445151.3563157869,276491.3398320943,1036906.591044666,229445.2275908471
1978,33.75045035845181,31.77642226886613,11.12,-8.27,0.8308551709002513,100,1,37.64,7.53,0,0,0,0,0,0,0,0,0,0,0,445186.2189952325,276502.3629967977,1037878.992773631,229445.331456373
1763,15.54377740832135,-8.586592685458523,28.98,-21.02,0.9720652734555004,100,1,32,6.4,0,0,0,0,0,0,0,0,0,0,0,317258.6093973913,382064.0688562313,264419.6526549162,356200.7463622735
1764,15.5453977275862,-8.587158853368663,28.98,-21.02,0.9720682804177788,100,1,32,6.4,0,0,0,0,0,0,0,0,0,0,0,317264.8774323442,382054.7070768921,264415.6719384121,356206.3182163638
1765,14.21445695380246,-8.525604340084261,28.98,-21.02,0.9721791671814103,100,1,29,5.8,0,0,0,0,0,0,0,0,0,0,0,324085.8979068374,383756.3012754016,264865.7080153599,355467.8357029834
1766,15.56417411886483,-8.394898166726254,29.14,-20.86,0.972385008536334,100,1,32,6.4,0,0,0,0,0,0,0,0,0,0,0,317507.3467850141,381711.9002375921,264737.6762935297,355704.4205500811
1767,15.55954763830689,-8.505702791457621,28.98,-21.02,0.9722064755106522,100,1,32,6.4,0,0,0,0,0,0,0,0,0,0,0,317465.1074824031,381772.351942675,264923.4176738858,355350.1615958974
1769,24.19618314764588,14.24275347454746,7.16,-12.41,0.8443360775579953,100,1,39.97,1,0,0,0,0,0,0,0,0,0,0,0,332075.3719725254,313081.2482586014,518534.5828103029,275968.6009884923
1770,24.19945922856508,14.44038867683536,7.4,-12.15,0.8446392685974239,100,1,39.97,1,0,0,0,0,0,0,0,0,0,0,0,332090.9280742609,313067.5848935179,517896.9324274675,276192.6257810165
1979,12.88216523690797,-26.73640506464376,10.62,-10.08,0.6637451506622375,100,1,44,8.800000000000001,0,0,0,0,0,0,0,0,0,0,0,248418.7372317724,472527.715028203,221460.772165136,939724.081877934
1980,18.47173411013839,5.055808405009592,18.75,-13.93,0.8627025500362916,100,1,31,6.2,0,0,0,0,0,0,0,0,0,0,0,340229.9726855428,356669.4057225153,342938.8194395989,324220.3792392893
1981,18.46953777659296,4.923190025214021,18.56,-14.12,0.8624758146165631,100,1,31,6.2,0,0,0,0,0,0,0,0,0,0,0,340217.7690288622,356682.9872625326,343291.8435669019,323901.6146033084
1982,0,0,28.28,-21.72,1,100,0,38,7.6,0,0,0,0,0,0,0,0,0,0,0,0,0,0,0
1983,0,0,28.3,-21.7,1,100,0,38,7.6,0,0,0,0,0,0,0,0,0,0,0,0,0,0,0
1984,0,0,28.06,-21.94,1,100,0,38,7.6,0,0,0,0,0,0,0,0,0,0,0,0,0,0,0
1985,0,0,44.37,-31.63,0.9930625,100,0,66,13.2,0,0,0,0,0,0,0,0,0,0,0,0,0,0,0
1986,35.74332915936441,-14.23663645784725,46.94,-33.53,0.5629485281991586,100,1,82,16.4,0,0,0,0,0,0,0,0,0,0,0,54518.78045921549,845023.4964608391,80887.72027153923,711024.3812906935
1987,35.74217125381725,-14.2357358044442,46.94,-33.53,0.5629485356031746,100,1,82,16.4,0,0,0,0,0,0,0,0,0,0,0,54534.43951486999,845034.7759883336,80890.95602056192,710982.715044417
1771,0,0,16.72,-13.28,1,100,0,33,6.6,0,0,0,0,0,0,0,0,0,0,0,0,0,0,0
1988,0,0,16.93,-13.07,1,100,0,33,6.6,0,0,0,0,0,0,0,0,0,0,0,0,0,0,0
1989,38.82878187727463,7.863883851214784,48.96,-31.04,0.7248076841053798,100,1,81,16.2,0,0,0,0,0,0,0,0,0,0,0,236956.6892714543,353059.0931425928,207138.9030597559,308124.3315594012
1990,38.83109002312749,7.711785892147901,48.78,-31.22,0.7246714035372402,100,1,81,16.2,0,0,0,0,0,0,0,0,0,0,0,236965.210734372,353040.0935929231,207199.2979802973,307986.9769748559
1991,38.83156222900819,7.711789103710406,48.78,-31.22,0.7246713895503378,100,1,81,16.2,0,0,0,0,0,0,0,0,0,0,0,236966.7887834492,353036.5645849167,207199.3049125989,307986.9623690821
1992,38.83199305392831,7.711791945570047,48.78,-31.22,0.7246713773792619,100,1,81,16.2,0,0,0,0,0,0,0,0,0,0,0,236968.2285215388,353033.3449917433,207199.3109026369,307986.9495400317
1993,57.34958300781099,-44.62574325887637,26.99,-17.46,0.6720848288830732,100,1,130,26,0,0,0,0,0,0,0,0,0,0,0,149782.6205737284,414846.6197697948,184994.7605404489,2361416.022592346
1994,57.71115515519748,-56.47711235443166,15.21,-29.16,0.6618335711793231,100,1,130,26,0,0,0,0,0,0,0,0,0,0,0,151155.6394774175,410930.0430808552,185454.5726307825,2417747.372096769
1772,731.4783111576027,329.7400239465049,640.85,-149.37,0.798206451837393,100,1,1332,282,0,0,0,0,0,0,0,0,0,0,0,17294.30319642688,55674.83888269987,87307.79124203087,22789.87564513558
1995,731.2931547172996,324.7230412724468,634.52,-155.7,0.7973893216224863,100,1,1332,282,0,0,0,0,0,0,0,0,0,0,0,17304.14395138279,55678.28282950585,87714.75115487733,22797.34278781489
1773,263.6047805253897,149.2717284810721,164.14,14.19,0.7404176257038599,100,1,285,150,0,0,0,0,0,0,0,0,0,0,0,579574.5671659922,138250.0638420525,731877.1543147697,105443.6971999403
1774,478.4690783087718,195.4156084290704,221.3,-146.7,0.7316612406682291,100,1,595,225,0,0,0,0,0,0,0,0,0,0,0,155437.0078903393,72036.50709237446,440550.9779672881,56197.35773690082
1775,422.9975772444408,72.00510655362868,89.22,29.22,0.6675664358192548,100,1,443,127,0,0,0,0,0,0,0,0,0,0,0,644339.10548953,71905.46650473823,422681.556413741,213078.4764438507
1776,423.1687877365856,79.71879112484237,97.27,37.27,0.6684308887082056,100,1,443,127,0,0,0,0,0,0,0,0,0,0,0,647629.9976463568,71891.52051674198,418941.4043086995,214131.867522698
1996,28.0506527716539,4.887255327281375,25.51,-26.68,0.8606701415176065,100,1,50,10,0,0,0,0,0,0,0,0,0,0,0,300672.5740716464,343291.8689635915,324630.6069825334,281367.3453258846
1997,28.05772390569423,5.355470626364098,26.13,-26.05,0.8613177503787441,100,1,50,10,0,0,0,0,0,0,0,0,0,0,0,300700.7154091752,343254.2664531882,323783.3480743663,282044.6125339629
1998,20.11068521260441,3.096829891823408,26.55,-27.76,0.7297283539521673,100,1,49,9.800000000000001,0,0,0,0,0,0,0,0,0,0,0,270089.7397899659,398581.2956004364,274223.3416687047,309811.3313141137
1999,20.11240017813908,3.096843905329826,26.55,-27.76,0.7297283067202709,100,1,49,9.800000000000001,0,0,0,0,0,0,0,0,0,0,0,270097.2043781247,398564.7209126805,274223.3971698108,309811.2624531398
2000,56.7379567258508,-2.81844341407824,50.47,-24.65,0.7955008886914893,100,1,85,17,0,0,0,0,0,0,0,0,0,0,0,284220.2840314769,273423.4400903599,199911.7308627144,402413.2336191668
2018,54.95945586029406,1.333720632947131,45.31,-19.51,0.7982575485404327,100,1,58,55,0,0,0,0,0,0,0,0,0,0,0,368108.4798217781,430306.3194780621,222355.9607628441,384901.1683346437
1777,784.145224036465,320.0410528373242,543.74,-110.4,0.9626068403383278,100,1,953.37,233.37,0,0,0,0,0,0,0,0,0,0,0,89293.37191716621,34298.22941849961,54910.22336435242,69943.10006616167
1778,787.0880951598059,315.0506116694679,540.34,-113.8,0.9630233759514368,100,1,956.37,236.37,0,0,0,0,0,0,0,0,0,0,0,89300.30521490749,34282.33641092987,54788.81828066857,70117.88969028716
2001,30.76088397403462,-3.527893048367929,19.36,-18.2,0.8225428558125499,100,1,49,9.800000000000001,0,0,0,0,0,0,0,0,0,0,0,316174.2505330734,327040.2577177852,286545.2275631099,371096.9518554833
1779,30.74954198726097,-4.207162751252542,18.53,-19.03,0.8216561371510621,100,1,49,9.800000000000001,0,0,0,0,0,0,0,0,0,0,0,316119.0552997512,327099.6342298917,287176.0301659543,370009.3762267681
2002,30.74989211316522,-4.207168184662178,18.53,-19.03,0.821656201516867,100,1,49,9.800000000000001,0,0,0,0,0,0,0,0,0,0,0,316121.1371383307,327097.3916138493,287175.9680447928,370009.4622242689
2003,33.29857714391805,-14.55774866326556,23.11,-16.34,0.7668058256268734,100,1,56,11.2,0,0,0,0,0,0,0,0,0,0,0,294209.1582707798,331650.1414036779,221820.9151630407,535902.5231714502
1780,25.87844382451453,31.16546350356183,8.619999999999999,-1.44,0.8743019395212629,100,1,23.69,4.74,0,0,0,0,0,0,0,0,0,0,0,490342.6931392877,289333.2379345472,1071573.265661886,240322.6094361505
2028,25.88153316054968,31.16207659166651,8.619999999999999,-1.44,0.8743716089735988,100,1,23.69,4.74,0,0,0,0,0,0,0,0,0,0,0,490392.9771473186,289315.0494716646,1071298.174280998,240340.7401849836
1781,25.88317242176788,31.16328366552143,8.619999999999999,-1.44,0.8743492729623082,100,1,23.69,4.74,0,0,0,0,0,0,0,0,0,0,0,490416.9654881944,289306.8382731699,1071393.022058356,240334.5887273578
1782,25.8771323790718,31.10467210509504,8.550000000000001,-1.52,0.8741999373601462,100,1,23.69,4.74,0,0,0,0,0,0,0,0,0,0,0,490322.2290999207,289338.9291392581,1072131.16856416,240288.4198004316
2004,174.3595927490221,-32.63659160562376,86.73999999999999,-73.26000000000001,0.5620268963032188,100,1,161,32.2,0,0,0,0,0,0,0,0,0,0,0,111747483.7885457,3717.534625155026,160551.4882859052,106469.3112202049
2005,174.3595577337868,-32.63574860701036,86.73999999999999,-73.26000000000001,0.5620268957831334,100,1,161,32.2,0,0,0,0,0,0,0,0,0,0,0,111747508.5618914,3757.949559614069,160554.7093422228,106466.7590841214
2006,170.0651810137806,-27.50048437080722,97.81,-62.19,0.5620213859648998,100,1,156,31.2,0,0,0,0,0,0,0,0,0,0,0,109351950.7005139,19082.74542123552,158458.2071452931,75340.66425405764
2007,32.38546664942315,-58.56391574873013,16.51,-31.77,0.5713673077837791,100,1,99,19.8,0,0,0,0,0,0,0,0,0,0,0,120261.8075270074,619834.3095870384,165048.9525894991,3693131.547119487
2008,32.82877075809424,-64.832827688161,10.13,-37.91,0.5622677892653425,100,1,99,19.8,0,0,0,0,0,0,0,0,0,0,0,122591.2103008118,610069.6208999415,164843.4114436643,3833818.137039478
2009,32.35404602108608,-58.04761484754955,17.02,-31.26,0.5721057847609755,100,1,99,19.8,0,0,0,0,0,0,0,0,0,0,0,120095.2108614298,620547.8157821484,165080.463325088,3682443.196935669
1783,555.0177339695209,208.4904220119252,414.21,-99.12,0.8865175201464499,100,1,985,275,0,0,0,0,0,0,0,0,0,0,0,35394.5302235667,75024.30998362789,91697.06818980275,54221.93366564555
1784,556.1078995278401,199.8821884760643,403.28,-110.08,0.8862143810005538,100,1,985,275,0,0,0,0,0,0,0,0,0,0,0,35425.20184178871,74550.5227789137,92080.24711014931,54156.74039642741
1785,560.5539203450061,215.373686720262,416.57,-96.77,0.8873111370433752,100,1,985,275,0,0,0,0,0,0,0,0,0,0,0,35572.78381310167,73674.33488640407,91857.92046908234,54344.58870517476
1786,550.2672751442009,214.0286213228593,416.79,-96.56,0.8878382105139163,100,1,985,275,0,0,0,0,0,0,0,0,0,0,0,35197.77509584732,76276.20177249219,93279.60057161815,53641.99949548331
1787,141.0608427089048,35.00695035410442,83.56,-45.77,0.8071598920181328,100,1,185,72,0,0,0,0,0,0,0,0,0,0,0,285660.2252319409,197498.6475653973,291831.8163893866,169678.102675959
1788,141.0643977084524,35.7688500679763,83.56,-43.87,0.8074056268881553,100,1,185,72,0,0,0,0,0,0,0,0,0,0,0,285675.1383333344,197491.959285886,293155.7497441956,171184.3938784644
1789,145.6233756146906,35.1151514783077,83.56,-43.87,0.8144898424021745,100,1,185,72,0,0,0,0,0,0,0,0,0,0,0,309951.9618661051,188018.3083479122,289502.3841813894,174038.7734047653
1790,187.3526920665896,60.53261586377652,140.78,-68.25,0.7686557666763096,100,1,268,138,0,0,0,0,0,0,0,0,0,0,0,183841.7651972575,269670.6053954873,237865.7916422231,121028.6917107523
1791,187.461399825819,57.61271282818866,135.78,-73.25,0.7657365250282289,100,1,268,138,0,0,0,0,0,0,0,0,0,0,0,184209.8835116003,268915.4952597747,243896.8064153079,119275.4177284057
2010,190.2408482353877,-48.76479974037021,90.44,-49.56,0.562799569850487,100,1,180,36,0,0,0,0,0,0,0,0,0,0,0,170603964.6435659,54720.22680058808,127518.9907129117,55350.91138411337
1792,20.48928899196254,22.98957204025885,12.09,-19.97,0.787031568138881,100,1,34.97,6.99,0,0,0,0,0,0,0,0,0,0,0,378574.0466640358,294155.7116898742,798656.217165462,216549.9763598368
2011,20.48933427516759,22.98955298362115,12.09,-19.97,0.7870315760808096,100,1,34.97,6.99,0,0,0,0,0,0,0,0,0,0,0,378574.9047899629,294155.0896643087,798655.5589903137,216549.9988711879
2012,34.81372006495071,28.56727848922466,12.08,-20,0.8209945586635082,100,1,34.96,6.99,0,0,0,0,0,0,0,0,0,0,0,484589.4290697944,269716.7346931895,971633.6647886623,211539.764696985
1793,70.57248264122198,21.21242816200827,106.95,-73.05,0.6685853489320961,100,1,136,27.2,0,0,0,0,0,0,0,0,0,0,0,197353.2133949959,287176.5665332445,234973.182771972,143559.7103347126
1794,67.18386731856386,20.21610407573264,100.68,-69.31999999999999,0.6678085068456939,100,1,128,25.6,0,0,0,0,0,0,0,0,0,0,0,204751.9595142556,289415.0344399936,243387.8385526116,147569.8593461422
