1,1,23.58,6.64,0,0,1,0.9750909197079605,-10.08716059123423,115,1,1.06,0.93,20.4208355464019,-0.8167365495874657,0,0
2,1,38.48,17.95,0,15.498,1,1.054326800201748,-14.34613863991105,115,1,1.06,0.93,27.18952057451129,-0.03161999734941801,0,0
3,1,13.53,2.57,0,0,1,1.016862738332776,-12.95849234591654,35,1,1.06,0.93,17.33589343978797,-0.650346814644701,0,0
4,1,0,0,0,0,1,0.9468209273886347,-5.638050029153453,115,1,1.06,0.93,22.36933255321341,-0.411109590694787,0,0
5,1,0.5,-1.3,0,0,1,1.049767050756595,-15.14193943988012,13,1,1.06,0.93,27.3400971843865,-0.08492157096870531,0,0
6,1,0,0,0,0,1,1.01615976811571,-13.55612808442615,14,1,1.06,0.93,25.48587575420421,-1.481109864542974e-08,0,0
7,1,10.43,4,0,0,1,1.016608695342413,-12.37465592791571,115,1,1.06,0.93,17.52149867441859,-0.6835729314512535,0,0
8,1,3.25,0.37,0,0,1,1.051985553820463,-14.38558101463065,13,1,1.06,0.93,27.06110911079478,0.0007099740764344466,0,0
9,1,20.1,2.64,0,0,1,0.9960375743326749,-11.94342320124948,35,1,1.06,0.93,18.74610866890779,-0.7529088781455924,0,0
10,1,0,0,0,0,1,1.048990557295637,-15.08249092483325,115,1,1.06,0.93,27.32633586657854,-0.049252195400754,0,0
11,1,0,0,0,0,1,1.043213671750673,-16.04631928593836,115,1,1.06,0.93,24.76880179528349,0.08877807923159364,0,0
12,1,14.94,6.57,0,0,1,1.028448034903527,-12.51760601124419,35,1,1.06,0.93,13.80234007195583,-0.2529151021969644,0,0
13,1,12.4,2.28,0,0,1,1.029445265368284,-12.60228098017903,13,1,1.06,0.93,10.32674254136017,-0.07948621855337888,0,0
15,1,19.93,3.44,0,0,1,1.025095347458748,-13.09030683509194,35,1,1.06,0.93,17.39142366953019,-0.6414873417881864,0,0
16,1,0,0,0,0,1,0.9597156246585962,-5.634299285741733,115,1,1.06,0.93,22.23804057208352,-0.6729739758203276,0,0
17,1,0,0,0,0.0160397150585,1,0.9637916542455037,-6.617193960326683,115,1,1.06,0.93,22.17241422926411,-0.8020688084331637,0,0
18,1,0,0,0,0,1,1.05290999676596,-8.359226769121413,230,1,1.06,0.93,33.73566162178649,-0.001334345340413069,0,0
19,1,0,0,0,0,1,1.053529800124041,-8.161091063250701,230,1,1.06,0.93,33.70732095589198,-0.0004329368217553917,0,0
20,1,13.05,-4.15,0,0,1,0.9468410956481139,-5.729477586250886,13,1,1.06,0.93,22.38784464745302,-0.4169640540844267,0,0
21,1,8.1,-1.09,0,0,1,1.022229779459251,-19.61597701546152,115,1,1.06,0.93,25.81347969480056,0.1693242395739927,0,0
22,1,0,0,0,0,1,1.025828493390612,-12.08898095065865,115,1,1.06,0.93,13.71110993908879,-0.2938515247944194,0,0
23,2,0,0,0,-120.31,1,1.05999999909027,-8.215253697295609,115,1,1.06,0.93,2.537999999075504,7.663421998581692e-09,2545.318494555622,0
24,1,0,0,0,0.00111992645637,1,1.020604004391266,-14.22079855176616,115,1,1.06,0.93,17.44698919182527,-0.7313085374210726,0,0
25,1,0,0,0,0,1,1.01615976811571,-13.55612808442615,14,1,1.06,0.93,25.48587575420421,-1.481109864193388e-08,0,0
27,1,0,0,0,0,1,1.048726687010473,-15.06695931916674,115,1,1.06,0.93,27.32322857530083,-0.0403327936908838,0,0
28,1,37.15,2.96,0,-4.2418108228,1,1.021720991065004,-14.60646316101366,35,1,1.06,0.93,24.03222518906886,0.0406733972196798,0,0
30,1,0,0,0,0,1,1.019152439390384,-13.76521839135271,115,1,1.06,0.93,17.39907552303787,-0.6995968280868144,0,0
31,2,0,0,0,0,1,1.052739097834391,-8.358093641069486,230,1,1.06,0.93,33.73566165271011,6.231969445721784e-08,0,0
32,1,10.7,1.2,0,0,1,1.050259051047888,-14.69603367511457,115,1,1.06,0.93,27.17259499794885,-0.006243144083226255,0,0
33,1,0,0,0,0,1,1.052324946982646,-8.860774259182895,230,1,1.06,0.93,34.98392337543863,-0.07288448824037466,0,0
34,1,14.98,8.24,0,0,1,1.033055576697514,-11.34152101851729,35,1,1.06,0.93,9.675707993359589,0.004151107461065567,0,0
35,1,0,0,0,0,1,1.053530700892789,-8.161094492406038,230,1,1.06,0.93,33.70732095561058,-0.0004369748702539693,0,0
36,1,108.41,-4.52,0,-4.438,1,1.052324946982646,-8.860774259182895,230,1,1.06,0.93,34.98392337570979,-0.07288448552878858,0,0
37,1,-8.369999999999999,-3.33,0,0,1,1.035711319733065,-13.81195703282045,230,1,1.06,0.93,25.50632327208178,-0.0539517879796578,0,0
38,1,0,0,0,0,1,1.049218082925041,-8.422544570095672,230,1,1.06,0.93,33.75191287328055,0.03101099056752464,0,0
39,1,26.61,7.17,0,0,1,1.037959917231051,-6.518431377388763,35,1,1.06,0.93,33.65174946625282,0.06906817047165487,0,0
40,1,0,0,0,0,1,0.9425424011133388,-5.206283413799595,115,1,1.06,0.93,22.29778171475348,-0.3045194518388902,0,0
41,1,0,0,0,0,1,1.02921108612389,-13.84013589198648,230,1,1.06,0.93,23.82231849813024,-0.003867540907417217,0,0
43,2,3.07,0.46,0,0,1,0.9300000020269666,-4.477246437504605,115,1,1.06,0.93,22.28198538874966,-2.67646957801972e-08,0,1142.658680750324
44,1,13.53,2.3,0,0,1,1.05644927919369,-8.673492865498117,115,1,1.06,0.93,3.489986321903869,0.03956691561647091,0,0
45,1,0,0,0,0,1,1.052324946982646,-8.860774259182895,230,1,1.06,0.93,34.98392337543863,-0.07288448824037466,0,0
46,2,0,0,0,0,1,1.034874633695752,-10.78693351273379,230,1,1.06,0.93,21.09000009233192,5.748700218797655e-09,0,0
47,2,10.79,-1.53,0,0,1,0.9300000069903577,-4.261556892002131,115,1,1.06,0.93,22.19347101287067,-8.721555302228326e-09,0,332.2129951514992
49,1,14.98,8.24,0,0,1,1.033055576697514,-11.34152101851729,35,1,1.06,0.93,9.675707993359589,0.004151107461065567,0,0
50,1,0,0,0,0,1,1.052002409809516,-14.41191560914851,115,1,1.06,0.93,27.0670672932835,-0.0007241970930507173,0,0
51,1,7.67,3.08,0,0,1,1.019622842553514,-14.29677955468014,13,1,1.06,0.93,17.45770740768117,-0.726987973178374,0,0
52,2,0,0,0,0,1,1.028337198600573,-13.91220909449473,230,1,1.06,0.93,23.8934490339587,-2.342886293373324e-08,0,0
53,1,10.71,0.5600000000000001,0,0,1,1.042472112759396,-16.24528174704092,115,1,1.06,0.93,24.9836327687553,0.02843211226473946,0,0
54,1,14.66,-1.11,0,-5.72431630412,1,1.03473177789831,-16.34611642900445,35,1,1.06,0.93,25.05379504521903,0.1871940667314507,0,0
55,2,0,0,0,0,1,1.026931061657737,-13.55612808442615,230,1,1.06,0.93,25.48587575584408,-9.435406220273853e-09,0,0
56,1,9.6,5.95,0,0,1,1.030153765879085,-12.34091030498764,35,1,1.06,0.93,13.76947164252934,-0.2573232871240513,0,0
57,1,7.36,-0.28,0,0,1,1.006121445142002,-20.97813925222322,115,1,1.06,0.93,26.49623328998962,0.2621195362462588,0,0
58,1,15.1,10.95,0,34.5917650937,1,1.053750151931963,-15.13748764411743,115,1,1.06,0.93,24.46580897059306,0.01455373739861887,0,0
59,2,13.67,5.4,0,0,1,1.059567493127743,-8.275146134690969,35,1,1.06,0.93,2.540051611751226,2.591331626657603e-09,0,0
60,1,0,0,0,0,1,0.9971540344251795,-11.80851516763139,115,1,1.06,0.93,18.72005360128934,-0.756393462886604,0,0
61,1,3.85,-0.47,0,0,1,1.048645691451426,-15.08785620166139,13,1,1.06,0.93,27.32975390557179,-0.04112699556594147,0,0
62,1,8,-0.28,0,0,1,1.044020187853453,-16.10348365581538,115,1,1.06,0.93,24.91573740165115,0.02495554566193735,0,0
63,1,45.29,0.09,0,0,1,1.036439404379271,-10.31693801277225,230,1,1.06,0.93,21.03153235417163,-0.0003105257335869333,0,0
64,1,13,7.71,0,0,1,1.058821659673215,-8.26720108645458,35,1,1.06,0.93,2.540157212368568,0.001281901861437932,0,0
65,2,1.4,0.61,0,0,1,0.9587170427271976,-4.514353468050234,14,1,1.06,0.93,21.93462055361948,-0.506906813714056,0,0
66,1,0,0,0,0,1,1.05290999676596,-8.359226769121413,230,1,1.06,0.93,33.73566162184577,-0.001334342376308466,0,0
67,1,0,0,0,24.9999281688,1,1.038420169891656,-11.1733127335245,115,1,1.06,0.93,9.623062429512295,-0.02500910116822389,0,0
68,1,7.22,-0.27,0,0,1,1.032162904817326,-17.9965828526505,115,1,1.06,0.93,25.41116143341883,0.1080342340281126,0,0
69,1,0,0,0,0,1,1.053644840583273,-8.127154263334512,230,1,1.06,0.93,33.70333303229379,-0.0003890197311301404,0,0
70,1,5.69,-3.56,0,0,1,0.9301237777608872,-5.489478711902372,35,1,1.06,0.93,22.35775736058369,-0.3416176682351883,0,0
71,2,11.54,-3.59,0,0,1,0.9300000518230008,-2.793685063547846,115,1,1.06,0.93,21.77702164332207,-8.057690320477093e-09,0,45.15041114658208
72,1,8.210000000000001,0.36,0,0,1,1.048753135862444,-15.00474085803142,115,1,1.06,0.93,27.2983919554531,-0.02789622685949769,0,0
73,1,0,0,0,0,1,1.021822599727178,-12.44333995926301,115,1,1.06,0.93,17.24455836345647,-0.6685480465081891,0,0
74,1,10.19,4.89,0,0.00179881396866,1,1.05218743499869,-14.35486264287312,115,1,1.06,0.93,27.05412618366214,-8.875085305527215e-05,0,0
75,1,3.06,-2.48,0,0,1,0.9475865640837267,-5.827275701203722,13,1,1.06,0.93,22.41771029804775,-0.4500535713081375,0,0
76,1,5.48,-0.28,0,0,1,1.045562935706733,-15.95371137635715,115,1,1.06,0.93,24.8452273889684,0.02301042354269127,0,0
77,1,35.95,0.43,0,0,1,1.009737169258051,-14.59578538921881,35,1,1.06,0.93,24.06850713444912,0.004183104979712471,0,0
78,1,21.4,3.53,0,0,1,1.018315183514113,-13.87883233111775,35,1,1.06,0.93,17.4128914766952,-0.6972896932655058,0,0
79,1,0,0,0,0,1,1.036790509886163,-13.86166047441012,230,1,1.06,0.93,25.510738560695,-0.06086913476338288,0,0
80,1,1.38,0.5600000000000001,0,0,1,0.959491456900637,-5.646549909598344,14,1,1.06,0.93,22.24329150487919,-0.6708418465216801,0,0
81,1,46.08,22.08,0,21.502,1,1.029908303849338,-12.53773477730025,115,1,1.06,0.93,10.32209836395654,-0.0803455528897097,0,0
82,1,10.71,0.5600000000000001,0,0,1,1.042428721710735,-16.25081928751815,115,1,1.06,0.93,24.98546060641213,0.02852786156719747,0,0
83,1,0,0,0,0,1,1.034289530526464,-17.75544441795466,115,1,1.06,0.93,25.30684528013749,0.1071431984416177,0,0
84,1,13.29,0.5600000000000001,0,0,1,1.031342738268817,-18.08242020902138,115,1,1.06,0.93,25.44898511673196,0.1095031907273967,0,0
85,1,20.98,3.93,0,0,1,1.006040653034947,-20.9895701160416,115,1,1.06,0.93,26.49853902710382,0.2625519258722954,0,0
86,2,0,0,0,0,1,1.059335803551172,-6.096129633075202,230,1,1.06,0.93,33.40273763204685,1.203798447438089e-09,0,0
87,1,0,0,0,0,1,1.029232775054807,-13.90503129583982,230,1,1.06,0.93,23.89243915428291,-0.004117523472273199,0,0
88,1,-0.27,0.01,0,-1.541560956,1,0.9458934699278775,-5.591294282060667,35,1,1.06,0.93,22.3647366495639,-0.3841418092932291,0,0
89,1,30,0.02,0,0,1,1.040849376757552,-8.764634159823219,35,1,1.06,0.93,33.89240194594345,0.001840694536555577,0,0
90,2,0,0,0,0,1,1.036710691394788,-10.1889606261279,230,1,1.06,0.93,21.0182357261171,-7.93764397380078e-10,0,0
91,1,0,0,0,0,1,1.035063599835021,-17.63366437035269,115,1,1.06,0.93,25.26837833145316,0.1068406776329033,0,0
92,1,4.65,-0.28,0,0,1,1.043874451261036,-16.00071434138992,115,1,1.06,0.93,24.75275451778291,0.0830930225576591,0,0
93,2,0,0,0,0,1,0.9625441724764502,-6.505051718431246,115,1,1.06,0.93,22.4111061118217,-0.7800183822527238,0,0
94,1,3.33,2.58,0,11.8045729003,1,1.021557937746829,-14.14352054240266,115,1,1.06,0.93,17.43661698486639,-0.7353019190634439,0,0
95,1,0,0,0,0,1,1.026613156808136,-23.28485289787175,345,2,1.06,0.93,45.08237754307768,1.687291031747165,0,0
96,1,34,40.42,0,0,1,1.026511717945109,-23.29604444582732,345,2,1.06,0.93,45.08121153666518,1.68614973911925,0,0
97,1,28.89,25.99,0,0,1,1.02554925894669,-24.07937815400791,345,2,1.06,0.93,45.97427132311253,1.382761483302539,0,0
98,1,0,0,0,-24.285,1,1.025605507543145,-24.0799469020549,345,2,1.06,0.93,45.99361970934459,1.383347492635803,0,0
99,1,10.74,18.49,0,0,1,1.028275640995019,-23.63514108551543,345,2,1.06,0.93,45.29487664682873,1.334381158279012,0,0
100,1,12.27,21.57,0,4.571,1,1.028230363403067,-23.65725538900126,345,2,1.06,0.93,45.30334995063693,1.331505811568624,0,0
101,1,157.68,20.12,0,0,1,1.043354074555093,-25.89417865053226,345,2,1.06,0.93,45.4557275573409,0.9786694602076653,0,0
102,1,1.16,-45.89,0,-43.607,1,1.046444721880885,-25.59016462771852,345,2,1.06,0.93,45.39964067653897,0.9484245517180322,0,0
103,1,0,0,0,0,1,1.059999999765459,-22.82485190725377,138,2,1.06,0.93,47.78918150305342,-4.29928660348638,9909.340746636437,0
104,1,0,0,0,0,1,1.056553261015072,-4.712967803126529,138,2,1.06,0.93,40.50445509103658,0.0883877254444121,0,0
105,2,6.57,1.62,0,0,1,1.057388770078984,-4.820583668874006,138,2,1.06,0.93,40.53430692433898,0.09788091152372395,0,0
106,1,8.41,2.36,0,0,1,1.036806307348622,-16.3257462343063,138,2,1.06,0.93,38.4316666917227,-0.5877645405916723,0,0
107,1,0,0,0,0,1,1.036820717526692,-16.33360732398986,138,2,1.06,0.93,38.50596508850412,-0.5784283868728589,0,0
108,1,10.03,-13.96,0,0,1,1.049647617722401,-2.353416595816513,138,2,1.06,0.93,39.18401414705427,0.2534717116287669,0,0
109,1,12.63,2.22,0,0,1,1.04439567666991,-23.36515900923758,138,2,1.06,0.93,59.5762969677569,2.018661268897329,0,0
110,1,2.87,0.82,0,0,1,1.037089602732237,-16.27351125990069,138,2,1.06,0.93,38.04916503960357,-0.4905135657612224,0,0
111,1,5.12,1.46,0,0,1,1.037082854839888,-16.28004478463145,138,2,1.06,0.93,38.09919826761725,-0.4835893011654719,0,0
112,1,20.75,5.17,0,0,1,1.038569518485035,-17.38670221584383,138,2,1.06,0.93,24.28523586496527,0.04486555545900933,0,0
113,1,0,0,0,0,1,1.038569518485035,-17.38670221584383,138,2,1.06,0.93,24.2852358648982,0.04486555476324387,0,0
114,1,0,0,0,0,1,1.038736196350053,-17.37151714677654,138,2,1.06,0.93,24.28053908968335,0.04381061518300245,0,0
115,1,7.38,1.78,0,0,1,1.044739219956693,-23.07784867743394,138,2,1.06,0.93,69.72876963992967,1.970861319776805,0,0
116,1,36.23,21.67,0,0,1,1.049734136399854,-21.7012152824057,138,2,1.06,0.93,39.74599193775275,0.6637320446942993,0,0
117,1,0,0,0,0,1,1.049657496686102,-21.76652431669684,138,2,1.06,0.93,39.56120225198438,0.6206112089524737,0,0
118,1,8.380000000000001,2.37,0,0,1,1.053214851338931,-23.09111588630824,138,2,1.06,0.93,52.92561919877205,0.6918973525255955,0,0
119,1,0,0,0,0,1,1.05340698555347,-23.07439314534471,138,2,1.06,0.93,52.9152655033507,0.6890047671351291,0,0
120,1,14.76,3.23,0,0,1,1.043807890364108,-23.34877321872086,138,2,1.06,0.93,62.725639557873,2.017441474088342,0,0
121,1,0,0,0,0,1,1.048089398799556,-23.26183801181916,138,2,1.06,0.93,56.61978777332779,1.397721362454129,0,0
122,1,0,0,0,0,1,1.048126095289928,-23.25775446723692,138,2,1.06,0.93,56.61043378078044,1.394747997649413,0,0
123,1,0,0,0,0,1,1.048126343171806,-23.2577586269115,138,2,1.06,0.93,56.61043398218824,1.394739774181456,0,0
124,1,0,0,0,0,1,1.048089626601834,-23.26184198241754,138,2,1.06,0.93,56.61978796594621,1.397713511465988,0,0
125,1,0,0,0,0,1,1.044472634695206,-23.35742805998508,138,2,1.06,0.93,59.57006239284294,2.017529134587663,0,0
126,1,0,0,0,0,1,1.044745807494991,-23.0779584195972,138,2,1.06,0.93,69.72877718495587,1.9705941938699,0,0
127,1,0,0,0,0,1,1.037426019385901,-15.7673261731687,138,2,1.06,0.93,38.14204525988382,-0.3653611426000737,0,0
128,1,1.53,0.39,0,0,1,1.037317148128483,-15.74492638783101,138,2,1.06,0.93,38.20389323290039,-0.3514506789903178,0,0
129,1,6.89,3.19,0,0,1,1.048443197102059,-11.24136134704353,138,2,1.06,0.93,47.85931726573727,0.2726263258615116,0,0
130,1,0,0,0,0,1,1.048677241032267,-11.23536096896288,138,2,1.06,0.93,47.84536815563494,0.2662305383870371,0,0
131,1,122.75,40.05,0,0,1,1.038386821963184,-17.41285052655542,138,2,1.06,0.93,24.2850285582284,0.045278854890513,0,0
132,1,8.02,1.86,0,0,1,1.049514902520832,-21.72025218005249,138,2,1.06,0.93,39.75654445487811,0.6661379392632856,0,0
133,1,2.95,0.62,0,-1.321,1,1.029842784372594,-21.51732195884023,138,2,1.06,0.93,34.50287666048641,0.5037333757983897,0,0
134,2,81.31999999999999,25.7,0,0,1,1.042067235020411,-17.15893673075474,138,2,1.06,0.93,19.47000002344434,1.148176876738052e-08,0,0
135,1,9.210000000000001,2.19,0,0,1,1.043897336987518,-23.41167490982447,138,2,1.06,0.93,59.6116585156488,2.027227726704791,0,0
136,1,4.27,0.92,0,0,1,1.048041826615252,-23.26687260805815,138,2,1.06,0.93,56.62295440999051,1.398392276454897,0,0
137,1,39.04,-9.16,0,-13.204,1,1.059398573456172,-9.040549877842077,138,2,1.06,0.93,53.29742849349959,1.11164405217304,0,0
138,1,0.66,0.1,0,0,1,1.055476989946357,-8.899611613461916,138,2,1.06,0.93,42.91282957065282,0.04677574258923052,0,0
139,1,0,0,0,0,1,1.055479422447215,-8.899488562812374,138,2,1.06,0.93,42.91266154600279,0.0467515603975771,0,0
140,1,4.27,1.7,0,0,1,1.03788249961831,-16.15317793829649,138,2,1.06,0.93,37.18306123109377,-0.408868264335735,0,0
141,1,8.949999999999999,0.6899999999999999,0,0,1,1.039740024807125,-15.80287800237792,138,2,1.06,0.93,39.46367277873873,-0.7347872952126339,0,0
142,1,12.46,2.83,0,0,1,1.056202066161998,-20.5715230335211,138,2,1.06,0.93,46.21618403184123,0.8124162455379808,0,0
143,1,0.64,1.25,0,1.197,1,1.056304200145567,-20.53434663617125,138,2,1.06,0.93,46.3790732276256,0.8560319868407916,0,0
144,1,0,0,0,0,1,1.044471541654648,-23.35740961072477,138,2,1.06,0.93,59.57006109527524,2.017567503423641,0,0
145,1,79.54000000000001,16.97,0,16.36,1,1.047192297119897,-22.64092045845964,138,2,1.06,0.93,34.27781510009228,0.7711203717861682,0,0
146,1,2.45,0.41,0,0,1,1.033261059573597,-17.03782115882878,138,2,1.06,0.93,39.82482134306195,-0.6559861910855048,0,0
147,1,1.64,0.5,0,0,1,1.033243189059815,-17.05443489120436,138,2,1.06,0.93,39.82667284843858,-0.6559262023347336,0,0
148,1,10.02,2.87,0,0,1,1.050831484546888,-21.78794432158296,138,2,1.06,0.93,95.24126135012455,3.005627933342697,0,0
149,1,9.23,-8.41,0,-8.090999999999999,1,1.051480360250679,-21.74967066603397,138,2,1.06,0.93,95.16091768327115,2.982919102370991,0,0
150,1,7.38,1.55,0,0,1,1.044611955998226,-23.08573332684526,138,2,1.06,0.93,69.74183708905933,1.973586415773283,0,0
151,2,29.01,31.03,0,0,1,1.045120961976208,-12.23477520470848,138,2,1.06,0.93,44.99174498319082,6.193498511941949e-08,0,0
152,2,10.74,14.38,0,0,1,1.059872387992197,-22.82297824720617,138,2,1.06,0.93,48.95614721378951,4.634654031019646e-08,0,0
153,1,13.95,3.14,0,0,1,1.051989608603359,-21.25718420872848,138,2,1.06,0.93,42.63700528775654,0.6905131847574469,0,0
154,1,0,0,0,0,1,1.052051614879034,-21.2253736522068,138,2,1.06,0.93,42.80239699203401,0.7305528509425956,0,0
155,1,0,0,0,0,1,1.037017341842807,-16.39939197345063,138,2,1.06,0.93,39.52847031183505,-0.6551664896330187,0,0
156,1,0,0,0,40.892,1,1.037107165595937,-16.37925469917515,138,2,1.06,0.93,39.5996029747309,-0.6463532895365381,0,0
157,1,4.51,1.28,0,0,1,1.041967478205339,-16.04831826880843,138,2,1.06,0.93,33.89496274941956,-0.2003251395420601,0,0
158,1,0,0,0,0,1,1.042131304777955,-16.03641214330731,138,2,1.06,0.93,33.88877817582092,-0.2020365190825953,0,0
159,2,22.33,0.5600000000000001,0,0,1,1.047836207204284,-14.67512875427088,138,2,1.06,0.93,2.984450696084587,8.926841785576569e-08,0,0
160,1,17.23,2.73,0,0,1,1.047791566003566,-14.7056932156015,138,2,1.06,0.93,2.63705822144177,-0.06145099171166213,0,0
161,1,9.789999999999999,2.85,0,0,1,1.050215677642474,-23.21778862339831,138,2,1.06,0.93,54.74132521476761,1.035522019767849,0,0
162,1,12.75,3.78,0,0,1,1.050002668185724,-23.22806799307379,138,2,1.06,0.93,54.90133080136035,1.090112401004895,0,0
163,1,1.3,0.08,0,0,1,1.041221609194161,-15.52328677328874,138,2,1.06,0.93,49.45517047994943,-2.222940041224981,0,0
164,1,0,0,0,0,1,1.041241726699986,-15.52845479109447,138,2,1.06,0.93,49.27916854401523,-2.283503641652878,0,0
165,1,1.01,0.4,0,0,1,1.036902624957369,-16.40898659573481,138,2,1.06,0.93,39.53288439315529,-0.6539526819296678,0,0
166,1,0.8100000000000001,0.32,0,0,1,1.037020452843173,-16.38695963300508,138,2,1.06,0.93,39.60310392808661,-0.6454941599176617,0,0
167,1,0,0,0,0,1,1.042876001022257,-21.77586583871385,138,2,1.06,0.93,38.11130011412427,0.5937682975441185,0,0
168,1,15.91,3.55,0,0,1,1.043168601119771,-21.77789415505231,138,2,1.06,0.93,38.1838906345404,0.616102272268047,0,0
169,1,3.94,0.95,0,0,1,1.051065140484118,-3.058266424791327,138,2,1.06,0.93,39.59082574987626,0.2115306746359101,0,0
170,1,0,0,0,0,1,1.051211860937438,-3.04517735475244,138,2,1.06,0.93,39.58419856528713,0.2099970888768572,0,0
171,1,8.210000000000001,0.78,0,0,1,1.04127755283594,-15.47864619996809,138,2,1.06,0.93,50.86009244895618,-2.096134069054241,0,0
172,1,0,0,0,0,1,1.041264566364205,-15.49269385305023,138,2,1.06,0.93,50.68451569145977,-2.111847400564285,0,0
173,1,11.14,2.78,0,0,1,1.051091610423568,-10.53738531697645,138,2,1.06,0.93,50.01507125146723,0.5468336443015438,0,0
174,1,0,0,0,0,1,1.052172252005945,-10.44502007906156,138,2,1.06,0.93,49.95240823504982,0.5317838181038791,0,0
175,1,4.59,1.17,0,0,1,1.047292543298614,-22.48726238149206,138,2,1.06,0.93,82.47042608708624,2.315118995567484,0,0
176,1,9.85,2.34,0,0,1,1.047318677289124,-22.46178043524142,138,2,1.06,0.93,82.96252063134379,2.437194206150237,0,0
177,1,0,0,0,0,1,1.04439366705139,-23.16800386643171,138,2,1.06,0.93,67.54496544605406,1.993550388900417,0,0
178,1,0,0,0,0,1,1.044392773677091,-23.16798717042728,138,2,1.06,0.93,67.54496428572791,1.99358975869079,0,0
179,2,9.19,2.12,0,0,1,1.05999973154185,-7.675260020158957,138,2,1.06,0.93,42.17098964680763,1.444961516653141e-07,23.44533329536525,0
180,1,0,0,0,0,1,1.059463586846016,-7.573063281459352,138,2,1.06,0.93,42.14188366081205,-0.008110910287653688,0,0
181,1,6.97,1.94,0,0,1,1.037230336435393,-14.83384879825497,138,2,1.06,0.93,40.34629658675922,-0.2767005055461296,0,0
182,1,6.57,1.84,0,0,1,1.037311824673286,-14.85984367216124,138,2,1.06,0.93,40.28493824331573,-0.2923676144324754,0,0
183,1,0,0,0,0,1,1.040444642458909,-13.53128728073019,138,2,1.06,0.93,42.73126599309499,-0.1439419405865029,0,0
184,1,5.58,1.26,0,0,1,1.052364650183773,-22.12308962799143,138,2,1.06,0.93,42.83035125873173,0.4874095283216993,0,0
185,1,6.55,1.59,0,0,1,1.052178647260553,-22.17508366142452,138,2,1.06,0.93,42.71283916912661,0.4590945793000548,0,0
186,1,0,0,0,0,1,1.052742683551534,-22.10084126188642,138,2,1.06,0.93,42.80743851031423,0.4824254076041455,0,0
187,1,0,0,0,0,1,1.052632532412701,-22.14928261684998,138,2,1.06,0.93,42.68603892540332,0.4527746184796982,0,0
188,1,1.15,0.38,0,0,1,1.042905267140404,-12.81721313570096,138,2,1.06,0.93,44.00247206336698,-0.08153370888961842,0,0
189,1,1.96,0.6,0,0,1,1.042861439109203,-12.78775134041034,138,2,1.06,0.93,44.06250287009041,-0.06199650719827898,0,0
190,2,0,0,0,0,1,1.047774250012197,-16.35207885497853,138,2,1.06,0.93,24.14709847052959,2.701855722676472e-08,0,0
191,1,7.06,1.78,0,0,1,1.044280442933263,-23.32863576381035,138,2,1.06,0.93,61.29366666026859,2.077571456613543,0,0
192,1,0,0,0,0,1,1.044337988720717,-23.32390816042629,138,2,1.06,0.93,61.28932206820296,2.076480952475196,0,0
193,1,7.06,1.67,0,0,1,1.044083123437594,-23.39415109563561,138,2,1.06,0.93,59.59840067438911,2.024071546168345,0,0
194,1,18.7,4.07,0,0,1,1.059507689922578,-19.59927244648457,138,2,1.06,0.93,35.24160991174605,0.5678006453541178,0,0
195,1,27.12,5.79,0,5.562,1,1.059726783988258,-19.57876047310674,138,2,1.06,0.93,35.23248679175134,0.5658185036418747,0,0
196,1,0,0,0,0,1,1.047782246893075,-16.35221100297298,138,2,1.06,0.93,24.14709846421858,-0.0001113797515042961,0,0
197,1,0,0,0,0,1,1.048126567418528,-23.25776307020209,138,2,1.06,0.93,56.61043419809172,1.394730992913606,0,0
198,1,5.91,1.42,0,0,1,1.043879398514228,-23.30206634674838,138,2,1.06,0.93,64.30559047765351,2.010839679513373,0,0
199,1,0,0,0,0,1,1.043886646356294,-23.30150453828501,138,2,1.06,0.93,64.30498881980567,2.010695216381991,0,0
200,1,8.15,1.52,0,0,1,1.036754224484282,-16.40032790483531,138,2,1.06,0.93,39.22690159344764,-0.6365446617671879,0,0
201,1,11.39,2.06,0,0,1,1.036793613082831,-16.4032074225447,138,2,1.06,0.93,39.30063764627903,-0.6274918246138321,0,0
202,1,3.3,0.57,0,0,1,1.036785127442764,-16.3635564192264,138,2,1.06,0.93,38.79683533687121,-0.5909647820452316,0,0
203,1,0,0,0,0,1,1.03677090107643,-16.35569684912797,138,2,1.06,0.93,38.72253523908854,-0.6002245395049804,0,0
204,1,18.14,4.79,0,0,1,1.036904379130262,-16.32540487631798,138,2,1.06,0.93,39.60480393869109,-0.6545844635279039,0,0
205,1,17.2,4.97,0,0,1,1.03686162905844,-16.30657181021152,138,2,1.06,0.93,39.60938567316271,-0.6571926332246051,0,0
206,1,6.34,1.75,0,0,1,1.036860142214948,-16.37634578972865,138,2,1.06,0.93,39.26608223113739,-0.5978154544770984,0,0
207,1,3.94,1.07,0,0,1,1.036841502736962,-16.3737214560237,138,2,1.06,0.93,39.21648848539783,-0.604458372970654,0,0
208,1,35.3,-1.73,0,0,1,1.027625132979926,-18.10737412545639,138,2,1.06,0.93,40.31441394834141,-0.676432290920795,0,0
209,1,0.8100000000000001,0.31,0,0,1,1.052711036915659,-21.12765466051223,138,2,1.06,0.93,43.31894499615208,0.7227178059053629,0,0
210,1,0,0,0,0,1,1.052711036915659,-21.12765466051223,138,2,1.06,0.93,43.31894499592366,0.7227178035355541,0,0
211,1,0,0,0,0,1,1.052711625872327,-21.12757090390989,138,2,1.06,0.93,43.31894288196587,0.7227169979109107,0,0
212,1,0,0,0,0,1,1.035601630829497,-5.424203315759616,345,3,1.06,0.93,4.679387579957808,0.6696554882409096,0,0
213,1,73.29000000000001,17.07,0,0,1,1.057786667760291,-0.3374817496681891,345,3,1.06,0.93,5.30225411096627,0.001893340857373943,0,0
214,1,418.94,22.77,0,0,1,1.014651431696429,-10.63269184381128,345,3,1.06,0.93,8.016063672237388,0.528998170801271,0,0
215,1,0,0,0,0,1,1.014576821488154,-10.64592238341137,345,3,1.06,0.93,8.003634027822088,0.530155496627377,0,0
216,1,118.75,46.27,0,0,1,1.029022613249374,-8.16089359355246,345,3,1.06,0.93,9.242926424487642,0.4681727075256062,0,0
217,1,0,0,0,0,1,1.029232862422095,-8.147721984031001,345,3,1.06,0.93,9.200472154544439,0.4673458325720886,0,0
218,1,0,0,0,0,1,1.033196360672982,-5.870166261007568,345,3,1.06,0.93,7.034741797842231,0.2788296198791316,0,0
219,1,0,0,0,0,1,1.033043227518045,-5.904059819879417,345,3,1.06,0.93,7.040360976415511,0.2810476280967273,0,0
220,1,659.88,-1.01,0,-1.094,1,1.058976041822484,-9.181228844600541,500,3,1.06,0.93,12.40343069371813,0.1374005110980928,0,0
221,1,49.35,53.48,0,0,1,1.038836833053038,-5.258101446628646,345,3,1.06,0.93,4.525177537721205,0.677191627362134,0,0
222,2,71.13,94.56,0,0,1,1.05999999945831,-0.01411437251391859,345,3,1.06,0.93,5.293924731613658,3.476167240935694e-09,4289.776681610624,0
223,3,92.06,123.25,0,0,1,1.059999999929953,0,500,3,1.06,0.93,0.9391000065999785,1.221795260190817e-09,33179.92235031763,0
224,2,1633.46,292.45,0,0,1,1.059886780914294,-0.1723274165259247,500,3,1.06,0.93,3.637000000578607,5.364817866469797e-09,0,0
225,1,573.92,86.87,0,0,1,1.029794325641578,-4.096516401590262,500,3,1.06,0.93,-4.028011336915776,-0.5456805012277141,0,0
226,1,109.41,60.34,0,0,1,1.003973663192681,-13.35337656382537,345,3,1.06,0.93,8.197333544297345,0.5425555835109648,0,0
227,1,69.90000000000001,-55.81,0,0,1,1.004076452801095,-13.36235413094869,345,3,1.06,0.93,8.197718886835226,0.5422480147189513,0,0
228,1,39.85,-2.77,0,0,1,1.029093471361491,-4.551234811988091,345,3,1.06,0.93,1.332057490985895,-0.04220698304597671,0,0
229,1,21.55,26.23,0,0,1,1.029035753487659,-4.553399498652409,345,3,1.06,0.93,1.332064727178484,-0.04219817478863085,0,0
230,1,0,0,0,0,1,1.032096450077467,-4.239921695002659,345,3,1.06,0.93,1.330450183246509,-0.04280286169510919,0,0
231,1,230.3,57.11,0,0,1,1.032094721781183,-4.239270380571122,345,3,1.06,0.93,1.333278488657872,-0.04424349050136111,0,0
232,1,0,0,0,0,1,1.023340071986291,-2.983736086779264,500,3,1.06,0.93,-0.1759266507981732,-0.348532562932182,0,0
233,2,0,0,0,0,1,1.023268891582781,-2.95264779804675,500,3,1.06,0.93,-0.1150255994671082,-0.3427524338534844,0,0
234,1,11.41,39.44,0,0,1,1.021318998696751,-4.337856605821907,345,3,1.06,0.93,1.331315950994613,-0.03999929787093826,0,0
235,1,75.98999999999999,41.5,0,0,1,1.043844817651803,-7.262624284843616,500,3,1.06,0.93,9.129562296484997,1.569184457327397,0,0
236,2,488.68,7.4,0,0,1,1.059999996904557,-8.393520902370483,345,3,1.06,0.93,9.115064837284086,5.757053219248199e-09,750.8904783644558,0
237,1,5.91,1.03,0,0,1,1.027946212120395,-6.843832114765394,138,3,1.06,0.93,5.461065484808754,0.6950630060853463,0,0
238,1,3.48,1.14,0,0,1,1.012374522142461,-15.82978970272616,138,3,1.06,0.93,8.145224503085132,0.5570347773770931,0,0
239,1,2.42,0.41,0,0,1,1.028656287991649,-6.739305891326162,138,3,1.06,0.93,5.452368573494215,0.6941619367048487,0,0
240,1,6.81,1.13,0,0,1,1.028631458671231,-6.746042923082368,138,3,1.06,0.93,5.452659487303794,0.6942042039949295,0,0
241,1,12.58,0.12,0,0,1,1.03797329221236,-17.59264368434939,138,3,1.06,0.93,22.24909894886949,0.8557978489268128,0,0
242,1,21.31,7.97,0,0,1,1.018434868338558,-4.187887213662657,138,3,1.06,0.93,4.819583053363683,0.5357211799326881,0,0
243,1,29.95,11.53,0,0,1,1.018352676401466,-4.241293130743845,138,3,1.06,0.93,4.827702433299029,0.5387318616661356,0,0
244,1,0,0,0,0,1,1.034987265022293,-0.2353660425895295,138,3,1.06,0.93,4.253982673598721,0.3157868238610437,0,0
245,1,122.71,9.44,0,0,1,1.034816222945901,-0.2894477348428335,138,3,1.06,0.93,4.255363459680722,0.3158943574102225,0,0
246,2,30.69,41.08,0,0,1,1.059999996686172,7.688678525613156,24,3,1.06,0.93,3.857966076653174,5.163526325536399e-09,701.051068210797,0
247,1,31.35,21.18,0,0,1,1.025407008288841,-6.248882330264109,138,3,1.06,0.93,5.32496612672326,0.6749484656015682,0,0
248,1,56,12.34,0,0,1,1.03419236367198,-0.3884596336865176,138,3,1.06,0.93,4.261036753341324,0.3162227853905309,0,0
249,1,127.47,11.13,0,0,1,1.01329945887822,-15.74372048531152,138,3,1.06,0.93,8.135384934539406,0.5543596303349004,0,0
250,1,0.23,0.6899999999999999,0,0,1,1.031795332217145,-6.330943099372976,138,3,1.06,0.93,5.417193391189247,0.6896133686164175,0,0
251,1,28.42,12.58,0,0,1,1.018820845958454,-5.75269112981913,138,3,1.06,0.93,5.135197390109889,0.6243078971622967,0,0
252,1,21.62,6.3,0,0,1,1.018701087471363,-5.722230909262739,138,3,1.06,0.93,5.127831494688301,0.622017500300837,0,0
253,1,17.04,-4.34,0,0,1,1.039097052337613,-17.36436957532398,138,3,1.06,0.93,21.66632531754151,0.8903212977461561,0,0
254,1,107.83,21.04,0,0,1,1.056424208273017,-8.691708940867532,138,3,1.06,0.93,3.348960361590563,0.06609105747143504,0,0
255,1,0,0,0,0,1,1.031796614598361,-6.330921841316515,138,3,1.06,0.93,5.417192555787361,0.689610918689715,0,0
256,2,8.619999999999999,1.23,0,0,1,1.059999999360502,-8.882976490839853,138,3,1.06,0.93,9.184056215246352,2.160104158130806e-08,3631.681633195301,0
257,1,42.86,16.01,0,0,1,1.037806958807597,-7.496437939840558,138,3,1.06,0.93,7.065898473414024,0.2914043675518774,0,0
258,1,5.45,0.31,0,0,1,1.056783142175774,-8.682092453952556,138,3,1.06,0.93,8.809842767788879,0.1038937113592242,0,0
259,1,3.64,0.62,0,0,1,1.056593569184659,-8.67162139639197,138,3,1.06,0.93,8.790871023434942,0.1046267499292078,0,0
260,1,5.45,0.62,0,0,1,1.045353832803066,-13.51863952434628,138,3,1.06,0.93,15.75862102246861,0.9382533092504497,0,0
261,1,3.18,0.41,0,0,1,1.052496567612087,-10.95920049852645,138,3,1.06,0.93,12.05792404336455,0.5446354182358735,0,0
262,1,2.63,-8.720000000000001,0,0,1,1.034369886627741,-0.3673508540123055,138,3,1.06,0.93,4.260032932912975,0.3160067723227612,0,0
263,1,1.81,0.31,0,0,1,1.0274268413216,-6.932010465282771,138,3,1.06,0.93,5.468489521724661,0.6955382933238767,0,0
264,1,0.61,0.1,0,0,1,1.027430755082891,-6.931208516462503,138,3,1.06,0.93,5.468454722080765,0.6955323330399722,0,0
265,1,0,0,0,0,1,1.04915120710034,-2.597314875342912,345,4,1.06,0.93,22.55714151803107,0.02565047430346918,0,0
266,1,4.56,3.39,0,0,1,1.04142155597798,-23.6756151938681,138,4,1.06,0.93,31.0685513733125,0.04305164614176381,0,0
267,2,22.54,7.18,0,4.51851848771,1,1.059999998578235,-4.458574176786608,69,4,1.06,0.93,20.48750376891845,-5.743498626939975e-09,1634.467061744734,0
268,2,0,0,0,-28.7013868158,1,1.059999990067576,0.9752161018825933,765,4,1.06,0.93,22.52011345852243,7.460267891985885e-09,233.9783944674164,0
269,1,-8.81,1.56,0,0,1,1.030247705209438,-23.65281458593746,138,4,1.06,0.93,27.90206438781873,0.1393431227321183,0,0
270,1,9.800000000000001,3.1,0,0,1,1.01610297822967,-7.840254137735302,46,4,1.06,0.93,19.70639353127093,1.134020980781049,0,0
271,1,0,0,0,-1.93571405737,1,1.027401027680239,-23.13002813629475,69,4,1.06,0.93,25.63323124666325,0.01392058894775451,0,0
272,2,47.06,5.97,0,0,1,1.051972353924593,-21.29445552600477,138,4,1.06,0.93,3.543999989011009,-3.874141985140999e-10,0,0
273,1,5.77,2.83,0,0,1,1.019289557545747,-14.81928448785902,46,4,1.06,0.93,23.58784556510533,0.5691664477517313,0,0
274,1,23.83,4.28,0,0,1,1.046368934044878,-23.36354476513982,46,4,1.06,0.93,16.83687909694427,0.1704257759281853,0,0
275,2,0,0,0,25.9538764431,1,1.048500676574913,-22.74050878002336,138,4,1.06,0.93,31.06872567661141,8.310865042143473e-09,0,0
276,1,0,0,0,0,1,1.020175986068123,-28.89559355708468,69,4,1.06,0.93,30.40170085142084,0.1227050854109283,0,0
277,1,247.73,81.17,0,0,1,1.049148516027528,-2.597300178937769,345,4,1.06,0.93,22.55714150561201,0.02566205357630947,0,0
278,1,0,0,0,17.9999055877,1,1.011535352736887,-30.92954791329817,69,4,1.06,0.93,30.68543674874084,0.03878698230789666,0,0
279,1,11.34,3.16,0,0,1,1.015697690680204,-29.87233957043702,69,4,1.06,0.93,30.67746278335088,0.1272699774513691,0,0
280,1,0,0,0,0,1,1.03989062695598,-11.00885591532616,138,4,1.06,0.93,22.67075917562457,0.06918389170748161,0,0
281,2,3.13,3.1,0,0,1,1.059999994976926,-11.87767094087647,46,4,1.06,0.93,22.55489323662199,-1.867497279595588e-10,462.7150027957596,0
282,1,0,0,0,0,1,1.010677118868105,-32.33043751812881,69,4,1.06,0.93,31.04408594365986,0.04554821245598105,0,0
283,1,0,0,0,0,1,1.036468146600308,-6.424890404235151,138,4,1.06,0.93,22.61277586225891,0.05322443733886689,0,0
284,1,19.32,7.66,0,0,1,1.007740594094468,-31.26514180210663,69,4,1.06,0.93,31.09271798332784,0.1663384781373295,0,0
285,1,3.3,2.04,0,17.9999589145,1,1.019916272986303,-14.11321935283327,46,4,1.06,0.93,22.62947051363989,0.5935383931273838,0,0
286,1,2.18,2.91,0,0,1,1.022121334131629,-16.72954956321684,69,4,1.06,0.93,23.45678935307121,0.06289789359044995,0,0
287,1,2.09,2.72,0,0,1,1.029976251929094,-15.37073313579687,46,4,1.06,0.93,24.6305489549549,0.3627254382581158,0,0
288,1,0,0,0,0,1,1.059999989325525,-8.921218631976203,69,4,1.06,0.93,22.64261815170688,-0.1188489759383059,217.7157388487173,0
289,1,12.5,0.46,0,0,1,0.992313296059854,-33.69333504252234,69,4,1.06,0.93,31.88456577402285,0.06711213152786871,0,0
290,1,4.27,2.83,0,0,1,1.007297734492192,-0.1835939439737365,46,4,1.06,0.93,16.04090500621986,1.684852022974908,0,0
291,1,1.93,2.27,0,0,1,1.042183009464556,-18.03659641973563,138,4,1.06,0.93,26.49452260633102,-0.04185528017074189,0,0
292,1,29.06,2.53,0,0,1,1.026550912363594,-23.19247622745018,138,4,1.06,0.93,26.16899721872594,0.05353934905135493,0,0
293,1,0,0,0,0,1,1.04915120710034,-2.597314875342912,18,4,1.06,0.93,22.55714151654579,0.02565035910157305,0,0
294,1,41.23,11.59,0,0,1,1.009852916556593,-30.77262620006804,138,4,1.06,0.93,30.6338511826578,0.08817984919887437,0,0
295,1,0,0,0,0,1,1.026189671016714,-26.90185021438502,138,4,1.06,0.93,30.74523388752013,0.1046676390995216,0,0
296,1,0,0,0,0,1,1.04915120710034,-2.597314875342912,18,4,1.06,0.93,22.55714151656435,0.02565035978851428,0,0
297,1,0,0,0,0,1,1.032947636648003,-21.97422486293723,1,4,1.06,0.93,29.12898646235487,-0.3817977993627049,0,0
298,2,16.13,3.76,0,0,1,1.059999995725661,-0.2676281890337314,46,4,1.06,0.93,16.98935072741214,4.33383968633542e-10,543.5486401071129,0
299,1,0,0,0,5.25176666127,1,1.02259025654244,-21.92275515206132,46,4,1.06,0.93,25.36620022346566,-0.01047366106089988,0,0
300,1,0,0,0,26.3057695938,1,1.037046545182458,-22.22067032213351,138,4,1.06,0.93,27.35983917844502,0.0572534608694279,0,0
301,1,8.720000000000001,7.1,0,0,1,1.034951079479245,-21.78298525411662,46,4,1.06,0.93,28.33957460189304,0.04617245160337664,0,0
302,1,7.24,3.38,0,0,1,1.010520510164154,-12.04858742877315,46,4,1.06,0.93,21.59098770628141,1.074002331932801,0,0
303,2,34.6,6.48,0,0,1,1.032243125190118,-12.4393801103775,69,4,1.06,0.93,23.01351984866803,-1.465434037925631e-09,0,0
304,1,28.88,2.88,0,2.218,1,1.034472343284679,-21.25833934321149,138,4,1.06,0.93,22.48065232108887,0.06928968080189449,0,0
305,1,0,0,0,0,1,1.04915120710034,-2.597314875342912,18,4,1.06,0.93,22.5571415163787,0.02565045573748951,0,0
306,1,94.27,-10.24,0,0,1,1.03771801365108,-12.44483481788843,138,4,1.06,0.93,22.88166811234929,0.05075630208171398,0,0
307,2,23.97,11.25,0,0,1,1.030014800960782,-16.88950600806538,69,4,1.06,0.93,26.32738823938341,5.779482217051256e-10,0,0
308,1,107.79,-29.1,0,0,1,1.036174679307786,-6.772576365926982,138,4,1.06,0.93,22.6415670851215,0.05398205290697144,0,0
309,1,0,0,0,0,1,1.036174679307786,-6.772576365926982,22,4,1.06,0.93,22.641567084245,0.05398203081120375,0,0
310,1,9.130000000000001,2.7,0,1.81258762688,1,1.012720420077625,-26.7948719157567,69,4,1.06,0.93,26.89953713081495,-0.1280247566746841,0,0
311,1,11.14,2.4,0,0,1,1.014696454206054,-30.48583886825013,69,4,1.06,0.93,30.81420668151475,0.1011695752084265,0,0
312,1,33.85,14.77,0,17.9997272614,1,1.02806475129124,-9.315053066671156,69,4,1.06,0.93,23.11954951414603,0.1722844258647975,0,0
313,1,61.06,10.92,0,0,1,1.054131609965723,-14.82978069609453,138,4,1.06,0.93,24.28897353537798,-0.01905038077648236,0,0
314,1,0,0,0,0,1,1.044449163370716,-23.23850696151265,1,4,1.06,0.93,16.76893607841478,0.1580697311222014,0,0
315,1,0,0,0,26.9998870416,1,1.015619410504291,-30.79604135825444,69,4,1.06,0.93,30.84964250392641,0.0676532987038361,0,0
316,1,0,0,0,0,1,1.011955099250705,-32.32901040847089,161,4,1.06,0.93,30.99910274117625,0.03743488381009218,0,0
317,1,12.97,4.08,0,0,1,1.012468606855432,-28.72701096470066,138,4,1.06,0.93,29.83035412936616,0.1947540790559524,0,0
318,1,11.6,2.8,0,0,1,1.025815789689627,-22.62182598105134,138,4,1.06,0.93,25.39745935097921,0.04389306128655047,0,0
319,1,24.13,4.45,0,10.617548809,1,1.009032104058964,-28.4426678353051,69,4,1.06,0.93,27.45052757989177,-0.2685934408070358,0,0
320,1,3.68,1.89,0,0,1,1.026904917450471,-14.25702410603485,138,4,1.06,0.93,23.79838588735499,0.05937599553114004,0,0
321,1,18.4,10.13,0,0,1,1.011132036212466,-29.7884535361821,69,4,1.06,0.93,30.6511701454736,0.190237607149833,0,0
322,1,0,0,0,0,1,1.04915120710034,-2.597314875342912,345,4,1.06,0.93,22.55714151821673,0.02565047616007194,0,0
323,1,0,0,0,0,1,1.035009234174772,-17.53143519281936,138,4,1.06,0.93,26.48211706893839,-0.07634993625914607,0,0
324,1,14.73,4.07,0,0,1,1.019791834235582,-26.11229755433167,138,4,1.06,0.93,28.82343868445103,0.2164740491722444,0,0
325,1,0,0,0,0,1,1.024146527837088,-19.85363359730854,69,4,1.06,0.93,22.99915188852157,0.07684713205679201,0,0
326,1,0,0,0,0,1,1.04915120710034,-2.597314875342912,18,4,1.06,0.93,22.5571415163787,0.02565045573748951,0,0
327,1,0,0,0,0,1,1.011174081037064,-31.2635529026294,161,4,1.06,0.93,30.71142937531503,0.08527969347278581,0,0
328,1,2.88,0.68,0,-2.46770793051e-05,1,1.024839611375708,-14.58037296344547,69,4,1.06,0.93,23.81591466568578,0.07638328843276213,0,0
329,1,8.09,0.37,0,0,1,1.030067859515161,-20.8924620588468,69,4,1.06,0.93,28.69218487229512,-0.4449651657865571,0,0
330,1,6.29,1.68,0,0,1,1.027996851689736,-26.86798461196047,69,4,1.06,0.93,29.63757024835947,0.356497688806979,0,0
331,1,17.14,8.31,0,0,1,1.016214562165657,-12.84921302073263,69,4,1.06,0.93,24.93396590706037,0.1167722709771616,0,0
332,1,13.58,2.65,0,0,1,1.045638735150876,-24.01622793279022,69,4,1.06,0.93,28.50256490817248,0.4889566620588585,0,0
333,1,0,0,0,0,1,1.059999996917614,12.32647454564931,46,4,1.06,0.93,10.05999999893989,1.901413422497487e-07,753.229758931945,0
334,1,23.57,4.51,0,10.796535943,1,1.009893831275297,-28.04432013360063,69,4,1.06,0.93,27.31762297196997,-0.2328785668551378,0,0
335,1,0,0,0,0,1,1.04915120710034,-2.597314875342912,18,4,1.06,0.93,22.5571415163787,0.0256502886436771,0,0
336,1,14.22,3.11,0,0,1,1.001806226497275,-32.48396142002681,69,4,1.06,0.93,31.34243438893147,0.03569251693567448,0,0
337,2,0,0,0,0,1,1.059999992772497,-22.31051570180874,69,4,1.06,0.93,20.95221174060433,6.101501431159749e-10,321.2360839315273,0
338,1,3.93,3.68,0,0,1,1.036984550893118,-24.33973152291665,138,4,1.06,0.93,31.06077150645985,0.07052363536909163,0,0
339,1,-2.33,0.67,0,0,1,1.036642385152451,-24.3661719648541,138,4,1.06,0.93,31.06571696731866,0.07304075535340815,0,0
340,1,0.03,2.05,0,0,1,1.02116429260243,-14.93517008070843,46,4,1.06,0.93,23.83377092977028,0.5349641939079161,0,0
341,1,7.64,1.14,0,0,1,1.036631771971949,-24.39636076060662,138,4,1.06,0.93,31.0707746331876,0.07234177287812994,0,0
342,1,151.03,12.95,0,0,1,1.027114318188219,-14.23765612758172,138,4,1.06,0.93,23.7965169915032,0.05850447815165268,0,0
343,1,0,0,0,0,1,1.028771965296226,-22.67980761774199,138,4,1.06,0.93,26.0946330666061,0.04698736603978307,0,0
344,1,7.23,3.05,0,0,1,1.009736738745046,-30.3401547303703,69,4,1.06,0.93,30.71084501703967,0.147701314761784,0,0
345,2,13.67,5.97,0,4.20219431961,1,1.051840415667793,13.79401020551726,69,4,1.06,0.93,10.05999998914642,-1.702098055715414e-09,0,0
346,1,0,0,0,0,1,1.022483358444165,-22.78320622327519,1,4,1.06,0.93,25.4815284331032,0.01733333957504712,0,0
347,1,13.92,3.74,0,0,1,1.035244090937826,-11.79654051107808,69,4,1.06,0.93,23.01351984685091,2.016768323092815e-08,0,0
348,1,22.47,2.26,0,5.534,1,1.059024635924297,-20.82285221611935,138,4,1.06,0.93,13.95152009614847,-0.6779559190360078,0,0
349,1,0,0,0,0,1,1.047921488654026,-22.26160730461591,138,4,1.06,0.93,16.76138767476449,0.1553632228692666,0,0
350,2,66.53,2.98,0,0,1,1.014703294270183,-32.95503511490571,161,4,1.06,0.93,31.09236917044482,4.261479495398498e-09,0,0
351,1,9.94,4.9,0,0,1,1.019154197528318,-18.71192330485961,69,4,1.06,0.93,23.29161256285164,0.09087311761477966,0,0
352,1,0,0,0,0,1,1.038144187638559,-2.597300178937769,26.4,4,1.06,0.93,22.55714150544033,0.0256620439864955,0,0
353,2,22.68,8.109999999999999,0,0,1,1.050229223665927,-18.59948327455214,138,4,1.06,0.93,26.50913494409423,-1.570940973427602e-09,0,0
354,1,0,0,0,0,1,1.011665261648869,-31.90356044588255,161,4,1.06,0.93,30.8843036595241,0.05727300262470909,0,0
355,1,125.05,88.22,0,0,1,1.015653620074385,-8.060045992313949,345,5,1.06,0.93,52.48891404706861,7.219792465209688,0,0
356,1,0,0,0,0,1,1.024171363680457,-6.158521585152414,500,5,1.06,0.93,51.95117490824425,6.813049789242241,0,0
357,1,0,0,0,-30.025,1,1.024237025999558,-6.117911863049541,500,5,1.06,0.93,52.10766255317727,6.858772547244208,0,0
358,1,0,0,0,0,1,1.033941243679984,-10.54271942583839,500,5,1.06,0.93,29.91881426603832,1.418518374446391,0,0
359,1,0,0,0,0,1,1.033808059545976,-10.5556535187882,500,5,1.06,0.93,29.88999851564391,1.422525845627938,0,0
360,1,0,0,0,0,1,1.029712620716516,-11.81140220353611,500,5,1.06,0.93,30.09709925499634,1.454391956274733,0,0
361,2,0,0,0,0,1,1.059999999051538,-7.058920124939276,500,5,1.06,0.93,30.22870584997075,6.383165630698753e-09,2450.329155068646,0
362,1,0,0,0,0,1,1.059999999051538,-7.058920124939276,500,5,1.06,0.93,30.22847468684439,-0.00462325614396512,2450.329155068646,0
363,1,322.51,23.79,0,24.399,1,1.035204408038574,-11.65299179493198,500,5,1.06,0.93,30.96733018490129,0.008865616550081116,0,0
364,1,0,0,0,-71.188,1,1.02902379973222,-8.765114884727298,345,5,1.06,0.93,12.91181443256758,0.8511444099785196,0,0
365,1,0,0,0,0,1,1.03195798940825,-10.32010407601697,500,5,1.06,0.93,22.21732413604333,1.263154123312493,0,0
366,1,0,0,0,0,1,1.031809100260543,-10.30765988081371,500,5,1.06,0.93,22.14356506973758,1.263428021932689,0,0
367,1,129.8,60.16,0,60.608,1,1.050842728681362,-13.2210213185078,500,5,1.06,0.93,27.392386876007,0.2154872980635305,0,0
368,1,0,0,0,71.9997426832,1,1.030572887308246,-8.304343780338023,500,5,1.06,0.93,39.2757583381517,3.88549568548908,0,0
369,1,0,0,0,0,1,1.030507618732551,-8.277496907534193,500,5,1.06,0.93,39.43759684847036,3.921811192557586,0,0
370,1,16.88,41.08,0,0,1,1.028565747162202,-9.675732208104804,500,5,1.06,0.93,31.69673624388166,1.892772598795195,0,0
371,1,7.67,10.27,0,0,1,1.028659822400185,-9.687699938940279,500,5,1.06,0.93,31.67369789623609,1.885745463596291,0,0
372,1,10.63,3.19,0,0,1,1.02682463899017,-0.9117189721014589,138,5,1.06,0.93,22.59111403365928,0.4239329687840984,0,0
373,2,22.48,1.03,0,0,1,1.009532711924589,-13.50987982260246,138,5,1.06,0.93,17.00999998899303,-1.937408516649272e-08,0,0
374,1,12.49,1.36,0,0,1,1.009351687772407,-13.51962871521464,138,5,1.06,0.93,17.02126541058766,0.009822145419277766,0,0
375,1,6.47,1.03,0,0,1,1.030717291110026,-0.0141712906907295,138,5,1.06,0.93,20.74736392896732,0.9854140048359392,0,0
376,1,17.74,0.01,0,-9.534000000000001,1,1.030447876600455,-16.91681352642296,138,5,1.06,0.93,54.1423917527225,-2.510192434970083,0,0
377,1,237.01,75.02,0,0,1,1.043738685724996,-12.33615352440486,138,5,1.06,0.93,30.18454701672913,1.482955236053836,0,0
378,1,102.86,34.9,0,0,1,1.044434137335968,-11.79672015718536,138,5,1.06,0.93,30.13103776736982,1.499946950370828,0,0
379,1,0,0,0,53.9998048975,1,1.035299484073983,-11.96569547462395,32,5,1.06,0.93,30.1044958329117,1.292272681454294,0,0
380,1,0,0,0,11.017,1,1.017067891782705,-16.53013441363463,138,5,1.06,0.93,29.67087297899834,-0.2822701640975663,0,0
381,1,54.81,10.36,0,0,1,1.038420331017164,-12.32976248078141,138,5,1.06,0.93,30.39517718207478,1.551944847090033,0,0
382,1,8.01,2.17,0,0,1,1.017847332218801,-14.65358991610972,138,5,1.06,0.93,13.30646538644826,0.5889208106835047,0,0
383,1,4.01,1.03,0,0,1,1.01815544548186,-14.62995223201444,138,5,1.06,0.93,13.11700921338006,0.5664893222030433,0,0
384,1,0.01,0.01,0,0,1,0.988674009521418,-10.38072209963582,138,5,1.06,0.93,23.72437634139239,-0.03108607255525787,0,0
385,2,0.01,0.01,0,0,1,0.9886727100371465,-10.17817554619875,138,5,1.06,0.93,23.8796761487387,-8.701046170352162e-09,0,0
386,1,24.24,-0.7,0,-5.842,1,1.034767799407535,-14.87513538719535,138,5,1.06,0.93,7.130636910749029,1.095005139694491,0,0
387,1,25.75,4.85,0,0,1,1.017515797045377,-14.69175566622052,138,5,1.06,0.93,13.251092461341,0.5830036483954814,0,0
388,1,0,0,0,0.000892479146111,1,1.035204502183824,-11.65299168243433,16,5,1.06,0.93,30.96733018501882,0.008865731099344994,0,0
389,1,16.65,1.03,0,0,1,1.015053612323042,-14.48013172724975,138,5,1.06,0.93,14.21842236102338,0.4461143098780767,0,0
390,1,20.96,2.68,0,12.518,1,1.017411703813917,-17.27315964079046,138,5,1.06,0.93,17.23469778551846,1.179181257742267,0,0
391,2,22.51,3.19,0,0,1,1.059999999278509,6.336135082962934,138,5,1.06,0.93,19.6382968028385,-4.938368709159084e-09,3185.446861623871,0
392,1,11.57,1.03,0,0,1,1.059999995813148,5.730679835976131,138,5,1.06,0.93,19.87778488463813,0.005001512431625093,560.9052613471998,0
393,1,8.789999999999999,1.03,0,0,1,1.013173987408404,-14.23761603904964,138,5,1.06,0.93,15.02028762129175,0.3104230441527922,0,0
395,1,14.5,2.68,0,0.00349581693089,1,1.01444353875409,-7.872779957750184,138,5,1.06,0.93,25.53554933156719,0.1011873856592655,0,0
396,1,6.47,1.03,0,0,1,1.022349468032575,-14.81897686600344,138,5,1.06,0.93,80.57556841782554,-9.903562168072032,0,0
397,1,44.39,13.32,0,0,1,1.036179949910863,-12.2122024058071,138,5,1.06,0.93,30.47892980069319,1.606257996509555,0,0
398,1,35.46,8.57,0,0,1,1.043673775868893,-11.86812682385688,138,5,1.06,0.93,30.15941030662581,1.506825968199266,0,0
399,1,30.52,7.01,0,0,1,0.9990456374390679,-12.46856355506809,138,5,1.06,0.93,20.27674998794001,0.01016488182705062,0,0
400,1,12.8,2.78,0,0,1,1.005313346474778,-13.21131534105062,138,5,1.06,0.93,18.13699710256626,0.0009692088530776291,0,0
401,1,25.75,6.5,0,0,1,1.016490035336272,-16.58461958204101,138,5,1.06,0.93,29.68863570492172,-0.2777827170169616,0,0
402,1,22.51,3.19,0,0,1,1.015925744820819,-10.24592486909988,138,5,1.06,0.93,22.84821850702886,2.06945289730067,0,0
403,1,5.36,0,0,0,1,1.016868703151743,-15.63239016724394,138,5,1.06,0.93,18.93483067332745,1.329899468331845,0,0
404,1,11.25,2.17,0,0,1,1.018640779311628,-13.78857955574422,138,5,1.06,0.93,20.54531925627437,1.588449693635157,0,0
405,1,8.01,0.51,0,0,1,1.009674439304392,-6.588871129117247,138,5,1.06,0.93,22.37801613712789,1.721517970562725,0,0
406,1,0,0,0,-0.0237680023282,1,1.027680508626373,-10.67308359785692,138,5,1.06,0.93,22.57045577365509,2.197345094781326,0,0
407,1,0,0,0,-6.9892635799,1,1.027047846622847,-10.6557416111721,138,5,1.06,0.93,22.58650957411507,2.189687763026588,0,0
408,1,12.83,-0.06,0,0,1,1.011833456836969,-9.375054531511271,138,5,1.06,0.93,22.79258017629726,1.976049264476698,0,0
409,1,33.02,0.66,0,0,1,1.012020368661943,-9.400077997992751,138,5,1.06,0.93,22.78869451205053,1.979279846053296,0,0
410,1,16.03,1.03,0,0,1,1.012596792812253,-9.727293331008996,138,5,1.06,0.93,22.84214724952527,2.00945827913413,0,0
411,1,12.8,3.19,0,0,1,1.017693555925533,-14.67438446841085,138,5,1.06,0.93,13.18633960490872,0.5753509470310125,0,0
412,1,0,0,0,0,1,1.016910325089021,-14.59644968564232,138,5,1.06,0.93,13.6096952708098,0.5431219362554357,0,0
413,1,22.51,3.19,0,0,1,1.018350739799296,-12.9524965215438,138,5,1.06,0.93,101.906718029837,-14.32897917158597,0,0
414,1,46.71,4.33,0,0,1,0.988727296316476,-10.96078035564993,138,5,1.06,0.93,23.2785716289656,-0.1135336375442198,0,0
415,1,28.98,4.85,0,0,1,1.001413501154911,-11.16054771001718,138,5,1.06,0.93,22.49063469810347,-0.05761139317521416,0,0
416,2,17.72,1.03,0,0,1,1.053455780769656,3.172826239925836,138,5,1.06,0.93,21.52489255573032,1.277543279362995e-08,0,0
417,1,27.28,4.33,0,0,1,1.014665122235722,-15.63696741148167,138,5,1.06,0.93,19.11293650887935,0.3973914238687015,0,0
418,1,0,0,0,0,1,1.022372548812019,-14.81678235501099,138,5,1.06,0.93,80.57378420979371,-9.903844839456871,0,0
419,1,0,0,0,-0.0224910764389,1,1.014010410915874,-8.291450882290444,138,5,1.06,0.93,25.64698985981165,0.05833062252403796,0,0
420,1,0,0,0,-7.22356036406,1,1.013867678980413,-8.278243178496178,138,5,1.06,0.93,25.69167221180728,0.0686822904834674,0,0
421,1,0,0,0,0,1,1.033203964048744,-10.32999630948049,500,5,1.06,0.93,30.36280232573781,1.528564049352656,0,0
422,2,0,0,0,0,1,1.053773917932372,-17.3327496259977,345,6,1.06,0.93,26.39526217249548,2.49544004952452e-07,0,0
423,1,0,0,0,0,1,1.050986553819017,-17.44604617055031,345,6,1.06,0.93,27.23605878272308,0.02841162386488684,0,0
424,1,11.12,4.11,0,0,1,1.051706612989268,-16.73554409627986,138,6,1.06,0.93,37.24091262140862,0.2407579955534992,0,0
425,1,0,0,0,0,1,1.051488065399331,-16.74818608502608,138,6,1.06,0.93,37.42878600010789,0.2665424233571581,0,0
426,1,5.29,0.72,0,0,1,1.040635471621233,-18.22951107603408,138,6,1.06,0.93,34.69651121267981,0.822083997196028,0,0
427,1,5.29,0.72,0,0,1,1.040686617841577,-18.23342888288271,138,6,1.06,0.93,34.63223517434841,0.8059773303042135,0,0
428,2,19.32,-7.09,0,-7.317,1,1.057508482110002,-18.13220888307371,138,6,1.06,0.93,26.42726071273457,0.03543968657607879,0,0
429,1,0,0,0,0,1,1.058395388175605,-17.42387957812368,138,6,1.06,0.93,31.22188193472955,0.01290054124380638,0,0
430,1,2.9,0,0,0,1,1.047005060033084,-18.3742246859941,138,6,1.06,0.93,27.41134106828026,0.423680097903876,0,0
431,1,6.18,1.03,0,0,1,1.044822184012869,-18.41001184802835,138,6,1.06,0.93,29.31407479837297,0.5246906744432126,0,0
432,1,3.5,0.41,0,0,1,1.044760902770317,-18.40994056168798,138,6,1.06,0.93,29.37837316497739,0.5404019540556135,0,0
433,1,15.97,2.05,0,0,1,1.047214459458887,-18.35660795996761,138,6,1.06,0.93,27.33938482741727,0.4079426879389444,0,0
434,1,0,0,0,0,1,1.047140726404369,-18.36044842147444,138,6,1.06,0.93,27.40382868655434,0.4237943390586782,0,0
435,1,14.38,2.44,0,0,1,1.045337782397352,-17.6984188810315,138,6,1.06,0.93,34.5368799531653,0.7253608310564443,0,0
436,2,1.52,0.31,0,0,1,1.044810463441973,-17.00451098416815,138,6,1.06,0.93,42.37937602111592,3.070036535387283e-08,0,0
437,2,0,0,0,0,1,1.059999999802993,-16.37248598107261,138,6,1.06,0.93,32.21346832728192,0.4411134803407707,11793.23122617627,0
438,1,9.619999999999999,3.08,0,0,1,1.038571911964148,-17.96551740037336,138,6,1.06,0.93,23.52746163657548,0.8631904894859954,0,0
439,1,14.15,3.08,0,0,1,1.038660881184818,-17.97510043648682,138,6,1.06,0.93,23.57457423445695,0.8687528545105933,0,0
440,1,21.65,3.58,0,0,1,1.053404540903975,-18.44820632677092,138,6,1.06,0.93,26.5832584802939,0.06093140117165339,0,0
441,1,51.76,10.1,0,0,1,1.034071829068439,-17.07834044601462,138,6,1.06,0.93,50.23248685717402,-2.38812733772971,0,0
442,1,1.06,0.51,0,-7.663,1,1.038080121952219,-17.72124153894654,138,6,1.06,0.93,22.67636789074517,0.9495286812204717,0,0
443,1,18.77,0.92,0,12.284,1,1.040376514640301,-17.50184932316223,138,6,1.06,0.93,21.79452251158506,0.9232863630421487,0,0
444,1,8.9,5.61,0,19.281,1,1.047084597509363,-16.8083963295018,138,6,1.06,0.93,45.08771503620758,0.1450441206987434,0,0
445,1,0,0,0,0,1,1.05185408074567,-17.12035177217179,138,6,1.06,0.93,33.33865812153056,0.5866428712494397,0,0
446,1,7.56,1.44,0,0,1,1.05185408074567,-17.12035177217179,138,6,1.06,0.93,33.3386581217331,0.5866428733508704,0,0
447,1,20.44,4.3,0,0,1,1.042949631550073,-17.17551319751112,138,6,1.06,0.93,39.59870856580076,0.9666239927813013,0,0
448,1,20.44,4.3,0,0,1,1.042913810410852,-17.22080697249026,138,6,1.06,0.93,39.48236949363587,0.9360832153374716,0,0
449,2,7.56,4.11,0,0,1,1.059999990018626,-17.90599870589594,138,6,1.06,0.93,25.99668457525059,2.551319665828307e-09,257.6086330504174,0
450,1,18.17,3.94,0,0,1,1.036486035383894,-18.68755020937304,138,6,1.06,0.93,37.07545443390515,0.9717536229590031,0,0
451,1,35.26,7.19,0,0,1,1.046294089819171,-17.61646775618945,138,6,1.06,0.93,34.40659275941593,0.7124128226915332,0,0
452,1,9.08,4.11,0,0,1,1.054084547798007,-18.22324484181127,138,6,1.06,0.93,26.70034322205346,0.1475234006029974,0,0
453,1,1.21,0.25,0,0,1,1.053594060937771,-15.33839989018937,138,6,1.06,0.93,43.24641303357957,1.248797857056585,0,0
454,1,15.9,4.21,0,0,1,1.051885981761439,-17.10806965758573,138,6,1.06,0.93,33.33616673319091,0.5866277135312086,0,0
455,1,15.9,4.21,0,0,1,1.051636900521331,-17.14388222833746,138,6,1.06,0.93,33.38597323535147,0.6006510301560283,0,0
456,1,28.75,6.84,0,0,1,1.036047673152595,-18.99174755280727,138,6,1.06,0.93,36.438713775529,1.001641807860185,0,0
457,1,28.75,6.84,0,0,1,1.036148475060329,-18.97300026763005,138,6,1.06,0.93,36.43570140691508,1.001031662332335,0,0
458,1,12.11,2.46,0,0,1,1.036459842914093,-18.77287474553538,138,6,1.06,0.93,36.85550170435563,0.9824975561497894,0,0
459,1,12.11,2.46,0,0,1,1.036512641320266,-18.80682024955439,138,6,1.06,0.93,36.75032454082512,0.9814166831929469,0,0
460,1,48.29,40.73,0,32.216,1,1.039443074380115,-16.28773024019585,138,6,1.06,0.93,37.081189955025,0.4943701541298681,0,0
461,1,8.32,1.7,0,0,1,1.058659173836881,-15.31897225416822,138,6,1.06,0.93,25.79216433599471,0.1045601602315047,0,0
462,1,8.32,1.7,0,0,1,1.058895202104557,-15.37722915114754,138,6,1.06,0.93,25.91880124322313,0.1458704886628241,0,0
463,1,14.38,2.93,0,0,1,1.035934403321978,-19.01113712244689,138,6,1.06,0.93,36.44341829339461,1.002412118528556,0,0
464,1,12.11,2.55,0,0,1,1.03681347492958,-18.52240622452174,138,6,1.06,0.93,37.936424766862,0.8042478905924979,0,0
465,1,12.11,2.55,0,0,1,1.036814156515829,-18.50022465270913,138,6,1.06,0.93,38.02987939184227,0.8060610104687992,0,0
466,1,31.79,11.01,0,0,1,1.036647703444691,-18.89913604414423,138,6,1.06,0.93,36.41791062258141,0.9972856659830712,0,0
467,1,9.08,1.66,0,0,1,1.041766888811436,-17.51991464710801,138,6,1.06,0.93,41.1302818771843,0.2036385797580473,0,0
468,1,9.08,1.66,0,0,1,1.041823539992019,-17.48872511162497,138,6,1.06,0.93,41.22200511712278,0.2083420381532364,0,0
469,2,30.27,8.23,0,0,1,1.059999999376199,-14.41330482131306,138,6,1.06,0.93,23.6604566287803,-3.34223548211695e-09,3730.088953398822,0
470,1,19.81,6.48,0,0,1,1.040004778895945,-17.97824295229574,138,6,1.06,0.93,37.14786710166722,0.9162168555408785,0,0
471,1,0,0,0,0,1,1.040049863693449,-18.00018798920524,138,6,1.06,0.93,37.09195867494345,0.9046579092739675,0,0
472,1,0,0,0,0,1,1.058395305620766,-17.42387820016008,138,6,1.06,0.93,31.22188193911083,0.01290205925091101,0,0
473,1,0,0,0,0,1,1.045979906976495,-17.64030083434553,138,6,1.06,0.93,34.50541982219367,0.7200901499919261,0,0
474,2,12.31,2.05,0,0,1,1.059999998163799,-18.44764824305664,138,6,1.06,0.93,33.80384871919819,1.15252416697596e-08,1265.315793341751,0
475,1,8.93,2.27,0,0,1,1.052150640349338,-15.46552792789998,138,6,1.06,0.93,43.31710327843868,1.26722109582205,0,0
476,1,9.24,2.5,0,0,1,1.052123890153752,-15.46939383946774,138,6,1.06,0.93,43.31785739256046,1.26742518351463,0,0
477,1,46.16,7.42,0,0,1,1.041490297650151,-17.38325380106908,138,6,1.06,0.93,42.55759106903403,0.028581836875855,0,0
478,1,0.15,0.04,0,0,1,1.047186585617414,-17.52676005095821,138,6,1.06,0.93,34.22456652823055,0.6867040257472276,0,0
479,1,0.15,0.04,0,0,1,1.046986118954206,-17.55605308798156,138,6,1.06,0.93,34.27399298053522,0.6997563889779056,0,0
480,2,25.2,2.69,0,0,1,1.059999999079042,-12.01092353299013,115,7,1.06,0.93,47.11957124443397,1.460315612643372e-09,2778.819765232869,0
481,2,50.3,6.98,0,0,1,1.059999999464692,-11.40345337519322,115,7,1.06,0.93,43.24820181627008,-5.759838230410327e-10,4371.942965176034,0
482,2,31.53,7.27,0,0,1,1.059999999325683,-18.99893447273995,115,7,1.06,0.93,80.70742483741694,6.49626537305778e-09,3397.013287858061,0
483,2,0,0,0,0,1,1.059999999888307,-9.090840332794665,230,7,1.06,0.93,37.20195720389582,6.577004085438764e-08,20808.50926722176,0
484,1,90.77,17.28,0,0,1,1.057346573340573,-13.06092232899408,115,7,1.06,0.93,44.34589684179361,1.794656148737803,0,0
485,1,0,0,0,0,1,1.05369716264907,-15.7386574154175,115,7,1.06,0.93,54.96705026594318,0.7507612340564436,0,0
486,1,90.77,10.21,0,0,1,1.053377642963673,-15.78747570913119,115,7,1.06,0.93,54.99085211348623,0.7534590511973828,0,0
487,2,90.77,17.29,0,0,1,1.059999999510509,-16.18296957034574,115,7,1.06,0.93,54.99284156658948,1.67793176114758e-08,4336.722905275445,0
488,1,74.94,12.76,0,0,1,1.052191042578703,-13.49555326076251,115,7,1.06,0.93,46.286159959016,2.200354673572778,0,0
489,1,50.13,1.83,0,0,1,1.057090467101015,-12.3228075484083,115,7,1.06,0.93,43.83418576913041,0.6916763546234315,0,0
490,2,50.13,16.09,0,0,1,1.059999999415553,-13.94697371670026,115,7,1.06,0.93,59.10317834940808,3.886993665299516e-09,3737.548234872702,0
491,1,0,0,0,0,1,1.040207164927979,-19.74784112027592,115,7,1.06,0.93,81.69531221502142,2.22238116318223,0,0
492,1,39.98,4.7,0,0,1,1.040043629490381,-19.77146887253755,115,7,1.06,0.93,81.71471673909389,2.224670447384521,0,0
493,1,0,0,0,0,1,1.040339876146559,-19.72595055316582,115,7,1.06,0.93,81.68028906437424,2.220595443431232,0,0
494,2,61.86,3.88,0,0,1,1.04583627118438,-13.10435698288784,115,7,1.06,0.93,8.258999998290385,2.869558594111132e-08,0,0
495,1,0,0,0,0,1,1.042551278664789,-13.95836440882915,115,7,1.06,0.93,51.88723008605658,3.482454985317509,0,0
496,1,61.86,8.16,0,0,1,1.042313452147884,-13.99447155644491,115,7,1.06,0.93,51.90652603773826,3.485012700623389,0,0
497,1,65.11,19.93,0,0,1,1.049277258103042,-16.48883764882275,115,7,1.06,0.93,39.62912962531897,2.696005869250301,0,0
498,1,67.67,17.55,0,0,1,1.054087774026552,-13.24122561340897,115,7,1.06,0.93,47.70483139650732,0.5565393523351693,0,0
499,2,0,0,0,0,1,1.059999999626723,-14.99649863752614,115,7,1.06,0.93,24.70000001481571,0.01179235288545883,6228.2334630775,0
500,1,45.94,3.71,0,0,1,1.059862752764328,-15.02113274092775,115,7,1.06,0.93,24.70465746641291,0.01217032479242962,0,0
501,1,45.94,5.11,0,0,1,1.039821371501391,-19.70915488426871,115,7,1.06,0.93,81.69584329016745,2.317211165103991,0,0
502,1,10.57,1.39,0,0,1,1.054308036223071,-13.85580784032726,115,7,1.06,0.93,48.08514695609045,1.090611510388384,0,0
503,1,52.1,6.69,0,0,1,1.041487912275594,-13.74846081615422,115,7,1.06,0.93,57.06938177711451,3.72701367827187,0,0
504,1,52.64,15.65,0,0,1,1.041181849356674,-13.77554523871203,115,7,1.06,0.93,57.08929444254311,3.732944007567456,0,0
505,1,0,0,0,0,1,1.040827832822953,-13.93192084803186,115,7,1.06,0.93,52.65952047553424,3.722722921676339,0,0
506,1,104.21,9.1,0,0,1,1.040503369018247,-13.98980558768949,115,7,1.06,0.93,52.6905118650354,3.725460754164206,0,0
507,1,0,0,0,0,1,1.050770875561007,-15.48553638744878,115,7,1.06,0.93,41.17131992962455,2.381220299924843,0,0
508,1,15.44,1.64,0,0,1,1.050709141046005,-15.49433542181002,115,7,1.06,0.93,41.17552759771801,2.381667879468663,0,0
509,1,12.96,1.43,0,0,1,1.051236736821504,-16.06113141936087,115,7,1.06,0.93,60.24305900046559,1.18938675207426,0,0
510,1,0,0,0,0,1,1.043480011869493,-18.17507814357534,115,7,1.06,0.93,44.68898165111145,3.090878388048933,0,0
511,1,70.68000000000001,24.47,0,0,1,1.043042357474043,-18.21676464200881,115,7,1.06,0.93,44.70715925181209,3.097186436704815,0,0
512,1,70.68000000000001,13.94,0,0,1,1.03515556547176,-17.79805684741664,115,7,1.06,0.93,32.91943655458414,3.341350918364948,0,0
513,1,71.70999999999999,15.09,0,0,1,1.042612126988172,-13.963928971674,115,7,1.06,0.93,52.0703072603868,3.450766640405918,0,0
514,1,71.70999999999999,14.68,0,0,1,1.048006883478271,-14.39698169811474,115,7,1.06,0.93,15.45412287396939,0.06272710877052247,0,0
515,1,0,0,0,0,1,1.027344904552961,-17.58880239926306,115,7,1.06,0.93,188.3492042558185,4.766852452935499,0,0
516,1,63.67,4.1,0,0,1,1.027142430966729,-17.62383161072624,115,7,1.06,0.93,188.414247920102,4.771080841493942,0,0
517,1,0,0,0,0,1,1.027563006590449,-17.55141310842797,115,7,1.06,0.93,188.2792447960383,4.762216023005658,0,0
518,1,0,0,0,0,1,1.027344904552961,-17.58880239926306,115,7,1.06,0.93,188.3492042557218,4.766852452396702,0,0
519,1,0,0,0,0,1,1.027344904552961,-17.58880239926306,115,7,1.06,0.93,188.3492042556895,4.766852452456575,0,0
520,1,97.28,23.97,0,0,1,1.038485255105819,-19.11308960262562,115,7,1.06,0.93,74.62863411042945,2.790190295910094,0,0
521,1,97.28,24.31,0,173.999974646,1,1.055806364300587,-19.70801860123148,115,7,1.06,0.93,60.67282773311108,2.722702598743985,0,0
522,1,0,0,0,0,1,1.042312571401697,-11.76678772687383,230,7,1.06,0.93,28.96943531028625,1.908694604678925,0,0
523,1,130.68,22.58,0,0,1,1.034239196683355,-16.28215071387719,115,7,1.06,0.93,17.24874353176299,3.492414089871643,0,0
524,1,130.68,27.73,0,0,1,1.022908232160492,-19.25030107082111,115,7,1.06,0.93,158.5984956045564,4.04182175229467,0,0
525,1,0,0,0,100.748,1,1.058267193113259,-5.576507103298199,500,7,1.06,0.93,33.98031769634174,1.009034085736116,0,0
526,1,0,0,0,0,1,1.047277512410413,-10.3160939530573,230,7,1.06,0.93,32.28804978189328,1.594377446113864,0,0
527,1,130.68,12.62,0,0,1,1.056554747689068,-15.3858925399442,115,7,1.06,0.93,32.48806165110945,2.068167735990424,0,0
528,1,0,0,0,0,1,1.054924422304933,-14.7489674329735,13.8,7,1.06,0.93,32.45842378806796,2.010684834416339,0,0
529,1,0,0,0,0,1,1.041731367094404,-11.66585595707845,230,7,1.06,0.93,35.2265049865855,2.040503430594428,0,0
530,1,0,0,0,0,1,1.039400697529835,-19.50161039337296,115,7,1.06,0.93,79.20784627076966,2.701467807558507,0,0
531,1,68.84,5.03,0,0,1,1.019506941140981,-22.24033655018962,13.8,7,1.06,0.93,64.97638502606939,4.118715880983598,0,0
532,1,0,0,0,0,1,1.042055401099334,-11.60709183386301,230,7,1.06,0.93,34.95200161821404,2.032203001651611,0,0
533,1,0,0,0,0,1,1.039837288200933,-19.80626732541363,115,7,1.06,0.93,84.74161056001957,2.216843479282241,0,0
534,1,68.84,15.8,0,0,1,1.039493055981443,-19.84032875586019,115,7,1.06,0.93,84.77575469627676,2.224701533175496,0,0
535,1,0,0,0,0,1,1.016316708705931,-18.43918737930466,115,7,1.06,0.93,27.64487981181535,3.628687677010113,0,0
536,1,46.61,8.529999999999999,0,0,1,1.016091601058186,-18.46760199509741,115,7,1.06,0.93,27.65563806959206,3.630662037822999,0,0
537,1,0,0,0,0,1,1.01653821322778,-18.41341796137825,115,7,1.06,0.93,27.63420608302676,3.626718865000925,0,0
538,1,0,0,0,0,1,1.016316708705931,-18.43918737930466,115,7,1.06,0.93,27.64487981174293,3.628687676730786,0,0
539,1,0,0,0,0,1,1.016316708705931,-18.43918737930466,115,7,1.06,0.93,27.64487981174552,3.628687676717853,0,0
540,1,0,0,0,0,1,1.01839246252605,-18.23832200117845,115,7,1.06,0.93,34.90148816201425,3.334631903157242,0,0
541,1,20.37,13.88,0,0,1,1.018197116811817,-18.24912837662478,115,7,1.06,0.93,34.90596033420101,3.33768045037105,0,0
542,1,30.7,4.22,0,0,1,1.020617328067412,-18.12690434959667,115,7,1.06,0.93,34.58965760661809,3.315444352634823,0,0
543,1,0,0,0,0,1,1.03577175731197,-12.81277569881875,230,7,1.06,0.93,34.31508444950212,2.159018121591806,0,0
544,1,0,0,0,0,1,1.023018248414971,-17.93280663733482,115,7,1.06,0.93,35.22850987561768,3.236986440635416,0,0
545,1,87.42,13.88,0,0,1,1.035412837125405,-12.86229646204704,230,7,1.06,0.93,34.33295202513266,2.161870857017349,0,0
546,1,0,0,0,0,1,1.036627554041087,-12.69463767459531,230,7,1.06,0.93,34.26560231531098,2.137364277439999,0,0
547,1,87.42,35.24,0,0,1,1.013620720149518,-18.70056401414088,115,7,1.06,0.93,31.08569519376378,3.42173314729807,0,0
548,1,13.16,5.5,0,0,1,1.044375606707107,-19.45877297224632,115,7,1.06,0.93,51.67730156772395,2.780548476302012,0,0
549,2,0,0,0,0,1,1.059999976076635,-14.07298981952957,115,7,1.06,0.93,27.55973373612376,1.957995931662652e-08,96.29983591988358,0
550,1,94.44,11.13,0,0,1,1.059696858256554,-14.12478638981938,115,7,1.06,0.93,27.56947006079638,0.001156318011099725,0,0
551,1,0,0,0,0.00196084330526,1,1.05302875058753,-10.84234370005013,230,7,1.06,0.93,34.50723709401199,0.7058802361165907,0,0
552,1,0,0,0,0,1,1.056863850171361,-14.31363444226068,115,7,1.06,0.93,28.51712132848978,-0.03873184327898441,0,0
553,1,94.44,3.24,0,0,1,1.044199078169491,-16.94716415876252,13.8,7,1.06,0.93,30.94428472650305,0.17150236511844,0,0
554,1,0,0,0,0,1,1.053227705600648,-10.80054219357263,230,7,1.06,0.93,34.53860286449932,0.7058127644791188,0,0
555,1,6.84,2.91,0,0,1,1.041317869654162,-19.29854457579985,115,7,1.06,0.93,49.32910506666063,2.8111647136265,0,0
556,1,0,0,0,0,1,1.041363076638245,-19.29520650044925,115,7,1.06,0.93,49.32718407069198,2.810347316538035,0,0
557,1,0,0,0,0,1,1.048718928417832,-19.58865571777115,115,7,1.06,0.93,50.31114343323836,2.686890555008258,0,0
558,1,2.26,0.65,0,0,1,1.048706288768256,-19.5899485999052,115,7,1.06,0.93,50.31178957161452,2.687076405102811,0,0
559,1,0,0,0,0,1,1.047068769323971,-19.49975164495702,115,7,1.06,0.93,81.29813686279742,1.454870925882598,0,0
560,1,0,0,0,0,1,1.058307196627743,-6.057458682330108,500,7,1.06,0.93,34.20910456016476,0.7437384323246181,0,0
561,1,0,0,0,0,1,1.054855305365868,-9.477837834217452,230,7,1.06,0.93,35.651614388746,0.8940959393703944,0,0
562,1,0,0,0,0,1,1.047069907671258,-12.8049597560514,115,7,1.06,0.93,47.66040182515713,3.645172664231501,0,0
563,1,0,0,0,0,1,1.048769365716244,-11.9268959320662,13.8,7,1.06,0.93,44.46146385065949,3.054774141203271,0,0
564,1,0,0,0,0,1,1.058307196627743,-6.057458682330108,22,7,1.06,0.93,34.20910455734737,0.7437382089831831,0,0
565,1,0,0,0,0,1,1.058307196627743,-6.057458682330108,13.8,7,1.06,0.93,34.20910455798769,0.7437382938887859,0,0
566,1,0,0,0,0,1,1.058307196627743,-6.057458682330108,13.8,7,1.06,0.93,34.20910455824382,0.7437383110491943,0,0
567,1,0,0,0,0,1,1.058307196627743,-6.057458682330108,13.8,7,1.06,0.93,34.20910455670706,0.7437382362605489,0,0
568,1,0,0,0,0,1,1.058307196627743,-6.057458682330108,13.8,7,1.06,0.93,34.20910455747544,0.7437382418953098,0,0
569,2,0,0,0,0,1,1.059999999615609,-5.979518355814142,24,7,1.06,0.93,34.19718373445853,1.573996957571029e-09,6024.746212763978,0
570,1,0,0,0,0,1,1.058307196627743,-6.057458682330108,13.8,7,1.06,0.93,34.20910455696319,0.7437381782481234,0,0
571,2,0,0,0,0,1,1.059999999550421,-5.897630724925164,13.8,7,1.06,0.93,34.1941606445793,7.932772272538906e-10,5151.379097790873,0
572,1,0,0,0,0,1,1.058307196627743,-6.057458682330108,13.8,7,1.06,0.93,34.20910455542644,0.7437380877077596,0,0
573,1,0,0,0,0,1,1.046425801516968,-12.94024833169677,115,7,1.06,0.93,48.17071573584879,3.613225303795341,0,0
574,1,0,0,0,0,1,1.023605568703025,-17.74326323865301,345,8,1.06,0.93,20.9398757889211,0.4254648264040055,0,0
575,1,0,0,0,0,1,1.023605568703025,-17.74326323865301,345,8,1.06,0.93,20.93987578891347,0.4254648263239086,0,0
576,1,0,0,0,-63.285,1,1.005452506553288,-16.63268175404374,345,8,1.06,0.93,21.0000521252005,0.6146278443861507,0,0
577,1,0,0,0,0,1,1.005452506553288,-16.63268175404374,345,8,1.06,0.93,21.00005212519816,0.6146278443614865,0,0
578,2,18.41,30.81,0,0,1,1.059999998955929,-15.96480304050933,345,8,1.06,0.93,20.39908204410492,1.746898900315543e-08,2227.462534190161,0
579,2,30.55,37.56,0,0,1,1.059999999186838,-15.94623411038498,345,8,1.06,0.93,20.39256584029935,1.414065110484021e-08,2897.226127815998,0
580,1,18.41,30.81,0,0,1,1.053436648822182,-12.35454911043898,500,8,1.06,0.93,18.44959311961187,0.3870335200546659,0,0
581,1,18.41,30.81,0,0,1,1.053502574515257,-12.33658771039194,500,8,1.06,0.93,18.43452079028735,0.3858372815628331,0,0
582,1,39.73,60.88,0,0,1,1.026868916510897,-15.64935680810268,345,8,1.06,0.93,21.18914622525924,0.7694786875743166,0,0
583,1,0,0,0,0,1,1.026868916510897,-15.64935680810268,345,8,1.06,0.93,21.18914622525025,0.7694786874798949,0,0
584,1,0,0,0,0,1,1.021275661882638,-17.7308747784461,345,8,1.06,0.93,21.00120241758745,0.4799499622732858,0,0
585,1,0,0,0,0,1,1.021219442438985,-17.73004624050522,345,8,1.06,0.93,21.00270209103226,0.4813621523854082,0,0
586,1,67.53,182.69,0,0,1,1.024316281931583,-13.15423987521932,345,8,1.06,0.93,19.53076844348269,0.9149511771134755,0,0
587,2,0,0,0,152.666683289,1,1.059997090120464,-8.000326703248229,500,8,1.06,0.93,15.0668354802904,1.661404991906979e-09,0.7991973940714474,0
588,1,0,0,0,-9.99997701893,1,1.059868762721007,-12.85016451927983,345,8,1.06,0.93,18.82242530810836,0.9885343931573911,0,0
589,1,0,0,0,0,1,1.050209801404021,-11.06174537737731,500,8,1.06,0.93,18.73931972383313,0.9588072699262379,0,0
590,1,0,0,0,0,1,1.05030703548196,-11.06723120388889,500,8,1.06,0.93,18.74559706817098,0.9532436850692827,0,0
591,1,0,0,0,22.6090610561,1,1.045874202811003,-9.600377895522048,500,8,1.06,0.93,18.14675717438024,1.389221610021441,0,0
592,1,0,0,0,0,1,1.045979205137528,-9.619072712077168,500,8,1.06,0.93,18.15424421530851,1.384131672468999,0,0
593,1,123.89,17.1,0,0,1,1.046697712427505,-15.5094743549749,345,8,1.06,0.93,19.16201016580755,1.04377025379243,0,0
594,1,0,0,0,0,1,1.059665009813236,-18.50923543898065,138,8,1.06,0.93,22.34191273524197,-5.42847216210778e-05,0,0
595,1,23.7,8.800000000000001,0,6.261,1,1.0599940031591,-18.06639388105789,138,8,1.06,0.93,25.71393769788649,-0.07811236896543244,0.5011013571275648,0
596,2,29.49,33.79,0,0,1,1.059713081869398,-18.47562464273459,138,8,1.06,0.93,22.33850107282217,4.453216997241536e-09,0,0
597,1,0,0,0,0,1,1.059713081869398,-18.47562464273459,138,8,1.06,0.93,22.33850106671782,-5.887932857850912e-08,0,0
598,1,10.06,2.15,0,5.39683649115,1,1.043722944321065,-14.40293182841803,138,8,1.06,0.93,15.17201012218908,0.008131274839493359,0,0
599,1,85.11,40.63,0,0,1,1.002560375633215,-21.26356738179376,138,8,1.06,0.93,21.05575237962507,0.487288460180735,0,0
600,1,94.37,-6.26,0,0,1,1.055669757460404,-19.40608812461485,138,8,1.06,0.93,22.55295820647431,-0.010970865826452,0,0
601,1,0,0,0,0,1,1.059999997542481,-18.29020823321537,138,8,1.06,0.93,22.17774595737104,-0.0190186682535752,921.0797924175283,0
602,1,33.56,13,0,0,1,1.012617663454637,-18.07840886320781,138,8,1.06,0.93,21.07812580765177,0.5202159632101873,0,0
603,1,38.33,23.82,0,0,1,1.01270447788201,-18.06601554543321,138,8,1.06,0.93,21.07751224170873,0.5200798662347585,0,0
604,1,298.5,30.74,0,0,1,1.018284995927986,-17.35308575589482,138,8,1.06,0.93,16.96760505045212,1.061027944973348,0,0
605,1,149.61,-16.57,0,-38.3905811468,1,1.043963486746934,-14.32068400094209,138,8,1.06,0.93,15.15149392784503,0.01582442982010475,0,0
606,1,36.77,2.89,0,12.0268641938,1,1.042988000578234,-14.8515051210419,138,8,1.06,0.93,15.25031417655844,-0.01102474488045355,0,0
607,1,1.84,0.48,0,0,1,1.002400150823444,-21.273141824011,138,8,1.06,0.93,21.06078791538516,0.4884592859268206,0,0
608,1,7.18,1.95,0,0,1,1.001420145018831,-21.35494617154759,138,8,1.06,0.93,21.08645756163264,0.4951692346543902,0,0
609,1,3.19,0.86,0,0,1,1.059516662243098,-18.36575857303636,138,8,1.06,0.93,23.60282519081779,-0.0339813308084987,0,0
610,1,14.29,-0.31,0,0,1,1.047946477975296,-11.57262175157462,138,8,1.06,0.93,21.46357823634881,0.4324570743209302,0,0
611,1,17.74,0.01,0,0,1,1.042327714985734,-14.18373548945607,138,8,1.06,0.93,25.6414255014479,0.8896813689677114,0,0
612,1,0,0,0,0,1,1.055074632393747,-10.43515000238565,138,8,1.06,0.93,21.1635496027308,0.4217852226751863,0,0
613,1,0,0,0,0,1,1.055039505777574,-10.45255873512988,138,8,1.06,0.93,21.17254757022785,0.4211426364245318,0,0
614,1,8.01,1.65,0,0,1,1.038270818076788,-12.6163426431107,138,8,1.06,0.93,21.83152523197015,0.4630085851629894,0,0
615,1,6.47,0.51,0,0,1,1.042945697436207,-12.09737448651154,138,8,1.06,0.93,21.65719591475951,0.44620428444504,0,0
616,1,13.41,0,0,0,1,1.03701955934121,-12.90806586657598,138,8,1.06,0.93,21.89020042959666,0.4612766458948362,0,0
617,1,18.5,1.65,0,0,1,1.037684637715244,-12.80696858975849,138,8,1.06,0.93,21.86014778314727,0.4613831944999028,0,0
618,1,18.5,2.68,0,0,1,1.058754389171186,-9.372969966201172,138,8,1.06,0.93,21.29885312360953,0.03173895778811486,0,0
619,1,12.39,-0.14,0,0,1,1.054006527916457,-10.54078537702538,138,8,1.06,0.93,21.48293160467111,0.3370575679817205,0,0
620,2,20.04,3.19,0,0,1,1.059999999016961,-9.162516558843048,138,8,1.06,0.93,21.17787861327945,-5.440537060614689e-10,2366.100357606811,0
621,1,20.96,2.68,0,0,1,1.053799456317583,-10.3602111869788,138,8,1.06,0.93,21.93872261355881,0.1937836586350413,0,0
622,1,6.47,1.03,0,0,1,1.041497769498699,-15.1107939217,138,8,1.06,0.93,27.3081663325608,0.9852445762533197,0,0
623,1,5.36,0,0,-2.498,1,1.039699416671216,-12.19145397049812,138,8,1.06,0.93,24.55222007676681,0.002819367812566564,0,0
624,1,122.31,7.57,0,-123.974155943,1,1.047798208573744,-15.63641707358014,138,8,1.06,0.93,29.48991663766433,0.8138959225736373,0,0
625,2,0.01,0,0,0,1,1.059999997290594,-8.716529323673612,138,8,1.06,0.93,20.71713744211312,-2.994275923673521e-08,859.9567559221798,0
626,1,22.51,3.19,0,0,1,1.042261924307164,-15.65521131880059,138,8,1.06,0.93,28.55992973731097,1.023344901992218,0,0
627,1,7.53,0,0,0,1,1.044069318689836,-11.9612788128002,138,8,1.06,0.93,21.60749805137854,0.448421192289507,0,0
628,1,0,0,0,0,1,1.041520425026601,-15.10867934188747,138,8,1.06,0.93,27.30724175643827,0.985097852661151,0,0
629,1,0,0,0,-3.29845074998,1,1.059999999783644,-8.000341949328883,500,8,1.06,0.93,15.04758245416611,-0.1986176306451258,10741.10298937249,0
630,2,651.15,0,0,0,1,1.057038123486248,-17.6121386829089,345,8,1.06,0.93,20.52765718135587,3.670991451858412e-10,0,0
631,1,134.15,28.55,0,30.406,1,1.043319833402261,-17.12554336263977,345,9,1.06,0.93,24.59072137823145,1.262765381410035,0,0
632,1,0,0,0,23.095361287,1,1.059999998878756,-14.23591150260374,345,9,1.06,0.93,29.02691415331128,-0.4242897858877802,2073.158833451067,0
633,2,0,0,0,0,1,1.054016119029493,-13.04995966925064,500,9,1.06,0.93,28.2657984350011,6.543916651735345e-09,0,0
634,2,0,0,0,0,1,1.030723576752603,-10.93751312790429,500,9,1.06,0.93,31.11493239640635,-1.092043108948331e-09,0,0
635,1,238.47,88.22,0,0,1,1.030752938348181,-10.9321919716724,500,9,1.06,0.93,31.10478847882307,0.0002468878589650874,0,0
636,1,0,0,0,0,1,1.010877261577297,-16.63623851766273,500,9,1.06,0.93,38.03650603230061,-0.4609754633327504,0,0
637,1,0,0,0,0,1,1.02653389653273,-15.91333090127574,345,9,1.06,0.93,33.70403262062049,-0.3353882878848122,0,0
638,1,0,0,0,0,1,1.026587088079179,-15.91493871029892,345,9,1.06,0.93,33.71394554537297,-0.3379386370134741,0,0
639,1,0,0,0,-66.624,1,1.022887119250361,-15.02199227223161,345,9,1.06,0.93,21.4513061598518,1.033328040453962,0,0
640,1,0,0,0,-75.05,1,1.022967986320344,-15.0091267734985,345,9,1.06,0.93,21.4564233978748,1.038172322833155,0,0
641,1,64.93000000000001,30.41,0,0,1,1.004611956685896,-16.77199845568839,345,9,1.06,0.93,21.0633071736167,0.6663730880100606,0,0
642,1,89.83,81.67,0,88.396,1,1.056812101732442,-8.426692944165012,500,9,1.06,0.93,30.40463869771774,-0.008880069572228729,0,0
643,1,0,0,0,0.00706483556024,1,1.03883463627191,-12.05740330220817,500,9,1.06,0.93,29.13549676849779,-0.08356567672257252,0,0
644,1,0,0,0,0,1,1.039075995312025,-12.06997472578933,500,9,1.06,0.93,29.12377824013452,-0.08281484081435316,0,0
645,2,16.88,41.08,0,0,1,1.02627813473468,-9.957571350969575,500,9,1.06,0.93,30.50355300724923,-6.528852509531452e-08,0,0
646,2,7.67,10.27,0,0,1,1.026515020022927,-9.967198096735606,500,9,1.06,0.93,30.51056923495555,1.921066119729276e-08,0,0
647,1,80.88,61.86,0,64.97988334750001,1,1.054252404190415,-16.03012887424776,345,9,1.06,0.93,30.43037336477652,-0.424464539046178,0,0
648,2,10.63,3.19,0,0,1,1.059999996306354,3.330743007659121,138,9,1.06,0.93,29.02380721388135,-1.501959075664425e-10,629.106329253768,0
649,1,22.48,1.03,0,0,1,1.01320719798975,-12.91882250417152,138,9,1.06,0.93,34.6061573335575,0.6331213679683795,0,0
650,1,12.49,1.36,0,0,1,1.013012932167506,-12.88517415282824,138,9,1.06,0.93,34.60580426007345,0.6296839065224016,0,0
651,1,21.74,4.33,0,0,1,1.020406365942698,-16.4954961332801,138,9,1.06,0.93,37.28603002481668,-0.03798346914454483,0,0
652,2,6.47,1.03,0,0,1,1.059999999374669,8.821002243407927,138,9,1.06,0.93,29.40201780928732,-6.860298705309745e-09,3699.507882501192,0
653,1,91.86,28.47,0,26.664,1,1.027301128854775,-16.98944872532505,138,9,1.06,0.93,38.50337161961471,-0.5697817865715841,0,0
655,1,0,0,0,0,1,1.018924701116327,-15.8822761305464,138,9,1.06,0.93,36.10169391839735,0.4360896462460487,0,0
656,1,6.06,21.39,0,0,1,1.035454216019029,-16.41876343344935,138,9,1.06,0.93,38.85106999122606,-0.5989484850263458,0,0
657,1,8.01,2.17,0,0,1,1.005152162824702,-14.19699641729124,138,9,1.06,0.93,35.39725137818574,0.6403356048645686,0,0
658,1,4.01,1.03,0,0,1,1.005087806843113,-14.18158160219569,138,9,1.06,0.93,35.39868042031091,0.6392952692768802,0,0
659,2,0.01,0.01,0,0,1,1.059638667700234,-5.562190140965215,138,9,1.06,0.93,30.84550915739502,8.871327850677224e-09,0,0
660,1,0.01,0.01,0,0,1,1.059447673630306,-5.526885084791991,138,9,1.06,0.93,30.8589401910485,0.0009591700735237906,0,0
661,1,24.04,5.36,0,0,1,1.003747681279558,-14.673360434344,138,9,1.06,0.93,35.64380932759073,0.6289120578722183,0,0
662,1,25.75,4.85,0,0,1,1.004690870672673,-14.23908765106641,138,9,1.06,0.93,35.41749628064251,0.6439325938689402,0,0
664,1,6.47,0.51,0,0,1,1.01742532059049,-15.8400978161468,138,9,1.06,0.93,36.08902956441409,0.4511495806562269,0,0
665,1,15.27,2.17,0,0,1,1.0340686062698,-16.58492701600802,138,9,1.06,0.93,38.91962392344821,-0.5895482272552026,0,0
666,1,16.65,1.03,0,0,1,1.006298498796496,-13.97614480864741,138,9,1.06,0.93,35.24782502847034,0.6431438382426333,0,0
667,2,22.51,3.19,0,0,1,1.059999997249448,8.047744696297178,138,9,1.06,0.93,28.29053015009866,-2.950843746956169e-09,844.8020987442686,0
668,1,11.57,1.03,0,0,1,1.059917022902336,7.860310898422575,138,9,1.06,0.93,28.24273291849639,-0.008259849247362531,0,0
669,1,3.24,0.51,0,0,1,1.025305038207435,-16.95434456846526,138,9,1.06,0.93,38.31404392760935,-0.5538353303464562,0,0
670,1,3.24,0.51,0,0,1,1.024961889456717,-16.94771955867919,138,9,1.06,0.93,38.28142981875941,-0.561838716977404,0,0
671,1,13.41,3.19,0,0,1,1.024988874283037,-16.96506783148908,138,9,1.06,0.93,38.30350709239871,-0.5564803389511689,0,0
672,1,8.789999999999999,1.03,0,0,1,1.007963279587298,-13.69467636063466,138,9,1.06,0.93,35.07524137357059,0.6432395118096911,0,0
673,1,38.88,6.42,0,0,1,1.019889810859079,-16.77407977013217,138,9,1.06,0.93,32.27276712838767,0.3128638998340384,0,0
674,2,14.5,2.68,0,0.000688750148895,1,1.0599999626487,-4.43564667765374,138,9,1.06,0.93,30.8115775570085,2.964675160580493e-08,52.31445205963666,0
675,2,64.48999999999999,13.11,0,0,1,1.022000487939232,-17.05669506644398,138,9,1.06,0.93,38.55872686360978,-0.4717870834666287,0,0
676,1,24.04,2.68,0,0,1,1.004129725352504,-14.91862418994449,138,9,1.06,0.93,35.761420607236,0.6039951662277471,0,0
677,1,30.52,7.01,0,0,1,1.021465648996426,-10.07554166899428,138,9,1.06,0.93,33.46608249460609,0.4997310087523993,0,0
678,1,12.8,2.78,0,0,1,1.015127256713545,-11.96642755194302,138,9,1.06,0.93,34.23529471217734,0.6012409811014297,0,0
679,1,25.75,6.5,0,0,1,1.018347903569274,-15.93656283853111,138,9,1.06,0.93,36.12482741616556,0.4419349714463706,0,0
680,1,11.26,1.3,0,0,1,1.040342478610761,-12.43481948684629,138,9,1.06,0.93,24.79420870246581,0.08969688447750912,0,0
681,1,8.01,0.51,0,0,1,1.035882560831055,1.947865730883109,138,9,1.06,0.93,36.40296583175875,0.1461484960526686,0,0
682,1,0,0,0,-28.295644746,1,1.033660415959338,-14.34653820635883,138,9,1.06,0.93,28.11329202600168,-0.3932849569269771,0,0
683,1,105.35,5.1,0,-18.0282977038,1,1.033382934838773,-14.39239573927412,138,9,1.06,0.93,28.11709725425527,-0.3922873806261836,0,0
684,2,14.5,1.03,0,0.059,1,1.037635897631005,-0.9900462732495283,138,9,1.06,0.93,38.98638218862016,-2.449385759063248e-08,0,0
685,1,12.8,3.19,0,0,1,1.004745444303824,-14.22422000059358,138,9,1.06,0.93,35.41398913507728,0.6430738518983865,0,0
686,1,0,0,0,0,1,1.005522669833291,-14.12334303045427,138,9,1.06,0.93,35.34823552757835,0.6412029185476541,0,0
687,1,29.4,2.06,0,9.64758779406,1,1.030577742925365,-15.20124167110367,138,9,1.06,0.93,28.47588353840227,-0.4967615868787139,0,0
688,2,46.71,4.33,0,0,1,1.059999997274259,-5.667587519040167,138,9,1.06,0.93,30.80935349591613,3.401566771987691e-09,834.8423606437339,0
689,1,28.98,4.85,0,0,1,1.03189016533641,-8.425115898396555,138,9,1.06,0.93,32.59736289653162,0.3774187022231228,0,0
690,2,17.72,1.03,0,0,1,1.059999997577818,7.319929832978588,138,9,1.06,0.93,28.00409015022586,-2.716899092591958e-09,957.2960536854449,0
691,1,27.28,4.33,0,0,1,1.007068874088331,-15.12490403879224,138,9,1.06,0.93,35.79112115692782,0.5917183095537785,0,0
692,1,0,0,0,0,1,1.017530717002532,-15.82491589634916,138,9,1.06,0.93,36.08278524322979,0.4506768445094142,0,0
693,2,0,0,0,0,1,1.05736107978247,-5.140825800509086,138,9,1.06,0.93,31.03028817325599,0.01969374350357374,0,0
694,1,0,0,0,-2.53784203966,1,1.057036331161532,-5.100708560167572,138,9,1.06,0.93,31.01886408741065,0.01683771671874463,0,0
695,1,0,0,0,0,1,1.030210469728761,-10.69651212266936,500,9,1.06,0.93,30.96285040940177,-0.001394480576346896,0,0
696,1,0,0,0,-1.903,1,1.040651396662376,-25.71085491268869,345,10,1.06,0.93,45.40210706713064,0.9786883599761868,0,0
697,1,0,0,0,-37.362,1,1.024127275130557,-24.21636163346129,345,10,1.06,0.93,45.46008993933729,1.318015077879655,0,0
698,1,185.97,9.23,0,0,1,1.026936086234263,-24.43611971990468,345,10,1.06,0.93,44.76105098586581,1.283161581994714,0,0
699,1,0,0,0,0,1,1.015308103831343,-21.79150611808446,138,10,1.06,0.93,33.77752126346027,-0.1534892563640917,0,0
700,1,9.68,2.26,0,0,1,1.022070131992798,-19.15319230646366,138,10,1.06,0.93,33.57454555831146,-0.02333196316459741,0,0
701,1,0,0,0,0,1,1.022127298091642,-19.18300421352907,138,10,1.06,0.93,33.53831592974952,-0.03030676819628221,0,0
702,1,36.23,21.67,0,0,1,1.022226580519546,-20.33685055576597,138,10,1.06,0.93,32.07278370212112,-0.03266166929100802,0,0
703,1,0,0,0,0,1,1.022068273371304,-20.31742820752427,138,10,1.06,0.93,32.19126907379761,-0.01348473932192615,0,0
704,1,8.380000000000001,2.37,0,0,1,1.014905422026222,-22.02513538312599,138,10,1.06,0.93,33.1671042877047,-0.1061717777424369,0,0
705,1,0,0,0,0,1,1.015104909216503,-22.00712822162111,138,10,1.06,0.93,33.16048702069079,-0.1080212530404761,0,0
706,1,20.21,-8.130000000000001,0,0,1,1.015821966147588,-22.13640106706919,138,10,1.06,0.93,32.51916622331462,-0.08887722767303483,0,0
707,1,25.54,-8.01,0,0,1,1.0158136138772,-22.14208451944095,138,10,1.06,0.93,32.55234835703595,-0.08594648848230609,0,0
708,1,0,0,0,0,1,1.015813854117174,-22.14208867911553,138,10,1.06,0.93,32.55234834439031,-0.08595121564290947,0,0
709,1,0,0,0,0,1,1.015822186936538,-22.13640503766757,138,10,1.06,0.93,32.51916621082999,-0.08888173536827797,0,0
710,1,8.02,1.86,0,0,1,1.02200135145826,-20.35692424632652,138,10,1.06,0.93,32.08133014152192,-0.03071269437047995,0,0
711,1,2.45,0.51,0,0,1,1.02397245587991,-21.27519642911992,138,10,1.06,0.93,33.30216386820313,0.04240649286394951,0,0
712,1,2.95,0.62,0,0,1,1.023873058090485,-21.26499815908684,138,10,1.06,0.93,33.29010042491088,0.03802991965421326,0,0
713,1,4.27,0.92,0,0,1,1.015772858036706,-22.14176022716542,138,10,1.06,0.93,32.52092503592498,-0.08850475788713624,0,0
714,1,12.46,2.83,0,0,1,1.045118656873692,-20.26172705889253,138,10,1.06,0.93,24.82067065549757,0.04917581917291734,0,0
715,1,0,0,0,0,1,1.045717367312918,-20.24520359233982,138,10,1.06,0.93,24.64735426607167,0.01894966209317324,0,0
716,1,11.97,2.63,0,0,1,1.023404535470269,-18.90583181102123,138,10,1.06,0.93,33.72613586835391,-0.02908912666930428,0,0
717,1,0,0,0,0,1,1.023553017737369,-18.97134833621638,138,10,1.06,0.93,33.64128529518882,-0.0445190558911369,0,0
718,1,7.55,2.1,0,0,1,1.036886350995663,-15.86823957049339,138,10,1.06,0.93,35.57208760528636,0.002047360948071888,0,0
719,1,10.74,14.38,0,0,1,1.015185872446846,-21.78963245803686,138,10,1.06,0.93,33.7775312329314,-0.1512800906759221,0,0
720,1,39.53,7.18,0,0,1,1.024576729668702,-18.334185874252,138,10,1.06,0.93,34.28297917495468,-0.02539470731994772,0,0
721,1,8.9,1.95,0,0,1,1.024710065528138,-18.21664812499725,138,10,1.06,0.93,34.36152014597226,-0.00937114762067375,0,0
722,1,13.95,3.14,0,0,1,1.031725449147832,-20.36329276317019,138,10,1.06,0.93,28.85437056643744,0.0226527646559816,0,0
723,1,0,0,0,0,1,1.032290336474575,-20.35222717278171,138,10,1.06,0.93,28.67703678390189,-0.006714999187027005,0,0
724,1,9.789999999999999,2.85,0,0,1,1.01483217914431,-22.12472752530948,138,10,1.06,0.93,32.86031215669427,-0.09254667628037733,0,0
725,1,12.75,3.78,0,0,1,1.014883591418736,-22.13018521603636,138,10,1.06,0.93,32.83074744584616,-0.09578698191579102,0,0
726,1,57.79,9.949999999999999,0,0,1,1.022081967841209,-18.60469996298622,138,10,1.06,0.93,34.3888568102166,-0.006145519805103177,0,0
727,1,7.55,1.67,0,0,1,1.022208105944446,-18.57883209031887,138,10,1.06,0.93,34.38581924238282,-0.006669925277465019,0,0
728,1,0,0,0,0,1,1.021716644267642,-20.68607873907638,138,10,1.06,0.93,32.55341888213346,0.0138196552194751,0,0
729,1,15.91,3.55,0,0,1,1.02162315095182,-20.67447124962757,138,10,1.06,0.93,32.5411613360764,0.009143716012638541,0,0
730,1,6.06,1.39,0,0,1,1.036828170635401,-15.87175647537924,138,10,1.06,0.93,35.57623416267863,0.002584779878462516,0,0
731,1,4.59,0.82,0,0,1,1.036932793223652,-15.86660246776997,138,10,1.06,0.93,35.57193239797805,0.001227286141736555,0,0
732,1,5.58,1.26,0,0,1,1.019163979001393,-20.86570782024492,138,10,1.06,0.93,32.66111853434518,-0.05657179612049251,0,0
733,1,6.55,1.59,0,0,1,1.018910830174157,-20.86148329607772,138,10,1.06,0.93,32.74641494625511,-0.04234402120679855,0,0
734,1,0,0,0,0,1,1.019554598150911,-20.84199566390075,138,10,1.06,0.93,32.64289824275768,-0.06054263552349078,0,0
735,1,0,0,0,0,1,1.019379808091681,-20.83397952550873,138,10,1.06,0.93,32.72494682538239,-0.04741453597586615,0,0
736,1,18.7,4.07,0,0,1,1.021091830269654,-19.71250811441681,138,10,1.06,0.93,33.03754965858501,-0.0301659744555516,0,0
737,1,0,0,0,0,1,1.021319196070158,-19.69042446387954,138,10,1.06,0.93,33.02880767180089,-0.03206581649671776,0,0
738,2,4.43,1.07,0,0,1,1.037090712725985,-15.85061734478357,138,10,1.06,0.93,35.5646442457106,-2.031165955191059e-09,0,0
739,1,0,0,0,0,1,1.05624774390819,-20.09765097926329,138,10,1.06,0.93,21.77553469248376,0.03124625258723947,0,0
740,2,6.57,2.29,0,0,1,1.056846058608784,-20.08138786569928,138,10,1.06,0.93,21.60586061573262,1.911436786964004e-08,0,0
741,1,0,0,0,0,1,1.015814071450637,-22.14209312240612,138,10,1.06,0.93,32.55234833099605,-0.08595626467028261,0,0
742,1,1.15,0.31,0,0,1,1.024608749474811,-21.37718435084565,138,10,1.06,0.93,33.45287844674962,0.04007341994353684,0,0
743,1,0,0,0,-1.15,1,1.024717232993793,-21.38576457804605,138,10,1.06,0.93,33.46473980053959,0.04435964134042385,0,0
744,1,0.8100000000000001,0.31,0,0,1,1.034232550638551,-20.34219368563859,138,10,1.06,0.93,28.08594213970497,0.01574081075492641,0,0
745,1,0,0,0,0,1,1.034232550638551,-20.34219368563859,138,10,1.06,0.93,28.08594213965242,0.01574081020964488,0,0
746,1,0,0,0,0,1,1.034233150118065,-20.34210690936615,138,10,1.06,0.93,28.08594209077308,0.01574079229060799,0,0
747,2,0,0,0,0,1,1.056708592005843,-25.38048164764114,345,11,1.06,0.93,45.3538593671975,0.9072054104792039,0,0
748,1,0,0,0,-19.101,1,1.02651969186353,-23.66483501786548,345,11,1.06,0.93,44.94668348888746,1.573541328365974,0,0
749,1,128.95,9.23,0,0,1,1.028031435429578,-24.20682472627181,345,11,1.06,0.93,44.83876319532984,1.412619448677866,0,0
750,1,0,0,0,0,1,1.024483959829267,-20.89537107168114,138,11,1.06,0.93,32.01876445377254,-0.002094150888088506,0,0
751,1,9.68,2.26,0,0,1,1.036042913192054,-20.81067563346412,138,11,1.06,0.93,23.24022379654636,0.02393716782029847,0,0
752,1,0,0,0,0,1,1.035864745621792,-20.80676321859457,138,11,1.06,0.93,23.30692321641935,0.03707368622691501,0,0
753,1,36.23,21.67,0,0,1,1.030621123099182,-20.31844233546266,138,11,1.06,0.93,26.36894524930762,0.101525595491167,0,0
754,1,0,0,0,0,1,1.030781472107897,-20.3724283210817,138,11,1.06,0.93,26.35934663431831,0.09767321215844893,0,0
755,1,8.380000000000001,2.37,0,0,1,1.024718893623515,-21.25047338545521,138,11,1.06,0.93,32.8546027261765,0.05603544732746948,0,0
756,1,0,0,0,0,1,1.024916445172777,-21.23280900640358,138,11,1.06,0.93,32.84806430911527,0.05420814674050128,0,0
757,1,22.63,-8.130000000000001,0,0,1,1.026465042460793,-21.4927342665905,138,11,1.06,0.93,33.63686718847408,0.1288148837740446,0,0
758,1,20.66,-8.01,0,0,1,1.026291133565964,-21.4819396604717,138,11,1.06,0.93,33.59162300559201,0.1146747457631066,0,0
759,1,0,0,0,0,1,1.026291376283871,-21.48194382014628,138,11,1.06,0.93,33.59162302195404,0.1146698673006236,0,0
760,1,0,0,0,0,1,1.026465265563016,-21.49273823718888,138,11,1.06,0.93,33.63686720603657,0.1288102207734077,0,0
761,1,8.02,1.86,0,0,1,1.030397757328982,-20.33819080676497,138,11,1.06,0.93,26.37595408283663,0.1031237747631564,0,0
762,1,2.45,0.51,0,0,1,1.017859790502334,-21.74326702125059,138,11,1.06,0.93,31.02583485464575,-0.1586066744543643,0,0
763,1,2.95,0.62,0,0,1,1.017949400233625,-21.72425822853719,138,11,1.06,0.93,30.96145918505498,-0.1656539217784313,0,0
764,1,4.27,0.92,0,0,1,1.026416451552813,-21.49798298377988,138,11,1.06,0.93,33.63869190771958,0.1292013176382967,0,0
765,1,12.46,2.83,0,0,1,1.049243346876338,-16.43934984123005,138,11,1.06,0.93,24.97411415031534,0.08256269512024657,0,0
766,1,0,0,0,0,1,1.049439739983991,-16.33261812500393,138,11,1.06,0.93,24.95816113340245,0.07774561734025187,0,0
767,1,11.97,2.63,0,0,1,1.037761210524535,-20.77875540799582,138,11,1.06,0.93,22.87050743748467,0.02513427609987952,0,0
768,1,0,0,0,0,1,1.037375668115191,-20.76364886708892,138,11,1.06,0.93,23.03208655399268,0.05529436016835974,0,0
769,1,7.55,2.1,0,0,1,1.059800109277951,-20.55971688223977,138,11,1.06,0.93,16.99465260992564,0.0009353214841273725,0,0
770,2,10.74,14.38,0,0,1,1.024360623777548,-20.89349741163353,138,11,1.06,0.93,32.01876452723425,-6.50253514138705e-09,0,0
771,1,39.53,7.18,0,0,1,1.040766128710142,-20.89430757437768,138,11,1.06,0.93,21.55448262909607,0.02132730327319519,0,0
772,1,8.9,1.95,0,0,1,1.041591994973014,-20.86479575724978,138,11,1.06,0.93,21.35127788999243,-0.01230267511326345,0,0
773,1,13.95,3.14,0,0,1,1.037791855664959,-18.64920235103636,138,11,1.06,0.93,25.75810214696183,0.1212846775244934,0,0
774,1,0,0,0,0,1,1.037883066121835,-18.54668649912387,138,11,1.06,0.93,25.74216315505928,0.1185378860072132,0,0
775,1,9.789999999999999,2.85,0,0,1,1.025086243656972,-21.41715631618549,138,11,1.06,0.93,33.26257597968874,0.09803116851569581,0,0
776,1,12.75,3.78,0,0,1,1.025187678925743,-21.42784689828411,138,11,1.06,0.93,33.29458625591031,0.1072602139625154,0,0
777,1,12.63,9.949999999999999,0,0,1,1.036754094206612,-21.07801334002299,138,11,1.06,0.93,22.00681554970748,0.001018125605031837,0,0
778,1,7.55,1.67,0,0,1,1.03705687156809,-21.05881439066301,138,11,1.06,0.93,21.96566705012328,-0.002411342332037314,0,0
779,1,0,0,0,0,1,1.026037576224194,-20.85791449771144,138,11,1.06,0.93,27.75173274813342,0.0515004003426236,0,0
780,1,15.91,3.55,0,0,1,1.02613658698995,-20.83780684727871,138,11,1.06,0.93,27.68810225636878,0.04234437691839338,0,0
781,1,6.06,1.39,0,0,1,1.059743260097615,-20.56308514775492,138,11,1.06,0.93,16.99654878737343,0.001179880395793084,0,0
782,1,4.59,0.82,0,0,1,1.059845636184204,-20.55815159003239,138,11,1.06,0.93,16.99458146434064,0.0005587846907379275,0,0
783,1,5.58,1.26,0,0,1,1.027888428960555,-20.55972069747633,138,11,1.06,0.93,28.24231954086389,0.08357713358900103,0,0
784,1,6.55,1.59,0,0,1,1.027855288361154,-20.60465763460744,138,11,1.06,0.93,28.24008663768992,0.08136506685838139,0,0
785,1,0,0,0,0,1,1.028275662840614,-20.53640696102116,138,11,1.06,0.93,28.22670623691892,0.08017588203934679,0,0
786,1,0,0,0,0,1,1.028320113142489,-20.57762794206212,138,11,1.06,0.93,28.22176375267169,0.07703906472436076,0,0
787,1,18.7,4.07,0,0,1,1.032903838460241,-20.72954609691893,138,11,1.06,0.93,24.46057692870129,0.06159604976625228,0,0
788,1,0,0,0,0,1,1.033128595409163,-20.70796440891813,138,11,1.06,0.93,24.45418364981419,0.06020675846619859,0,0
789,2,4.43,1.07,0,0,1,1.059999998376541,-20.54284741388549,138,11,1.06,0.93,16.99124877812817,1.135097841271481e-07,1430.830346925807,0
790,1,0,0,0,0,1,1.059745404157254,-14.69292718676968,138,11,1.06,0.93,24.3757783215253,0.006323028993070448,0,0
791,2,6.57,2.29,0,0.336,1,1.059999996178832,-14.5876208572081,138,11,1.06,0.93,24.36042186285133,1.192021372287626e-08,606.709927948824,0
792,1,0,0,0,0,1,1.026291595859001,-21.48194826343687,138,11,1.06,0.93,33.5916230396297,0.1146646569739491,0,0
793,1,1.15,0.31,0,0,1,1.016302810970041,-21.90582559494534,138,11,1.06,0.93,31.71139646968194,-0.2324182402202453,0,0
794,1,0,0,0,-2.22,1,1.01622304468309,-21.92325673881894,138,11,1.06,0.93,31.77577478282237,-0.2258366398171101,0,0
795,1,0.8100000000000001,0.31,0,0,1,1.039661875790786,-18.22738082528259,138,11,1.06,0.93,25.61691571649163,0.1177080515940319,0,0
796,1,0,0,0,0,1,1.039661875790786,-18.22738082528259,138,11,1.06,0.93,25.61691571641997,0.1177080508505816,0,0
797,1,0,0,0,0,1,1.039662472139684,-18.22729495296972,138,11,1.06,0.93,25.6169153624219,0.1177079164435428,0,0
99994,1,0,0,0,0,1,1.048769365716244,-11.9268959320662,1,7,1.06,0.93,44.4614638587194,3.054774175033409,0,0
99995,1,0,0,0,0,1,1.051495266126881,-14.92586137769019,1,7,1.06,0.93,30.61705926205379,0.1486997396796359,0,0
99996,1,0,0,0,0,1,1.032638821083733,-18.29710767678289,1,7,1.06,0.93,63.72773199188896,3.940510651225227,0,0
99997,1,0,0,0,0,1,1.054924422304933,-14.7489674329735,1,7,1.06,0.93,32.45842381847557,2.010685166859014,0,0
