1,2,0.0303,0.0999,0.0254,0,0,0,0,0,1,-360,360,-3.286667756877425,-6.177112024545801,3.296332733092669,3.482877613868,0,0,0,0
1,3,0.0129,0.0424,0.01082,0,0,0,0,0,1,-360,360,-21.22650020108797,-5.822959114852702,21.28427614627714,4.852473759298976,0,0,0,0
4,5,0.00176,0.007979999999999999,0.0021,0,0,0,0,0,1,-360,360,-96.264680608077,55.37142352630601,96.45806712352959,-54.72998092852261,0,0,0,0
3,5,0.0241,0.108,0.0284,0,0,0,0,0,1,-360,360,-54.9554957516198,-6.532448068412846,55.63661906464586,6.466954160541749,0,0,0,0
5,6,0.0119,0.054,0.01426,0,0,0,0,0,1,-360,360,80.85288041164659,-7.652256534564311,-80.15218841510178,9.244464915100753,0,0,0,0
6,7,0.00459,0.0208,0.0055,0,0,0,0,0,1,-360,360,28.16417249940553,2.040561925674961,-28.13108963519672,-2.499164792006552,0,0,0,0
8,9,0.00244,0.0305,1.162,0,0,0,0,0,1,-360,360,-394.5833316428941,-74.80557731592273,398.0922013922078,-9.575092576028176,0,0,0,0
8,5,0,0.0267,0,0,0,0,0.985,0,1,-360,360,301.1964562833083,8.429628836899571,-301.1964562833085,13.27399393918348,0,0,0,0
9,10,0.00258,0.0322,1.23,0,0,0,0,0,1,-360,360,-398.0922013378565,9.575092621847347,401.873279059306,-99.67544132489088,0,0,0,0
4,11,0.0209,0.0688,0.01748,0,0,0,0,0,1,-360,360,57.26471144289971,4.146494016443877,-56.64984832740161,-4.06073954036314,0,0,0,0
5,11,0.0203,0.0682,0.01738,0,0,0,0,0,1,-360,360,68.24888981838637,-2.086909619950914,-67.40306246005974,3.006039891327414,0,0,0,0
11,12,0.00595,0.0196,0.00502,0,0,0,0,0,1,-360,360,22.90204845537142,-28.21688663570894,-22.83106601504897,27.89938170433071,0,0,0,0
2,12,0.0187,0.0616,0.01572,0,0,0,0,0,1,-360,360,-23.29633275453042,-12.48287753589655,23.41384018529057,11.15529986649947,0,0,0,0
3,12,0.0484,0.16,0.0406,0,0,0,0,0,1,-360,360,-5.328780439762121,-8.320025579278843,5.358431419202897,3.992939075263092,0,0,0,0
7,12,0.008619999999999999,0.034,0.00874,0,0,0,0,0,1,-360,360,9.131089695005947,0.4991656156287886,-9.124508180672535,-1.43768348975462,0,0,0,0
11,13,0.02225,0.0731,0.01876,0,0,0,0,0,1,-360,360,31.15086234022494,6.271586338784904,-30.94269739596467,-7.617766187714263,0,0,0,0
12,14,0.0215,0.0707,0.01816,0,0,0,0,0,1,-360,360,14.44888925959175,-3.614744869464018,-14.4068407673904,1.753237351770499,0,0,0,0
13,15,0.07439999999999999,0.2444,0.06268,0,0,0,0,0,1,-360,360,-3.057302588492174,-8.382233622173679,3.081379982546937,1.661730736392831,0,0,0,0
14,15,0.0595,0.195,0.0502,0,0,0,0,0,1,-360,360,0.4068407970789751,-2.753237097744095,-0.4067512331830924,-2.767152235170893,0,0,0,0
12,16,0.0212,0.0834,0.0214,0,0,0,0,0,1,-360,360,7.393709078089055,1.764497682603565,-7.381529422647811,-4.067166451942769,0,0,0,0
15,17,0.0132,0.0437,0.0444,0,0,0,0,0,1,-360,360,-83.40332850102381,-3.334615855696102,84.23855244515008,1.16447629085602,0,0,0,0
16,17,0.0454,0.1801,0.0466,0,0,0,0,0,1,-360,360,-17.61847043828334,-5.932833325559249,17.75198802286973,1.294550568294004,0,0,0,0
17,18,0.0123,0.0505,0.01298,0,0,0,0,0,1,-360,360,62.08637522086863,5.292372093879819,-61.66043123142082,-4.988756877716432,0,0,0,0
18,19,0.01119,0.0493,0.01142,0,0,0,0,0,1,-360,360,14.8856664519659,1.453832215241039,-14.86274994909034,-2.609653968593586,0,0,0,0
19,20,0.0252,0.117,0.0298,0,0,0,0,0,1,-360,360,-2.697358416575493,9.347442061120724,2.72671827521906,-12.44668909248029,0,0,0,0
15,19,0.012,0.0394,0.0101,0,0,0,0,0,1,-360,360,3.807104903673834,0.3630353159695672,-3.805430956420632,-1.467189106701617,0,0,0,0
20,21,0.0183,0.0849,0.0216,0,0,0,0,0,1,-360,360,-20.7267181774786,9.446689087570544,20.81911364716028,-11.32631891985035,0,0,0,0
21,22,0.0209,0.097,0.0246,0,0,0,0,0,1,-360,360,-34.81911360084391,3.326318923185006,35.06156158172974,-4.825856439415592,0,0,0,0
22,23,0.0342,0.159,0.0404,0,0,0,0,0,1,-360,360,-45.06156153453797,-0.1741435602181873,45.71163668502498,-1.187374647520595,0,0,0,0
23,24,0.0135,0.0492,0.0498,0,0,0,0,0,1,-360,360,20.23645592730665,-2.79559723637898,-20.18619069111426,-2.485304952186005,0,0,0,0
23,25,0.0156,0.08,0.0864,0,0,0,0,0,1,-360,360,-148.943701688233,18.02735987015303,152.1638163810497,-11.11930897419992,0,0,0,0
26,25,0,0.0382,0,0,0,0,0.96,0,1,-360,360,83.95420165391199,27.96749505998365,-83.95420165391209,-25.35269640815777,0,0,0,0
25,27,0.0318,0.163,0.1764,0,0,0,0,0,1,-360,360,125.603999732894,-10.52784336119279,-121.138882708247,13.94002841912737,0,0,0,0
27,28,0.01913,0.08550000000000001,0.0216,0,0,0,0,0,1,-360,360,30.89299955538642,0.1937359169265296,-30.72431693754071,-1.767691567994187,0,0,0,0
28,29,0.0237,0.09429999999999999,0.0238,0,0,0,0,0,1,-360,360,13.72431693547533,-5.23230842954966,-13.67916844584748,2.861664765979766,0,0,0,0
30,17,0,0.0388,0,0,0,0,0.96,0,1,-360,360,198.3902655713516,45.93112311221196,-198.3902655713517,-31.98651122700362,0,0,0,0
8,30,0.00431,0.0504,0.514,0,0,0,0,0,1,-360,360,65.38690199430526,-12.25926254120612,-65.20718800484802,-40.81778271173464,0,0,0,0
26,30,0.007990000000000001,0.08599999999999999,0.908,0,0,0,0,0,1,-360,360,195.8076658224048,-55.54397429020081,-192.8975033169402,-9.274017867945151,0,0,0,0
17,31,0.0474,0.1563,0.0399,0,0,0,0,0,1,-360,360,18.11423263571957,6.969967701463993,-17.94001426131212,-10.78889880510638,0,0,0,0
29,31,0.0108,0.0331,0.0083,0,0,0,0,0,1,-360,360,-10.32083155557515,-6.861664764179495,10.33570954348494,6.014710137949314,0,0,0,0
23,32,0.0317,0.1153,0.1173,0,0,0,0,0,1,-360,360,75.9956091161102,-17.04438798024265,-74.29870953699992,10.40941912454984,0,0,0,0
31,32,0.0298,0.0985,0.0251,0,0,0,0,0,1,-360,360,-28.14742983646032,4.96117960096834,28.37733846951689,-6.915029151189696,0,0,0,0
27,32,0.0229,0.0755,0.01926,0,0,0,0,0,1,-360,360,9.741059579686365,-3.502904181458825,-9.719746012691214,1.485177785296835,0,0,0,0
15,33,0.038,0.1244,0.03194,0,0,0,0,0,1,-360,360,7.804262603479356,-2.074037557899961,-7.783177247522863,-1.360619095750847,0,0,0,0
19,34,0.0752,0.247,0.06320000000000001,0,0,0,0,0,1,-360,360,-2.052037353629276,-6.29616179687619,2.060395871231514,-0.6688864445550825,0,0,0,0
35,36,0.00224,0.0102,0.00268,0,0,0,0,0,1,-360,360,-2.763537578769021,-2.382268639351543,2.763792158070956,2.085635539972581,0,0,0,0
35,37,0.011,0.0497,0.01318,0,0,0,0,0,1,-360,360,-30.23646199458966,-6.617731401097933,30.33042148570862,5.569738388393334,0,0,0,0
33,37,0.0415,0.142,0.0366,0,0,0,0,0,1,-360,360,-15.2168227051437,-7.639380875989847,15.31667227264585,3.922031897052689,0,0,0,0
34,36,0.008710000000000001,0.0268,0.00568,0,0,0,0,0,1,-360,360,23.14414200515661,-1.207204301649063,-23.10223572268807,0.7038415430229816,0,0,0,0
34,37,0.00256,0.0094,0.00984,0,0,0,0,0,1,-360,360,-89.37158894211221,-21.72063869156748,89.56527082588107,21.33043752873693,0,0,0,0
38,37,0,0.0375,0,0,0,0,0.9350000000000001,0,1,-360,360,191.0471505656263,80.04212212556517,-191.0471505656266,-66.38959423265128,0,0,0,0
37,39,0.0321,0.106,0.027,0,0,0,0,0,1,-360,360,33.04011742353471,6.476990110553495,-32.70998920312687,-8.370754214446926,0,0,0,0
37,40,0.0593,0.168,0.042,0,0,0,0,0,1,-360,360,22.79466908250834,1.000411647385953,-22.51448416729192,-4.848419576392597,0,0,0,0
30,38,0.00464,0.054,0.422,0,0,0,0,0,1,-360,360,59.71442591339661,4.160678015627209,-59.52796312653862,-46.16675109520349,0,0,0,0
39,40,0.0184,0.0605,0.01552,0,0,0,0,0,1,-360,360,5.70998919957112,-2.629245779980952,-5.703928632917629,0.9625547998377462,0,0,0,0
40,41,0.0145,0.0487,0.01222,0,0,0,0,0,1,-360,360,19.45008621486995,8.642822106953163,-19.3880551127881,-9.753604841425547,0,0,0,0
40,42,0.0555,0.183,0.0466,0,0,0,0,0,1,-360,360,-7.910415738373662,0.9977340711189729,7.948735011467993,-5.926700589435558,0,0,0,0
41,42,0.041,0.135,0.0344,0,0,0,0,0,1,-360,360,-17.61194483801423,-0.2463951610071312,17.73153360280082,-3.066555331890096,0,0,0,0
43,44,0.0608,0.2454,0.06068,0,0,0,0,0,1,-360,360,-8.005188097956594,2.647908311951884,8.060976928444916,-8.928513472263695,0,0,0,0
34,43,0.0413,0.1681,0.04226,0,0,0,0,0,1,-360,360,10.05365892845313,5.246209208003987,-9.994811902093097,-9.647908311929278,0,0,0,0
44,45,0.0224,0.0901,0.0224,0,0,0,0,0,1,-360,360,-24.06097692628822,11.5560682203885,24.21724395078661,-13.2951054092804,0,0,0,0
45,46,0.04,0.1356,0.0332,0,0,0,0,0,1,-360,360,-31.63098102715385,-1.187586198001632,32.01182609389947,-1.053879920747816,0,0,0,0
46,47,0.038,0.127,0.0316,0,0,0,0,0,1,-360,360,-26.63953877304515,0.7476457221997607,26.89207957760172,-3.330521620821537,0,0,0,0
46,48,0.0601,0.189,0.0472,0,0,0,0,0,1,-360,360,-14.33332710539824,-3.069732352047255,14.44814181445995,-1.699144785954294,0,0,0,0
47,49,0.0191,0.0625,0.01604,0,0,0,0,0,1,-360,360,-17.63603947870331,-3.005898392448722,17.69123195453305,1.427205682900841,0,0,0,0
42,49,0.07149999999999999,0.323,0.08599999999999999,0,0,0,0,0,1,-360,360,-40.3427627480376,4.04527715439717,41.46737469567767,-8.358076099117648,0,0,0,0
42,49,0.07149999999999999,0.323,0.08599999999999999,0,0,0,0,0,1,-360,360,-40.3427627480376,4.04527715439717,41.46737469567767,-8.358076099117648,0,0,0,0
45,49,0.0684,0.186,0.0444,0,0,0,0,0,1,-360,360,-45.58626291209246,2.994363554824064,46.95696989667498,-4.046100488063925,0,0,0,0
48,49,0.0179,0.0505,0.01258,0,0,0,0,0,1,-360,360,-34.44814181136581,7.151754450387481,34.65183753905716,-7.959888521298601,0,0,0,0
49,50,0.0267,0.0752,0.01874,0,0,0,0,0,1,-360,360,45.34818817018695,-1.966768109178035,-44.84953377348614,1.32711655171174,0,0,0,0
49,51,0.0486,0.137,0.0342,0,0,0,0,0,1,-360,360,56.54900503607779,0.9784607283318453,-55.13457513015332,-0.6617988682004305,0,0,0,0
51,52,0.0203,0.0588,0.01396,0,0,0,0,0,1,-360,360,26.01551535861836,0.1526895384423715,-25.88387890935934,-1.22218688268395,0,0,0,0
52,53,0.0405,0.1635,0.04058,0,0,0,0,0,1,-360,360,7.883878932933697,-3.777813122471449,-7.858416759083366,-0.3121899158118918,0,0,0,0
53,54,0.0263,0.122,0.031,0,0,0,0,0,1,-360,360,-15.14158322615681,-10.68781008514836,15.2209875217891,7.806839293582573,0,0,0,0
49,54,0.073,0.289,0.0738,0,0,0,0,0,1,-360,360,31.18345037339224,-3.990935135771866,-30.53904712309233,-1.446959723666683,0,0,0,0
49,54,0.08690000000000001,0.291,0.073,0,0,0,0,0,1,-360,360,30.58139087141397,-5.257108296660755,-29.84241957042651,-0.1707394026903314,0,0,0,0
54,55,0.0169,0.0707,0.0202,0,0,0,0,0,1,-360,360,1.546560928654055,-1.331620169536143,-1.546170291518204,-0.8147918331503051,0,0,0,0
54,56,0.00275,0.009549999999999999,0.00732,0,0,0,0,0,1,-360,360,1.888333188983589,2.898452304879608,-1.887961477776598,-3.675352167256332,0,0,0,0
55,56,0.00488,0.0151,0.00374,0,0,0,0,0,1,-360,360,-5.718330804886478,3.554481517019828,5.720478053526412,-3.945408108828767,0,0,0,0
56,57,0.0343,0.09660000000000001,0.0242,0,0,0,0,0,1,-360,360,-15.41978755913986,3.407347957811222,15.50363734790821,-5.745159903832442,0,0,0,0
50,57,0.0474,0.134,0.0332,0,0,0,0,0,1,-360,360,27.84953380221188,-5.327116555350465,-27.50363730857221,2.745159898976531,0,0,0,0
56,58,0.0343,0.09660000000000001,0.0242,0,0,0,0,0,1,-360,360,-0.05440857345934622,6.247480167203952,0.07272633092082897,-8.750215169159272,0,0,0,0
51,58,0.0255,0.07190000000000001,0.01788,0,0,0,0,0,1,-360,360,12.11905979759039,-7.490890672061719,-12.07272627754758,5.750215160371309,0,0,0,0
54,59,0.0503,0.2293,0.0598,0,0,0,0,0,1,-360,360,-21.73210385255125,-4.915159432426005,21.95690974055739,-0.5160967561020524,0,0,0,0
56,59,0.0825,0.251,0.0569,0,0,0,0,0,1,-360,360,-19.43472738375661,-2.718045353995496,19.72801425573897,-2.530550207870998,0,0,0,0
56,59,0.0803,0.239,0.0536,0,0,0,0,0,1,-360,360,-20.36345572928835,-2.394217906516162,20.67693494789924,-2.457509868439471,0,0,0,0
55,59,0.04739,0.2158,0.05646,0,0,0,0,0,1,-360,360,-23.60132001151152,-4.739659902468974,23.85092183660283,-0.2187605610834073,0,0,0,0
59,60,0.0317,0.145,0.0376,0,0,0,0,0,1,-360,360,-36.10757401653536,7.552928317859051,36.51148341620123,-9.821324915534806,0,0,0,0
59,61,0.0328,0.15,0.0388,0,0,0,0,0,1,-360,360,-44.45970520420067,8.1556780092165,45.08303834163119,-9.562021553805925,0,0,0,0
60,61,0.00264,0.0135,0.01456,0,0,0,0,0,1,-360,360,-107.0838555806256,2.435848964071502,107.3609318806929,-2.614849975882505,0,0,0,0
60,62,0.0123,0.0561,0.01468,0,0,0,0,0,1,-360,360,-7.427627826171289,4.385475950625559,7.436860545913166,-5.945818285344748,0,0,0,0
61,62,0.008240000000000001,0.0376,0.0098,0,0,0,0,0,1,-360,360,27.131976291485,5.554913539994035,-27.07397497066129,-6.362444660699698,0,0,0,0
63,59,0,0.0386,0,0,0,0,0.96,0,1,-360,360,132.9407460886871,33.80269963894328,-132.940746088687,-27.31413993845425,0,0,0,0
63,64,0.00172,0.02,0.216,0,0,0,0,0,1,-360,360,-132.9407461105917,-33.80269963848422,133.2439807578753,14.89145535003503,0,0,0,0
64,61,0,0.0268,0,0,0,0,0.985,0,1,-360,360,31.16118141870653,-37.984243582112,-31.16118141870609,38.58432189336324,0,0,0,0
38,65,0.009010000000000001,0.09859999999999999,1.046,0,0,0,0,0,1,-360,360,-131.5191873844643,-33.87537083043026,133.0668742075719,-57.01199273176236,0,0,0,0
64,65,0.00269,0.0302,0.38,0,0,0,0,0,1,-360,360,-164.4051621846136,23.09278823201851,165.1477898890064,-54.22420018516362,0,0,0,0
49,66,0.018,0.0919,0.0248,0,0,0,0,0,1,-360,360,-102.8244533382221,11.4436838912048,104.5788901585995,-5.245531987552498,0,0,0,0
49,66,0.018,0.0919,0.0248,0,0,0,0,0,1,-360,360,-102.8244533382221,11.4436838912048,104.5788901585995,-5.245531987552498,0,0,0,0
62,66,0.0482,0.218,0.0578,0,0,0,0,0,1,-360,360,-35.22588703070372,-1.853886332992624,35.77554015716897,-2.056291130310456,0,0,0,0
62,67,0.0258,0.117,0.031,0,0,0,0,0,1,-360,360,-22.13698257200917,1.047299911491326,22.2547899584393,-3.89962755973715,0,0,0,0
65,66,0,0.037,0,0,0,0,0.9350000000000001,0,1,-360,360,-14.15307271656428,76.83463720155002,14.15307271656439,-74.92030485400559,0,0,0,0
66,67,0.0224,0.1015,0.02682,0,0,0,0,0,1,-360,360,50.771843358189,2.467752877091209,-50.25478995632587,-3.100372440440322,0,0,0,0
65,68,0.00138,0.016,0.638,0,0,0,0,0,1,-360,360,68.17452370496663,-32.59442053821871,-68.11233391073131,-32.42626903067244,0,0,0,0
47,69,0.0844,0.2778,0.07092,0,0,0,0,0,1,-360,360,-43.25604009999289,6.336420014900337,44.78266230565128,-9.168308508833849,0,0,0,0
49,69,0.0985,0.324,0.0828,0,0,0,0,0,1,-360,360,-33.9156679350023,4.326897680471772,35.0148350926429,-9.92360667681838,0,0,0,0
68,69,0,0.037,0,0,0,0,0.9350000000000001,0,1,-360,360,-108.3342078535808,75.74214721164223,108.3342078535808,-70.25218783035936,0,0,0,0
69,70,0.03,0.127,0.122,0,0,0,0,0,1,-360,360,95.28405337301594,-6.807217586862419,-92.85995580480584,3.626839193764531,0,0,0,0
24,70,0.00221,0.4115,0.10198,0,0,0,0,0,1,-360,360,-0.03120060055036653,-3.815574237592841,0.03126355825554435,-7.261102538103397,0,0,0,0
70,71,0.00882,0.0355,0.00878,0,0,0,0,0,1,-360,360,10.83073895901566,-3.709806981745621,-10.82030473548346,2.803325254575352,0,0,0,0
24,72,0.0488,0.196,0.0488,0,0,0,0,0,1,-360,360,7.217419884335273,-1.00335869959555,-7.192955853467642,-4.207159217612091,0,0,0,0
71,72,0.0446,0.18,0.04444,0,0,0,0,0,1,-360,360,4.817314321903055,-3.767413626162033,-4.806964176594281,-0.9939992054249733,0,0,0,0
71,73,0.008659999999999999,0.0454,0.01178,0,0,0,0,0,1,-360,360,6.002990392149021,0.9640883797351961,-5.999896804204549,-2.219204045826072,0,0,0,0
70,74,0.0401,0.1323,0.03368,0,0,0,0,0,1,-360,360,13.89501960666437,7.666744355062319,-13.78993186961078,-10.89752259466744,0,0,0,0
70,75,0.0428,0.141,0.036,0,0,0,0,0,1,-360,360,2.103007677657963,8.553348772954058,-2.057587312573286,-12.2358603174146,0,0,0,0
69,75,0.0405,0.122,0.124,0,0,0,0,0,1,-360,360,97.77090100285453,-3.036699807320942,-94.3197533260347,-0.03673856442555357,0,0,0,0
74,75,0.0123,0.0406,0.01034,0,0,0,0,0,1,-360,360,-37.27898520235782,5.429380755883647,37.44686209270721,-5.957448942490514,0,0,0,0
76,77,0.0444,0.148,0.0368,0,0,0,0,0,1,-360,360,-43.17991365741473,-11.9002517422165,44.03205718428175,10.83976948432878,0,0,0,0
69,77,0.0309,0.101,0.1038,0,0,0,0,0,1,-360,360,72.47922123404599,-11.90622597955099,-71.02438558462565,5.140071597844131,0,0,0,0
75,77,0.0601,0.1999,0.04978,0,0,0,0,0,1,-360,360,-23.23845532165926,-6.907948832719432,23.55846136613029,2.632852618974455,0,0,0,0
77,78,0.00376,0.0124,0.01264,0,0,0,0,0,1,-360,360,49.57956645315697,23.88433942423042,-49.47454552825019,-24.91757756468732,0,0,0,0
78,79,0.00546,0.0244,0.00648,0,0,0,0,0,1,-360,360,-21.52545434941768,-1.082422455254344,21.5487645223239,0.4816194152120826,0,0,0,0
77,80,0.017,0.0485,0.0472,0,0,0,0,0,1,-360,360,-83.98225952134388,0.4917953793387275,85.07738955090075,-2.606490966421404,0,0,0,0
77,80,0.0294,0.105,0.0228,0,0,0,0,0,1,-360,360,-39.59504195208942,-2.338065503081257,40.01578323773662,1.309991620518186,0,0,0,0
79,80,0.0156,0.0704,0.0187,0,0,0,0,0,1,-360,360,-60.54876442865207,-10.69585520167404,61.08721649043207,11.05674238584305,0,0,0,0
68,81,0.00175,0.0202,0.8080000000000001,0,0,0,0,0,1,-360,360,-7.665999767804619,-21.36042414582306,7.673956439394927,-61.41295737186495,0,0,0,0
81,80,0,0.037,0,0,0,0,0.9350000000000001,0,1,-360,360,-7.673956440080754,61.41295737200261,7.673956440080848,-60.20016671833116,0,0,0,0
77,82,0.0298,0.0853,0.08173999999999999,0,0,0,0,0,1,-360,360,16.431620817625,1.346301695937007,-16.34900185008991,-9.991494418322667,0,0,0,0
82,83,0.0112,0.03665,0.03796,0,0,0,0,0,1,-360,360,-22.72293769996598,-1.563156163395421,22.77666521815654,-2.357777400328813,0,0,0,0
83,84,0.0625,0.132,0.0258,0,0,0,0,0,1,-360,360,-15.4378118226002,3.964556289809074,15.5921239393862,-6.436577544018871,0,0,0,0
83,85,0.043,0.148,0.0348,0,0,0,0,0,1,-360,360,-27.33885336837399,-0.7904643697000349,27.6364592744637,-1.987443389494278,0,0,0,0
84,85,0.0302,0.0641,0.01234,0,0,0,0,0,1,-360,360,-26.59212392698005,-0.5634224556671119,26.7885361763643,-0.3714505881204741,0,0,0,0
85,86,0.035,0.123,0.0276,0,0,0,0,0,1,-360,360,17.48332876545745,-1.048556892858027,-17.38631316313291,-1.638442830941621,0,0,0,0
86,87,0.02828,0.2074,0.0445,0,0,0,1,0,1,-360,360,-3.613686499621453,-8.361557121460084,3.626206442041519,3.540433982346959,0,0,0,0
85,88,0.02,0.102,0.0276,0,0,0,0,0,1,-360,360,-37.52786967867129,8.985875191637078,37.80312092561972,-10.62109074202387,0,0,0,0
85,89,0.0239,0.173,0.047,0,0,0,0,0,1,-360,360,-58.38044525508149,2.421382122917501,59.12403099616454,-2.272757374193468,0,0,0,0
88,89,0.0139,0.0712,0.01934,0,0,0,0,0,1,-360,360,-85.80312088210519,0.621090739754826,86.73496277817749,2.003202267474691,0,0,0,0
89,90,0.0518,0.188,0.0528,0,0,0,0,0,1,-360,360,54.80472549047112,-5.174972089991198,-53.4177817609939,4.377148744295011,0,0,0,0
89,90,0.0238,0.0997,0.106,0,0,0,0,0,1,-360,360,104.3472415766421,-6.55497136331965,-102.0408048791541,4.509593484188651,0,0,0,0
90,91,0.0254,0.08359999999999999,0.0214,0,0,0,0,0,1,-360,360,-7.541401645829972,-3.672161786320206,7.556187324845179,1.389627137398589,0,0,0,0
89,92,0.009900000000000001,0.0505,0.0548,0,0,0,0,0,1,-360,360,149.6658748729919,-6.304753905561189,-147.6913127845704,10.27748349524271,0,0,0,0
89,92,0.0393,0.1581,0.0414,0,0,0,0,0,1,-360,360,47.16700820663423,-5.709082834641688,-46.38486511074584,4.247526619647591,0,0,0,0
91,92,0.0387,0.1272,0.03268,0,0,0,0,0,1,-360,360,-17.55617664106994,0.1665715690780417,17.66662037220645,-3.391644946867227,0,0,0,0
92,93,0.0258,0.0848,0.0218,0,0,0,0,0,1,-360,360,38.06944201356992,0.1423118325666856,-37.72986946103368,-1.40689216102218,0,0,0,0
92,94,0.0481,0.158,0.0406,0,0,0,0,0,1,-360,360,32.52481176517306,-3.30666589094443,-32.06279041236337,0.3994910374911009,0,0,0,0
93,94,0.0223,0.0732,0.01876,0,0,0,0,0,1,-360,360,25.72986948411446,-5.593107837808788,-25.58905569352542,4.030346636699555,0,0,0,0
94,95,0.0132,0.0434,0.0111,0,0,0,0,0,1,-360,360,36.69888324115493,15.06258862347006,-36.50379525672031,-15.60411838995669,0,0,0,0
80,96,0.0356,0.182,0.0494,0,0,0,0,0,1,-360,360,25.86911813562199,6.931353409203017,-25.62723383402656,-11.11834382179188,0,0,0,0
82,96,0.0162,0.053,0.0544,0,0,0,0,0,1,-360,360,-14.928060390042,6.091118198726826,14.97382632058429,-11.78669447254108,0,0,0,0
94,96,0.0269,0.08690000000000001,0.023,0,0,0,0,0,1,-360,360,14.98626084085308,-2.88387323649525,-14.9295013290831,0.5954239174276038,0,0,0,0
80,97,0.0183,0.0934,0.0254,0,0,0,0,0,1,-360,360,33.21680777139568,11.59214173865138,-33.00949889905564,-13.34299447219777,0,0,0,0
80,98,0.0238,0.108,0.0286,0,0,0,0,0,1,-360,360,28.622971691477,0.3894918577352524,-28.44858954054435,-2.787305816762781,0,0,0,0
80,99,0.0454,0.206,0.0546,0,0,0,0,0,1,-360,360,19.27766198668137,-3.901915556442746,-19.12722108000328,-1.515947338392855,0,0,0,0
92,100,0.0648,0.295,0.0472,0,0,0,0,0,1,-360,360,13.70107377259311,-8.320664896890371,-13.57151948136085,3.664599811086179,0,0,0,0
94,100,0.0178,0.058,0.0604,0,0,0,0,0,1,-360,360,-24.0332976083125,-32.60855310771837,24.27113509090099,26.74699240536845,0,0,0,0
95,96,0.0171,0.0547,0.01474,0,0,0,0,0,1,-360,360,-5.496204642020044,-15.39588160524837,5.535769237338452,13.95526877358336,0,0,0,0
96,97,0.0173,0.0885,0.024,0,0,0,0,0,1,-360,360,-17.95286021030497,-6.645654433257301,18.00949893536095,4.342994469910852,0,0,0,0
98,100,0.0397,0.179,0.0476,0,0,0,0,0,1,-360,360,-5.551410194364491,-5.212694207497814,5.564853229769366,-0.0266534118461597,0,0,0,0
99,100,0.018,0.0813,0.0216,0,0,0,0,0,1,-360,360,-22.8727637617465,-1.658182500216877,22.95755809104727,-0.3686582070816249,0,0,0,0
100,101,0.0277,0.1262,0.0328,0,0,0,0,0,1,-360,360,0.1193904795673363,11.27233803322964,-0.0768934741024678,-14.69940044861416,0,0,0,0
92,102,0.0123,0.0559,0.01464,0,0,0,0,0,1,-360,360,27.11423862800966,-0.6485294883790682,-27.03221600700805,-0.5879181623741305,0,0,0,0
101,102,0.0246,0.112,0.0294,0,0,0,0,0,1,-360,360,-21.92310637938126,-0.3005995449754884,22.03221605680204,-2.412081838373068,0,0,0,0
100,103,0.016,0.0525,0.0536,0,0,0,0,0,1,-360,360,73.35953488665299,-9.801771109289586,-72.58434497350565,6.380346872243559,0,0,0,0
100,104,0.0451,0.204,0.0541,0,0,0,0,0,1,-360,360,39.6885904940582,-2.144433545694152,-39.05415949739564,-0.9567514369850955,0,0,0,0
103,104,0.0466,0.1584,0.0407,0,0,0,0,0,1,-360,360,25.5748505246316,-3.45591990492477,-25.29851102856596,-0.06645690191637577,0,0,0,0
103,105,0.0535,0.1625,0.0408,0,0,0,0,0,1,-360,360,30.69969003518647,-4.472844200811757,-30.24118097991996,1.402515437817627,0,0,0,0
100,106,0.0605,0.229,0.062,0,0,0,0,0,1,-360,360,41.90471393379306,-1.572163614104763,-40.95447259980619,-1.620147328013294,0,0,0,0
104,105,0.009939999999999999,0.0378,0.009860000000000001,0,0,0,0,0,1,-360,360,26.3528496502937,-1.073078877573656,-26.28932003885022,0.2451827895810887,0,0,0,0
105,106,0.014,0.0547,0.01434,0,0,0,0,0,1,-360,360,10.9245519862101,7.988951814627318,-10.89917665083673,-9.432805673373213,0,0,0,0
105,107,0.053,0.183,0.0472,0,0,0,0,0,1,-360,360,12.23370867895037,-2.456768160980608,-12.16041443179873,-2.368379535997184,0,0,0,0
105,108,0.0261,0.0703,0.01844,0,0,0,0,0,1,-360,360,7.53581523039481,-2.254550000081032,-7.521739744607052,0.2986608559392225,0,0,0,0
106,107,0.053,0.183,0.0472,0,0,0,0,0,1,-360,360,8.853649608761422,-4.947046987730968,-8.811904370622644,0.0426782282662512,0,0,0,0
108,109,0.0105,0.0288,0.0076,0,0,0,0,0,1,-360,360,5.521739761736018,-1.298660854071614,-5.518699271590547,0.486317323944441,0,0,0,0
103,110,0.03906,0.1813,0.0461,0,0,0,0,0,1,-360,360,31.55600718752122,-2.734775280206429,-31.2041413039847,-0.679962045044602,0,0,0,0
109,110,0.0278,0.0762,0.0202,0,0,0,0,0,1,-360,360,-2.481300621659662,-3.486317333292841,2.484364519227273,1.308989002262774,0,0,0,0
110,111,0.022,0.0755,0.02,0,0,0,0,0,1,-360,360,-34.99343505458045,-1.084980306253446,35.24182925415084,-0.2477959440758515,0,0,0,0
110,112,0.0247,0.064,0.062,0,0,0,0,0,1,-360,360,31.74729702987124,-3.362551728530506,-31.51775824362754,-2.719715858279848,0,0,0,0
17,113,0.009129999999999999,0.0301,0.00768,0,0,0,0,0,1,-360,360,5.199117409835612,14.26514477561847,-5.179370307640389,-15.05921235927076,0,0,0,0
32,113,0.0615,0.203,0.0518,0,0,0,0,0,1,-360,360,0.853744508168982,-10.4094709165389,-0.820532287269701,4.827344719098049,0,0,0,0
32,114,0.0135,0.0612,0.01628,0,0,0,0,0,1,-360,360,10.64937540820181,4.259684779993228,-10.63195512842428,-5.937659269558989,0,0,0,0
27,115,0.0164,0.0741,0.01972,0,0,0,0,0,1,-360,360,19.42680671394783,1.903225695479955,-19.36839694811052,-3.767435620578517,0,0,0,0
114,115,0.0023,0.0104,0.00276,0,0,0,0,0,1,-360,360,2.631955128418109,2.937659269758192,-2.631603051810423,-3.232564379210329,0,0,0,0
68,116,0.00034,0.00405,0.164,0,0,0,1,0,1,-360,360,184.11254157427,-21.95545403592418,-183.9999900310455,6.413134919985819,0,0,0,0
12,117,0.0329,0.14,0.0358,0,0,0,0,0,1,-360,360,20.13419341744619,4.679977099723179,-19.99999999897682,-7.999999999965593,0,0,0,0
75,118,0.0145,0.0481,0.01198,0,0,0,0,0,1,-360,360,35.16893395852684,14.13799666067628,-34.96780853326136,-14.71298665720092,0,0,0,0
76,118,0.0164,0.0544,0.01356,0,0,0,0,0,1,-360,360,-1.967162285402714,-1.099793879732852,1.967808559179391,-0.2870133407871659,0,0,0,0
