1001,1201,0.00177,0.03169,3.3446,996,996,996,0,0,1,-30,30,666.9419593764,-153.9909666479658,-659.6904344575995,-79.94220176132596,0,0,0,0
1001,1202,0.0108,0.0965,0.3296,326,326,326,0,0,1,-30,30,150.6704167958325,3.806824515646686,-148.3692813866145,-18.19741633570532,0,0,0,0
1002,1004,0.0005,0.0053,0.0882,5934,5934,5934,0,0,1,-30,30,-1974.081656800917,201.0990221533812,1992.437989034117,-16.02271339868684,0,0,0,0
1002,1102,0.00179,0.01988,2.576,1583,1583,1583,0,0,1,-30,30,767.1667473492977,-193.1203853906025,-757.2984584988408,24.20364181354993,0,0,0,0
1002,1102,0.00179,0.01988,2.576,1583,1583,1583,0,0,1,-30,30,767.1667473492977,-193.1203853906025,-757.2984584988408,24.20364181354993,0,0,0,0
1002,6506,0.0048,0.0436,0.7078,721,721,721,0,0,1,-30,30,9.1253130439292,-156.1510647009372,-8.496855055739537,82.20568018799824,0,0,0,0
1004,7001,0.03903,0.27403,2,115,115,115,0,0,1,-30,30,55.29906050657707,-100.831608440007,-54.17606738686423,-101.4394046010779,26.82583234487572,18.08313341010115,0,0
1004,7002,0.009769999999999999,0.11,2,287,287,287,0,0,1,-30,30,149.3130484833799,-159.5176426110932,-147.0602198319623,-42.58714120507654,0,0,0,0
1101,1401,0.0028,0.0211,1.0194,1485,1485,1485,0,0,1,-30,30,748.2935909728346,324.1181733532634,-730.4915208895636,-294.1199576651515,0,0,0,0
1101,1401,0.0028,0.0211,1.0194,1485,1485,1485,0,0,1,-30,30,748.2935909728346,324.1181733532634,-730.4915208895636,-294.1199576651515,0,0,0,0
1201,1202,0.00077,0.00536,1.39842,5834,5834,5834,0,0,1,-30,30,-1079.900947953538,628.1586146926251,1091.668146607695,-694.537739317906,0,0,0,0
1201,1402,0.00179,0.02592,3.3922,1216,1216,1216,0,0,1,-30,30,1009.23034209907,44.83095599329494,-991.6016335184278,-143.4843366960258,0,0,0,0
1201,2901,0.00207,0.01369,3.9516,2282,2282,2282,0,0,1,-30,30,563.3728419314214,-591.0353687550324,-554.6392704943679,201.6775557344931,0,0,0,0
1202,1302,0.0028,0.0211,1.0194,1485,1485,1485,0,0,1,-30,30,304.1236609379048,-330.6312495717468,-299.5233244602212,254.4804840593963,0,0,0,0
1202,1402,0.00241,0.03489,4.8656,904,904,904,0,0,1,-30,30,895.2269090397692,-125.6374732174657,-876.1648757247654,-92.82073706138942,33.92386331985126,0,0,0
1301,1302,0.0028,0.0211,1.0194,1485,1485,1485,0,0,1,-30,30,-180.5262836930972,-231.2430069489564,182.2310141643683,132.2567146546569,0,0,0,0
1301,1402,0.0028,0.0211,1.0194,1485,1485,1485,0,0,1,-30,30,1040.233952497875,47.72600050720097,-1011.191057513073,66.53057022647771,0,0,0,0
1301,1402,0.0062,0.0673,1.1156,468,468,468,0,0,1,-30,30,326.0654503354173,-13.71183631686131,-319.6869398661845,-31.52409674779413,0,0,0,0
1301,2603,0.00179,0.02524,0.53546,1249,1249,1249,0,0,1,-30,30,192.4606925695821,-166.4591407453925,-191.5061926970498,121.7509086491723,0,0,0,0
1301,2901,0.0108,0.0965,0.3296,326,326,326,0,0,1,-30,30,36.98687454206354,-82.23319161766155,-36.41494212954836,50.61774660999118,0,0,0,0
1303,6507,0.008109999999999999,0.1369,1.1156,231,231,231,0,0,1,-30,30,-39.39930522551215,-62.76608140380382,39.50552280574807,-68.93280262049531,0,0,0,0
1401,1402,0.0004,0.009599999999999999,0.9038,3288,3288,3288,0,0,1,-30,30,1089.493390983707,-356.1154269708117,-1083.992991961204,400.7302998277211,0,0,0,0
1401,1402,0.0004,0.009599999999999999,0.9038,3288,3288,3288,0,0,1,-30,30,1089.493390983707,-356.1154269708117,-1083.992991961204,400.7302998277211,0,0,0,0
1401,2301,0.00259,0.02967,2.153,1061,1061,1061,0,0,1,-30,30,-314.0828495093731,-157.2334715841007,316.9046409954609,-18.12123840753327,0,0,0,0
1401,2400,0.00259,0.02967,2.153,1061,1061,1061,0,0,1,-30,30,396.7709952829237,-138.3714918365885,-392.3700203543549,-14.30612859718132,0,0,0,0
1403,2100,0.008449999999999999,0.07034,0.15954,446,446,446,0,0,1,-30,30,-12.63350636033243,-1.308399716435241,12.65134605867589,-13.41334426430317,0,0,0,0
2000,2202,0.00138,0.05399,0.15252,585,585,585,0,0,1,-30,30,533.6487607022871,144.9719357720669,-529.6051130491737,-2.092790336215211,0,0,0,0
2000,2302,0.00138,0.05399,0.15252,585,585,585,0,0,1,-30,30,98.1632342089016,46.93676105410278,-97.9971736365115,-56.03510775173173,0,0,0,0
2100,2302,0.008449999999999999,0.07034,0.15954,446,446,446,0,0,1,-30,30,-152.1691666296007,-25.85765797463471,154.3066120344949,28.31778599548,0,0,0,0
2201,2301,0.00179,0.02524,2.153,1249,1249,1249,0,0,1,-30,30,-734.6603486578226,-48.71507785190916,744.7859160841041,-18.83083835473922,0,0,0,0
2202,2203,0.00312,0.02886,0.15252,1089,1089,1089,0,0,1,-30,30,-101.3462586859154,-70.80850842108369,101.8124565554163,60.1825891101188,0,0,0,0
2202,2203,0.00312,0.02886,0.15252,1089,1089,1089,0,0,1,-30,30,-101.3462586859154,-70.80850842108369,101.8124565554163,60.1825891101188,0,0,0,0
2202,2503,0.00312,0.02886,0.15252,1089,1089,1089,0,0,1,-30,30,-78.99101810405259,-90.26622956132054,79.41871137903844,79.20992622665999,0,0,0,0
2203,2503,0.00312,0.02886,0.15252,1089,1089,1089,0,0,1,-30,30,23.41130406102247,-26.89558982639917,-23.38267712392588,11.81054901704993,0,0,0,0
2203,2503,0.00312,0.02886,0.15252,1089,1089,1089,0,0,1,-30,30,23.41130406102247,-26.89558982639917,-23.38267712392588,11.81054901704993,0,0,0,0
2400,2403,0.00042,0.009050000000000001,0.66794,3487,3487,3487,0,0,1,-30,30,483.791154308454,-229.6791160162426,-482.5854876079638,190.9472916821127,0,0,0,0
2401,2402,0.00028,0.00753,0.51736,4192,4192,4192,0,0,1,-30,30,1121.067433201632,274.3132403000114,-1117.625704415469,-237.3483790114252,0,0,0,0
2401,2402,0.00035,0.0075,0.5536,4208,4208,4208,0,0,1,-30,30,1127.930082099894,262.7526941778037,-1123.596875499419,-229.3855053474252,0,0,0,0
2401,2404,0.00044,0.01125,0.8292,2806,2806,2806,0,0,1,-30,30,-783.4531703642637,6.213829600371934,785.9258110013915,-34.05463304133143,0,0,0,0
2401,2404,0.00044,0.01125,0.8292,2806,2806,2806,0,0,1,-30,30,-783.4531703642637,6.213829600371934,785.9258110013915,-34.05463304133143,0,0,0,0
2401,2501,0.0005999999999999999,0.0128,0.9462,2466,2466,2466,0,0,1,-30,30,890.9624258353965,218.8279047400193,-886.2197938009167,-218.2787400037906,0,0,0,0
2401,2603,0.0002,0.0041,0.2962,7696,7696,7696,0,0,1,-30,30,-1914.988834974276,-127.9133843039259,1921.697439617503,232.6140371171773,0,0,0,0
2401,2901,0.00193,0.02779,4.6712,1134,1134,1134,0,0,1,-30,30,-331.0394044296701,-358.9309971343261,333.1530524400251,-141.3661299811783,0,0,0,0
2401,2902,0.0019,0.031,4.1402,1018,1018,1018,0,0,1,-30,30,-209.3889620215729,-386.6911168151135,210.5895291343384,-71.29164518654312,0,0,0,0
2402,2501,0.00021,0.00457,0.32336,6905,6905,6905,0,0,1,-30,30,650.045087839535,205.5674633857623,-649.102782959744,-218.7242944251212,0,0,0,0
2403,2501,0.0004,0.009299999999999999,0.6856,3394,3394,3394,0,0,1,-30,30,-567.4185121213283,-229.4902916891497,568.8802048082662,194.3714045023482,0,0,0,0
2404,3893,0,-0.009350000000000001,0,3379,3379,3379,0,0,1,-30,30,-883.084875538914,-83.42753911731573,883.084875538914,16.51195566601436,0,0,0,0
2404,3895,0,-0.009350000000000001,0,3379,3379,3379,0,0,1,-30,30,-889.0567712883499,-81.21847167535789,889.0567712883499,13.43375588762061,0,0,0,0
2404,3897,0,-0.008399999999999999,0,3761,3761,3761,0,0,1,-30,30,-942.3312336823193,-65.67867585558953,942.3312336823193,-2.499112068018983,0,0,0,0
2405,2406,0.0014,0.0264,0.102,1195,1195,1195,0,0,1,-30,30,86.49671788793995,60.951267686923,-86.34102708826234,-68.73487124518482,0,0,0,0
2405,2410,0.00065,0.01187,0.04672,2658,2658,2658,0,0,1,-30,30,543.7806042429343,45.74973485146765,-541.9689574133509,-17.62789898149912,0,0,0,0
2405,2410,0.00065,0.01187,0.04672,2658,2658,2658,0,0,1,-30,30,543.7806042429343,45.74973485146765,-541.9689574133509,-17.62789898149912,0,0,0,0
2406,2408,0.0019,0.0258,0.0984,1222,1222,1222,0,0,1,-30,30,-707.3563693211053,138.959590729918,716.9449134031779,-18.85055314032762,0,0,0,0
2406,2410,0.008449999999999999,0.07034,0.15954,446,446,446,0,0,1,-30,30,56.29379848495349,-29.47371955909399,-55.99755942245288,15.28949082153873,0,0,0,0
2407,2408,0.0011,0.0127,0.048,2478,2478,2478,0,0,1,-30,30,-1732.770998452737,36.53499991833371,1767.975464747164,365.2184762617559,0,0,0,0
2408,2409,0.00138,0.05399,0.15252,585,585,585,0,0,1,-30,30,548.9225530640857,43.99091547251119,-544.8052624226498,101.4283775083401,0,0,0,0
2408,2409,0.00138,0.05399,0.15252,585,585,585,0,0,1,-30,30,548.9225530640857,43.99091547251119,-544.8052624226498,101.4283775083401,0,0,0,0
2408,2411,0.0032,0.0395,0.144,798,798,798,0,0,1,-30,30,388.6550074069755,-83.50391764403629,-383.728807835298,129.2112200040846,0,0,0,0
2408,2502,0.00312,0.02886,0.15252,1089,1089,1089,0,0,1,-30,30,1088.302982272825,38.95650677887134,-1051.968428204973,281.5729760850386,21.33162454268714,2.102631186378464,0,0
2409,2502,0.00312,0.02886,0.15252,1089,1089,1089,0,0,1,-30,30,70.4010397893897,7.288713536438529,-70.24466846784449,-21.52930627256104,0,0,0,0
2409,2503,0.00312,0.02886,0.15252,1089,1089,1089,0,0,1,-30,30,-71.41082130334362,41.79702834091689,71.6389979629614,-55.29048734149929,0,0,0,0
2410,2411,0.00285,0.03649,0.12656,864,864,864,0,0,1,-30,30,-210.6723834503401,-14.93447873696753,211.8735375771173,16.81533212860266,0,0,0,0
2410,2411,0.00138,0.03399,0.11252,929,929,929,0,0,1,-30,30,-226.17933426548,-23.283214292701,226.8526275671891,27.86600962090982,0,0,0,0
2502,2503,0.00312,0.02886,0.15252,1089,1089,1089,0,0,1,-30,30,-140.2488143000574,29.21327581798409,140.8910130603143,-38.77992814590089,0,0,0,0
2502,2503,0.00312,0.02886,0.15252,1089,1089,1089,0,0,1,-30,30,-140.2488143000574,29.21327581798409,140.8910130603143,-38.77992814590089,0,0,0,0
2901,2902,0.00056,0.01415,1.0429,2231,2231,2231,0,0,1,-30,30,210.8783587231563,-188.3782048460706,-210.5895290434861,71.29164520678599,0,0,0,0
2600,2602,0.00082,0.01668,1.18802,1892,1892,1892,0,0,1,-30,30,95.62371192687766,2.338839785265734,-95.52206688071887,-131.9889172543725,0,0,0,0
2600,2603,0,0.00159,0.12002,19867,19867,19867,0,0,1,-30,30,825.7703115864063,40.87373663787752,-825.7703115864078,-44.61215959217739,0,0,0,0
2600,2603,0,0.00159,0.12002,19867,19867,19867,0,0,1,-30,30,825.7703115864063,40.87373663787752,-825.7703115864078,-44.61215959217739,0,0,0,0
2600,2601,0.00074,0.01861,1.40264,1696,1696,1696,0,0,1,-30,30,116.7400638102272,-84.08631306396998,-116.649887829081,-70.90849164704251,0,0,0,0
2601,2603,0.00083,0.01884,1.66668,1675,1675,1675,0,0,1,-30,30,-45.41078183404289,-85.72672355348404,45.42648555068515,-100.6700527605222,0,0,0,0
2603,2901,0.00179,0.02524,0.53546,1249,1249,1249,0,0,1,-30,30,-46.80846441803145,-135.8660758722991,47.02280322486043,77.44903261272071,0,0,0,0
2604,6404,0.0108,0.0965,0.3296,326,326,326,0,0,1,-30,30,42.66556939082962,53.67884870122867,-42.01879161601249,-85.32540986011034,0,0,0,0
2604,6504,0.0018,0.0245,0.4392,1286,1286,1286,0,0,1,-30,30,-96.72358508639591,55.05161244285258,96.96211278249925,-104.0890813374757,0,0,0,0
2604,6504,0.0018,0.0245,0.4392,1286,1286,1286,0,0,1,-30,30,-96.72358508639591,55.05161244285258,96.96211278249925,-104.0890813374757,0,0,0,0
2605,2607,0.0107,0.07905,0.3667,396,396,396,0,0,1,-30,30,38.7844761688173,-25.48904680977254,-38.64038593256676,-15.01115507316483,0,0,0,0
2606,2607,0.0107,0.07905,0.3667,396,396,396,0,0,1,-30,30,38.7844761688173,-25.48904680977254,-38.64038593256676,-15.01115507316483,0,0,0,0
2608,2611,0.00221,0.03346,0.07338,942,942,942,0,0,1,-30,30,-165.3061742943109,3.289747989765801,165.8690054297289,-2.676502683733972,0,0,0,0
2608,2612,0.0029,0.038,0.0824,829,829,829,0,0,1,-30,30,-139.2201556126568,5.541113461104619,139.7456894573111,-7.526002036759477,0,0,0,0
2608,2618,0.00309,0.04677,0.1008,674,674,674,0,0,1,-30,30,-63.76957013033546,3.343165397189829,63.88866242518036,-12.35978723131805,0,0,0,0
2608,2619,0.00226,0.03422,0.07506,922,922,922,0,0,1,-30,30,-177.2362412417137,14.53302071900801,177.9038633885219,-12.48879494029834,0,0,0,0
2609,2615,0.00047,0.00723,0.01624,4360,4360,4360,0,0,1,-30,30,429.0333402110643,3.141756891873548,-428.2351096379412,7.380174303993225,0,0,0,0
2609,2617,0.00035,0.00536,0.01204,5881,5881,5881,0,0,1,-30,30,-563.0594401600905,-29.94675685766421,564.0859443934179,44.35714614688717,0,0,0,0
2610,2613,0.0022,0.03422,0.07716000000000001,922,922,922,0,0,1,-30,30,642.6732846238461,159.1590546498902,-634.6314360039834,-42.98079655563252,0,0,0,0
2610,2613,0.00238,0.03669,0.08284,860,860,860,0,0,1,-30,30,599.4735525283401,147.439403821449,-591.9062259955629,-40.34661786767626,0,0,0,0
2610,2616,0.00201,0.03074,0.06886,1026,1026,1026,0,0,1,-30,30,736.3034622602901,176.3683733032498,-726.7033425981356,-37.50673998048859,0,0,0,0
2610,2617,0.00281,0.04296,0.09648,734,734,734,0,0,1,-30,30,614.2712894830388,156.1211682618389,-604.847583532466,-23.12093712559402,0,0,0,0
2611,2612,0.00029,0.00434,0.0095,7262,7262,7262,0,0,1,-30,30,52.85259579308724,21.36454973748227,-52.84381275643233,-22.25840959150852,0,0,0,0
2612,2615,0.00229,0.01583,0.0306,1975,1975,1975,0,0,1,-30,30,-173.5329371480801,19.38770851536438,174.1819449373365,-18.20360269781118,0,0,0,0
2612,2615,0.00229,0.01583,0.0306,1975,1975,1975,0,0,1,-30,30,-173.5329371480801,19.38770851536438,174.1819449373365,-18.20360269781118,0,0,0,0
2612,2618,0.00141,0.00967,0.0194,3233,3233,3233,0,0,1,-30,30,237.9398954579718,0.6535192609972262,-237.1994549122271,2.339236581554094,0,0,0,0
2612,2618,0.00141,0.00967,0.0194,3233,3233,3233,0,0,1,-30,30,237.9398954579718,0.6535192609972262,-237.1994549122271,2.339236581554094,0,0,0,0
2612,2618,0.00161,0.00971,0.01928,3210,3210,3210,0,0,1,-30,30,236.22800109644,-3.964090299348,-235.3945702138557,6.918156360385053,0,0,0,0
2612,2618,0.00161,0.00971,0.01928,3210,3210,3210,0,0,1,-30,30,236.22800109644,-3.964090299348,-235.3945702138557,6.918156360385053,0,0,0,0
2612,2619,0.00027,0.00393,0.009180000000000001,8019,8019,8019,0,0,1,-30,30,-198.9518242926813,69.35250769815654,199.0631645863193,-68.7196467753957,0,0,0,0
2612,2619,0.00027,0.00393,0.009180000000000001,8019,8019,8019,0,0,1,-30,30,-198.9518242926813,69.35250769815654,199.0631645863193,-68.7196467753957,0,0,0,0
2612,2619,0.00027,0.00393,0.009180000000000001,8019,8019,8019,0,0,1,-30,30,-198.9518242926813,69.35250769815654,199.0631645863193,-68.7196467753957,0,0,0,0
2612,2620,0.00138,0.01116,0.0247,2810,2810,2810,0,0,1,-30,30,-24.75054613515012,12.42259882366579,24.76080834687442,-14.99974251998154,0,0,0,0
2612,2620,0.00138,0.01116,0.0247,2810,2810,2810,0,0,1,-30,30,-24.75054613515012,12.42259882366579,24.76080834687442,-14.99974251998154,0,0,0,0
2613,2616,0.00037,0.00366,0.0083,8587,8587,8587,0,0,1,-30,30,160.3810615046375,-45.5675192482261,-160.2881971429566,45.56731930347313,0,0,0,0
2613,2617,0.00055,0.00586,0.01246,5367,5367,5367,0,0,1,-30,30,748.463599521414,64.36293384844285,-745.6565549610743,-35.82434681264277,0,0,0,0
2614,2616,0.00073,0.01025,0.02558,3074,3074,3074,0,0,1,-30,30,-225.1166806802248,39.39550752735459,225.4601024231056,-37.41379000378605,0,0,0,0
2614,2616,0.00073,0.01025,0.02558,3074,3074,3074,0,0,1,-30,30,-225.1166806802248,39.39550752735459,225.4601024231056,-37.41379000378605,0,0,0,0
2615,2617,0.00119,0.01244,0.02798,2528,2528,2528,0,0,1,-30,30,-489.9383033859714,12.48764327891394,492.5849056355056,12.14071966275123,0,0,0,0
2615,2617,0.00119,0.01244,0.02798,2528,2528,2528,0,0,1,-30,30,-489.9383033859714,12.48764327891394,492.5849056355056,12.14071966275123,0,0,0,0
2615,2620,0.00128,0.00979,0.0212,3200,3200,3200,0,0,1,-30,30,254.0074912390935,-8.958641412377833,-253.2422148702515,12.5264849627343,0,0,0,0
2616,2617,0.0011,0.01189,0.02514,2646,2646,2646,0,0,1,-30,30,319.9148342667792,42.94000077027368,-318.8793198251342,-34.51230131624554,0,0,0,0
3101,3102,0.0011,0.0127,0.048,2478,2478,2478,0,0,1,-30,30,-170.6528471524167,-26.41400001152816,170.9317141537664,23.98980299891921,0,0,0,0
3101,3102,0.0011,0.0127,0.048,2478,2478,2478,0,0,1,-30,30,-170.6528471524167,-26.41400001152816,170.9317141537664,23.98980299891921,0,0,0,0
3102,3103,0.0011,0.0127,0.048,2478,2478,2478,0,0,1,-30,30,-377.2012113450721,-39.70370560849395,378.5392297669545,49.43636902386715,0,0,0,0
3102,3103,0.0011,0.0127,0.048,2478,2478,2478,0,0,1,-30,30,-377.2012113450721,-39.70370560849395,378.5392297669545,49.43636902386715,0,0,0,0
3102,3103,0.0011,0.0127,0.048,2478,2478,2478,0,0,1,-30,30,-377.2012113450721,-39.70370560849395,378.5392297669545,49.43636902386715,0,0,0,0
3102,3302,0.0011,0.0127,0.048,2478,2478,2478,0,0,1,-30,30,449.2769492349212,43.58438348470742,-447.3766325481801,-27.26731414837368,0,0,0,0
3103,3204,0.0011,0.0127,0.048,2478,2478,2478,0,0,1,-30,30,-773.1234764859308,85.11814758251609,778.6711503683017,-26.83707971681753,0,0,0,0
3103,3204,0.0011,0.0127,0.048,2478,2478,2478,0,0,1,-30,30,-773.1234764859308,85.11814758251609,778.6711503683017,-26.83707971681753,0,0,0,0
3103,3305,0.0011,0.0127,0.048,2478,2478,2478,0,0,1,-30,30,-4.490814600129868,81.22881997186086,4.555820838079903,-86.18999076329989,0,0,0,0
3103,3305,0.0011,0.0127,0.048,2478,2478,2478,0,0,1,-30,30,-4.490814600129868,81.22881997186086,4.555820838079903,-86.18999076329989,0,0,0,0
3104,3105,0.00312,0.02886,0.15252,1089,1089,1089,0,0,1,-30,30,-129.2201331539533,-45.81157936867913,129.6980650128332,32.02336871563479,0,0,0,0
3201,3202,0.0011,0.0127,0.048,2478,2478,2478,0,0,1,-30,30,-11.30094746552356,-48.20230459248431,11.32231462385599,42.99195503905763,0,0,0,0
3201,3202,0.0011,0.0127,0.048,2478,2478,2478,0,0,1,-30,30,-11.30094746552356,-48.20230459248431,11.32231462385599,42.99195503905763,0,0,0,0
3201,3203,0.0011,0.0127,0.048,2478,2478,2478,0,0,1,-30,30,110.7633662017214,-112.6550578318671,-110.5264800685899,109.8993632903243,0,0,0,0
3201,3203,0.0011,0.0127,0.048,2478,2478,2478,0,0,1,-30,30,110.7633662017214,-112.6550578318671,-110.5264800685899,109.8993632903243,0,0,0,0
3201,3923,0.00312,0.02886,0.15252,1089,1089,1089,0,0,1,-30,30,-313.7493702385866,-77.01057532600264,316.5940131219332,85.56510932877114,0,0,0,0
3201,3923,0.00312,0.02886,0.15252,1089,1089,1089,0,0,1,-30,30,-313.7493702385866,-77.01057532600264,316.5940131219332,85.56510932877114,0,0,0,0
3201,3924,0.0011,0.0127,0.048,2478,2478,2478,0,0,1,-30,30,-16.95149652521851,188.9434382633682,17.31156059283817,-190.100313184574,0,0,0,0
3201,3924,0.0011,0.0127,0.048,2478,2478,2478,0,0,1,-30,30,-16.95149652521851,188.9434382633682,17.31156059283817,-190.100313184574,0,0,0,0
3202,3203,0.0011,0.0127,0.048,2478,2478,2478,0,0,1,-30,30,122.7545107339279,-67.43088661744726,-122.5691893136613,64.05145210601233,0,0,0,0
3202,3203,0.00312,0.02886,0.15252,1089,1089,1089,0,0,1,-30,30,53.28993241105954,-38.2636602307544,-53.18856416892704,21.66452065240353,0,0,0,0
3202,3204,0.0011,0.0127,0.048,2478,2478,2478,0,0,1,-30,30,-576.6416434562434,-171.0716787240791,580.1149973303133,205.5423083385904,0,0,0,0
3202,3205,0.0011,0.0127,0.048,2478,2478,2478,0,0,1,-30,30,-207.5245457965503,-84.68817486709077,208.0037161980407,84.6723598062954,0,0,0,0
3202,3924,0.00312,0.02886,0.15252,1089,1089,1089,0,0,1,-30,30,-0.3511905174922531,95.99874541645237,0.6505522221258262,-110.2050626347038,0,0,0,0
3202,3924,0.00312,0.02886,0.15252,1089,1089,1089,0,0,1,-30,30,-0.3511905174922531,95.99874541645237,0.6505522221258262,-110.2050626347038,0,0,0,0
3203,3204,0.0011,0.0127,0.048,2478,2478,2478,0,0,1,-30,30,-705.0759808373267,-97.06324119699001,709.8877198071801,146.9525255838422,0,0,0,0
3203,3303,0.0011,0.0127,0.048,2478,2478,2478,0,0,1,-30,30,783.8846896789146,-146.1395720850568,-777.846238598576,210.2361563239401,0,0,0,0
3203,3303,0.00312,0.02886,0.15252,1089,1089,1089,0,0,1,-30,30,342.8200866334878,-79.0934048790683,-339.5171377874434,91.78788311607671,0,0,0,0
3203,3305,0.0011,0.0127,0.048,2478,2478,2478,0,0,1,-30,30,49.43958935503542,-95.21988466612179,-49.3350852110426,90.81965475557766,0,0,0,0
3203,3923,0.00312,0.02886,0.15252,1089,1089,1089,0,0,1,-30,30,-365.6811324095341,-23.23729752061736,369.2933500870356,38.69485702919584,0,0,0,0
3203,3923,0.00312,0.02886,0.15252,1089,1089,1089,0,0,1,-30,30,-365.6811324095341,-23.23729752061736,369.2933500870356,38.69485702919584,0,0,0,0
3204,3205,0.0011,0.0127,0.048,2478,2478,2478,0,0,1,-30,30,372.6750382987345,108.6466714129625,-371.2917660663405,-98.36959450935869,0,0,0,0
3204,3205,0.0011,0.0127,0.048,2478,2478,2478,0,0,1,-30,30,372.6750382987345,108.6466714129625,-371.2917660663405,-98.36959450935869,0,0,0,0
3204,3923,0.00312,0.02886,0.15252,1089,1089,1089,0,0,1,-30,30,-57.74184832031922,7.333140384667399,57.83535970142088,-24.77874776567448,0,0,0,0
3204,3923,0.00312,0.02886,0.15252,1089,1089,1089,0,0,1,-30,30,-57.74184832031922,7.333140384667399,57.83535970142088,-24.77874776567448,0,0,0,0
3205,3914,0.00312,0.02886,0.15252,1089,1089,1089,0,0,1,-30,30,-30.68831759790627,-5.230699421264498,30.71381753086035,-12.36023106992077,0,0,0,0
3205,3915,0.00312,0.02886,0.15252,1089,1089,1089,0,0,1,-30,30,19.20723371458036,39.51552870351994,-19.13478271362707,-56.45242470989849,0,0,0,0
3301,3902,0.00053,0.01297,0,2434,2434,2434,0,0,1,-30,30,-192.0008234488447,283.264556731496,192.5169906497685,-270.633068814548,0,0,0,0
3301,3903,1e-05,-0.00755,0,4184,4184,4184,0,0,1,-30,30,425.0101164576084,-440.2166731892095,-424.9789770678842,416.7064339475611,0,0,0,0
3302,3304,0.0011,0.0127,0.048,2478,2478,2478,0,0,1,-30,30,51.02536787679281,-29.26184279353578,-50.99408729300627,24.03176710290224,0,0,0,0
3302,3304,0.0011,0.0127,0.048,2478,2478,2478,0,0,1,-30,30,51.02536787679281,-29.26184279353578,-50.99408729300627,24.03176710290224,0,0,0,0
3303,3304,0.0011,0.0127,0.048,2478,2478,2478,0,0,1,-30,30,144.0537906150722,53.8153234008512,-143.831341065669,-56.89317792281579,0,0,0,0
3303,3304,0.0011,0.0127,0.048,2478,2478,2478,0,0,1,-30,30,144.0537906150722,53.8153234008512,-143.831341065669,-56.89317792281579,0,0,0,0
3303,3304,0.0011,0.0127,0.048,2478,2478,2478,0,0,1,-30,30,144.0537906150722,53.8153234008512,-143.831341065669,-56.89317792281579,0,0,0,0
3303,3918,0.00312,0.02886,0.15252,1089,1089,1089,0,0,1,-30,30,19.85824416561515,68.62883603150999,-19.68903351457549,-84.78782045441775,0,0,0,0
3303,3918,0.00312,0.02886,0.15252,1089,1089,1089,0,0,1,-30,30,19.85824416561515,68.62883603150999,-19.68903351457549,-84.78782045441775,0,0,0,0
3305,3923,0.00312,0.02886,0.15252,1089,1089,1089,0,0,1,-30,30,-390.0961553607535,20.33532677139654,394.1447318891866,-1.013394154580914,0,0,0,0
3401,3402,0.00312,0.02886,0.15252,1089,1089,1089,0,0,1,-30,30,-598.7409958572455,-74.68515154624079,608.9999984073703,151.9607672727469,0,0,0,0
3401,3402,0.00312,0.02886,0.15252,1089,1089,1089,0,0,1,-30,30,-598.7409958572455,-74.68515154624079,608.9999984073703,151.9607672727469,0,0,0,0
3401,3404,0.00312,0.02886,0.15252,1089,1089,1089,0,0,1,-30,30,32.93683022791897,-18.06199472188167,-32.90353059532215,1.510297631266305,0,0,0,0
3401,3405,0.00312,0.02886,0.15252,1089,1089,1089,0,0,1,-30,30,292.2983909192679,31.62714842744978,-289.8376425620389,-25.43280188605682,0,0,0,0
3401,3405,0.00312,0.02886,0.15252,1089,1089,1089,0,0,1,-30,30,292.2983909192679,31.62714842744978,-289.8376425620389,-25.43280188605682,0,0,0,0
3401,3804,0.00312,0.02886,0.15252,1089,1089,1089,0,0,1,-30,30,22.24127975152627,-31.73099902901519,-22.21192728972377,15.07761506578943,0,0,0,0
3403,3404,0.00312,0.02886,0.15252,1089,1089,1089,0,0,1,-30,30,1067.617708391496,188.4559665164601,-1037.107177387697,76.12961107682395,0,0,0,0
3403,3804,0.00312,0.02886,0.15252,1089,1089,1089,0,0,1,-30,30,1060.41357748033,171.8080807218656,-1030.462967289348,87.53305381009962,0,0,0,0
3404,3804,0.00312,0.02886,0.15252,1089,1089,1089,0,0,1,-30,30,-10.83403116644708,-22.03931135646742,10.84254738577563,5.165721220839862,0,0,0,0
3404,3804,0.00312,0.02886,0.15252,1089,1089,1089,0,0,1,-30,30,-10.83403116644708,-22.03931135646742,10.84254738577563,5.165721220839862,0,0,0,0
3404,3917,0.00312,0.02886,0.15252,1089,1089,1089,0,0,1,-30,30,463.3175656243754,-16.51087077906003,-457.2667601605972,55.65397525579395,0,0,0,0
3404,3918,0.00312,0.02886,0.15252,1089,1089,1089,0,0,1,-30,30,189.9002065619512,-79.1254149973518,-188.743237123068,72.69560811353394,0,0,0,0
3405,3907,0.00312,0.02886,0.15252,1089,1089,1089,0,0,1,-30,30,65.38884256330441,-6.428698113046602,-65.26395330773281,-8.682853061625432,0,0,0,0
3405,3907,0.00312,0.02886,0.15252,1089,1089,1089,0,0,1,-30,30,65.38884256330441,-6.428698113046602,-65.26395330773281,-8.682853061625432,0,0,0,0
3501,3914,0.00312,0.02886,0.15252,1089,1089,1089,0,0,1,-30,30,260.2769185942387,38.80300174896022,-258.4674175183288,-40.18876892026944,0,0,0,0
3501,3915,0.00312,0.02886,0.15252,1089,1089,1089,0,0,1,-30,30,307.7066757482198,87.70895485693629,-305.018185205789,-80.74433235711312,0,0,0,0
3601,3925,0.00312,0.02886,0.15252,1089,1089,1089,0,0,1,-30,30,91.14357471465254,78.96059452968325,-90.728549887337,-93.13923815580758,0,0,0,0
3701,3926,0.00312,0.02886,0.15252,1089,1089,1089,0,0,1,-30,30,-205.4916613169693,0.5054224394626994,206.9318065595803,-1.249963025952894,0,0,0,0
3701,3926,0.00312,0.02886,0.15252,1089,1089,1089,0,0,1,-30,30,-205.4916613169693,0.5054224394626994,206.9318065595803,-1.249963025952894,0,0,0,0
3801,3802,0.00079,0.01937,1.3285,1630,1630,1630,0,0,1,-30,30,588.2500506262689,-184.2721388383222,-585.5965415086763,104.2545740517371,0,0,0,0
3801,3803,0.00087,0.02087,1.4571,1513,1513,1513,0,0,1,-30,30,743.7635067456238,-182.7756287059502,-739.1694243666711,133.3717190935912,0,0,0,0
3801,3803,0.00087,0.02087,1.4571,1513,1513,1513,0,0,1,-30,30,743.7635067456238,-182.7756287059502,-739.1694243666711,133.3717190935912,0,0,0,0
3802,3891,0.00072,0.016,1.0879,1973,1973,1973,0,0,1,-30,30,687.5017159696883,-86.80458311253714,-684.4469780137077,32.80672625034371,0,0,0,0
3802,3901,0.00083,0.01985,0,1590,1590,1590,0,0,1,-30,30,427.4040263684391,-48.22685287139343,-426.0277126241205,81.14230808190538,0,0,0,0
3803,3891,2e-05,-0.009979999999999999,0,3166,3166,3166,0,0,1,-30,30,-684.3635037234726,-8.846943586007217,684.4469780117021,-32.80672624047561,0,0,0,0
3803,3892,0,-0.009350000000000001,0,3379,3379,3379,0,0,1,-30,30,891.9796555155262,-76.96944853833368,-891.9796555155262,10.19354239176224,0,0,0,0
3803,3894,0,-0.00944,0,3347,3347,3347,0,0,1,-30,30,898.0736774436202,-78.98890854115497,-898.0736774436202,10.62622286999908,0,0,0,0
3803,3896,0,-0.009350000000000001,0,3379,3379,3379,0,0,1,-30,30,951.5299893234928,-74.48753189297162,-951.5299893234928,-1.402774169243726,0,0,0,0
3803,3901,0.00153,0.0147,0,2138,2138,2138,0,0,1,-30,30,286.0578183452516,-64.62478498107845,-284.8853697240716,75.88948741986681,0,0,0,0
3804,3806,0.00312,0.02886,0.15252,1089,1089,1089,0,0,1,-30,30,277.2842951380061,-181.3263733523711,-274.299169158521,191.2310197674673,0,0,0,0
3805,3806,0.00312,0.02886,0.15252,1089,1089,1089,0,0,1,-30,30,15.870915458779,-152.6772811939884,-15.28661484537887,140.3229109070274,0,0,0,0
3892,3893,0.00123,0.02659,1.98702,1187,1187,1187,0,0,1,-30,30,891.9796569357302,-10.19354230282827,-883.0848742235212,-16.51195593205728,0,0,0,0
3894,3895,0.00123,0.02662,1.9888,1186,1186,1186,0,0,1,-30,30,898.0736788769825,-10.62622277956415,-889.0567699573282,-13.43375615920812,0,0,0,0
3896,3897,0.00112,0.02517,1.83586,1254,1254,1254,0,0,1,-30,30,951.5299909112545,1.402774276741092,-942.3312321349063,2.499111761226525,0,0,0,0
3901,3902,0.00053,0.01297,0,2434,2434,2434,0,0,1,-30,30,-1036.234140129094,110.890879163146,1041.309012274249,13.2998599362,0,0,0,0
3901,3903,0.0009300000000000001,0.03644,1.3895,867,867,867,0,0,1,-30,30,-385.2841340409575,-49.60045935999558,386.5082460836416,-60.27488988796259,0,0,0,0
3901,8002,2e-05,-0.01331,0,2374,2374,2374,0,0,1,-30,30,2351.351849609857,-327.1397713919393,-2350.358093874679,-334.2046703690249,6.865746091692018,5.298198560446561,0,0
3903,3904,1e-05,-0.01098,0,2877,2877,2877,0,0,1,-30,30,1408.916946488114,-1106.683301209156,-1408.634799236648,796.88561909922,0,0,0,0
3903,3905,0.00098,0.01035,0,3039,3039,3039,0,0,1,-30,30,-207.9237131061309,891.5327853450556,215.1431159116347,-815.2870516338686,0,0,0,0
3903,8002,0.00165,0.05719,2.4774,553,553,553,0,0,1,-30,30,-306.2644004448285,-105.2161463909271,307.6433155980043,-128.4086962521801,0,0,0,0
3904,3905,0.0016,0.01229,0,2549,2549,2549,0,0,1,-30,30,910.9371382738447,-209.4303490876078,-895.8793807889691,325.09274876831,0,0,0,0
3905,3906,0.00072,0.00346,0,8938,8938,8938,0,0,1,-30,30,-80.3070022231697,379.061232896146,81.42705184855174,-373.6787721963933,0,0,0,0
3906,4001,0.00053,0.00456,0,6881,6881,6881,0,0,1,-30,30,791.3586186603004,286.926547292998,-787.3644839865565,-252.5619168924834,0,0,0,0
3906,4001,0.00053,0.00456,0,6881,6881,6881,0,0,1,-30,30,791.3586186603004,286.926547292998,-787.3644839865565,-252.5619168924834,0,0,0,0
3907,3908,0.00312,0.02886,0.15252,1089,1089,1089,0,0,1,-30,30,343.0187325307274,97.60174549066598,-339.241364604956,-78.34097293550735,0,0,0,0
3907,3923,0.00312,0.02886,0.15252,1089,1089,1089,0,0,1,-30,30,-833.0919075044136,-53.90100629094665,853.5018183649374,225.4436978619763,0,0,0,0
3907,8004,0.01382,0.09268,0.1106,338,338,338,0,0,1,-30,30,159.2437816002669,-89.40603307440294,-155.0446124353718,105.0366672960091,0,0,0,0
3908,3920,0.00312,0.02886,0.15252,1089,1089,1089,0,0,1,-30,30,138.9625646063043,53.62497293562295,-138.2374136382689,-61.72590666190487,0,0,0,0
3909,3919,0.00312,0.02886,0.15252,1089,1089,1089,0,0,1,-30,30,-74.37287784760844,5.643087859224874,74.56574873753236,-17.88558603702929,0,0,0,0
3909,3920,0.00312,0.02886,0.15252,1089,1089,1089,0,0,1,-30,30,-96.58412214161794,-45.42808785796358,96.95021427706712,34.5489476711322,0,0,0,0
3910,3911,0.02482,0.16938,0.20232,185,185,185,0,0,1,-30,30,-109.2888326692186,-13.75270227372116,112.2695771413332,12.91870263466757,0,0,0,0
3910,3924,0.0148,0.10101,0.12066,310,310,310,0,0,1,-30,30,-132.5503671929618,-20.68729771537592,135.1939778319203,26.18809886963163,0,0,0,0
3911,3912,0.01382,0.09268,0.1106,338,338,338,0,0,1,-30,30,140.6042962662636,-4.939854648317042,-138.1149176071254,9.633806464903222,0,0,0,0
3911,3916,0.01668,0.11381,0.13608,275,275,275,0,0,1,-30,30,112.1965983637838,-6.75567560809551,-110.2835293907261,5.035184898573425,0,0,0,0
3911,3921,0.01113,0.06678000000000001,0.07285999999999999,467,467,467,0,0,1,-30,30,-291.129148195359,68.07821941884072,300.2505169728861,-21.36931815017153,0,0,0,0
3911,3921,0.0105,0.0654,0.06859999999999999,477,477,477,0,0,1,-30,30,-297.9956415487557,68.13085656934264,306.9851921494225,-19.68923447150461,0,0,0,0
3911,3921,0.01105,0.06642000000000001,0.0716,470,470,470,0,0,1,-30,30,-292.742585494174,68.45579587361351,301.8977170976843,-21.30621392913781,0,0,0,0
3911,3924,0.03903,0.27403,0.31072,115,115,115,0,0,1,-30,30,19.90990373912241,-16.75469201013484,-19.76891268577408,-16.13610221062826,0,0,0,0
3911,8003,0.01382,0.09268,0.1106,338,338,338,0,0,1,-30,30,177.1753077401814,-73.74506158236665,-172.6461361086169,91.39726858737258,0,0,0,0
3911,8003,0.01382,0.09268,0.1106,338,338,338,0,0,1,-30,30,177.1753077401814,-73.74506158236665,-172.6461361086169,91.39726858737258,0,0,0,0
3912,3924,0.03058,0.2046,0.24472,153,153,153,0,0,1,-30,30,-36.38798231041856,-8.99980644991985,36.77037892524958,-14.81818700747143,0,0,0,0
3913,3920,0.00312,0.02886,0.15252,1089,1089,1089,0,0,1,-30,30,288.9344946106319,76.07293364590807,-286.1353389043802,-65.11734683444826,0,0,0,0
3913,3920,0.00312,0.02886,0.15252,1089,1089,1089,0,0,1,-30,30,288.9344946106319,76.07293364590807,-286.1353389043802,-65.11734683444826,0,0,0,0
3913,3923,0.00312,0.02886,0.15252,1089,1089,1089,0,0,1,-30,30,-999.4113373294126,-81.69259690385347,1030.474270512827,352.1984907267232,0,148.3572534747299,0,0
3913,8004,0.01382,0.09268,0.1106,338,338,338,0,0,1,-30,30,91.99394812243813,-113.8882703872551,-89.22729989064314,120.2186544018397,0,0,0,0
3915,3924,0.00312,0.02886,0.15252,1089,1089,1089,0,0,1,-30,30,69.69406833962721,83.79475717183388,-69.3270012068942,-97.35292170391979,0,0,0,0
3916,3924,0.02235,0.16106,0.18342,195,195,195,0,0,1,-30,30,-44.71887051566439,-5.035184881640471,45.13995349783448,-11.7114086465002,0,0,0,0
3919,3922,0.00312,0.02886,0.15252,1089,1089,1089,0,0,1,-30,30,-259.075048720683,-6.208413961347836,261.35483019208,13.11948943516111,0,0,0,0
3920,3922,0.00312,0.02886,0.15252,1089,1089,1089,0,0,1,-30,30,-242.3856446635959,44.80956594719319,244.404321104615,-40.55265053451179,0,0,0,0
3923,8005,0.01382,0.09268,0.1106,338,338,338,0,0,1,-30,30,214.5006473057321,37.81110346643105,-208.9637683810393,-13.33732484313357,0,0,0,0
3923,8005,0.01382,0.09268,0.1106,338,338,338,0,0,1,-30,30,214.5006473057321,37.81110346643105,-208.9637683810393,-13.33732484313357,0,0,0,0
4001,4204,0.00078,0.00239,1.1381,12565,12565,12565,0,0,1,-30,30,2196.157908354975,338.5548449467498,-2153.383852371997,-307.9338459935733,0,0,0,0
4001,4090,0.00072,0.01382,1.27572,2283,2283,2283,0,0,1,-30,30,71.4939018419438,-392.0801125468051,-70.5669376686444,288.1461792581298,0,0,0,0
4001,4094,0.00078,0.01502,1.1381,2101,2101,2101,0,0,1,-30,30,196.5834417856288,-120.1220772193871,-196.2108701586072,22.98189558249149,0,0,0,0
4001,4097,0.00074,0.01413,1.06634,2233,2233,2233,0,0,1,-30,30,207.2684876432941,-120.7971044946391,-206.8753089496729,30.57413283636888,0,0,0,0
4001,8001,0.00106,0.01293,0,2435,2435,2435,0,0,1,-30,30,-503.9115187460292,-492.9127215144246,509.7168618937496,563.7269544389765,0,0,0,0
4002,4003,0.00122,0.02373,2.2071,1330,1330,1330,0,0,1,-30,30,-231.567163156619,-489.6385511459732,233.9285597366091,290.1230385079398,0,0,0,0
4002,4090,0.00012,0.00238,0.21926,13256,13256,13256,0,0,1,-30,30,-70.46888007169649,267.9979258986261,70.56693806871269,-288.1461781244232,0,0,0,0
4002,4091,0.0005999999999999999,0.01036,1.01456,3044,3044,3044,0,0,1,-30,30,133.3519436431752,199.6426261311967,-132.8737429360787,-291.6010013506373,0,0,0,0
4003,6101,0.00264,0.02689,5.29066,1170,1170,1170,0,0,1,-30,30,-233.9285596877661,-290.1230385060796,235.1420932015027,-337.5787712076011,0,0,0,0
4004,4005,0.00063,0.01412,1.09756,2235,2235,2235,0,0,1,-30,30,121.6314553990677,238.9040272237806,-120.9529492507422,-319.4449491896157,0,0,0,0
4004,4005,0.00109,0.02408,1.55542,1311,1311,1311,0,0,1,-30,30,71.42963545877528,98.41786193110462,-71.02601710060281,-225.1917348857852,0,0,0,0
4004,4005,0.00108,0.02409,1.55348,1310,1310,1310,0,0,1,-30,30,71.3280401387057,98.47029125912982,-70.92844106039277,-225.0782776660496,0,0,0,0
4004,4091,0.00041,0.00737,0.72694,4280,4280,4280,0,0,1,-30,30,-132.3437014636084,-350.1967878517263,132.8737435571814,291.6010026112136,0,0,0,0
4004,4092,0.00066,0.01266,0.9597599999999999,2492,2492,2492,0,0,1,-30,30,-195.9302909402892,-64.28362365607015,196.2108706544952,-18.35361356860866,0,0,0,0
4004,4095,0.00066,0.01266,0.9597599999999999,2492,2492,2492,0,0,1,-30,30,-206.5656271711794,-56.60874910383896,206.8753093729441,-25.38713299800007,0,0,0,0
4005,4006,0.00023,0.00451,0.3332,6995,6995,6995,0,0,1,-30,30,2478.422720538103,-178.153733702665,-2461.364845562904,484.6094189378794,0,0,0,0
4005,4006,0.0002,0.00446,0.305,7076,7076,7076,0,0,1,-30,30,2507.918520519725,-163.4743359140591,-2492.742215627897,476.2509738492805,0,0,0,0
4005,4102,0.0012,0.02316,1.7152,1363,1363,1363,0,0,1,-30,30,-558.9830662352615,-289.4072668472825,564.1763679510404,235.1457348024145,0,0,0,0
4005,4102,0.0003,0.02,3.6,1580,1580,1580,0,0,1,-30,30,-638.3657028764392,-426.2210202740554,640.1109918184709,218.3128196663561,0,0,0,0
4005,4202,0.0002,0.008200000000000001,1.3,3851,3851,3851,0,0,1,-30,30,1173.700188115032,-260.3504899795982,-1170.285916893449,289.5515601694124,0,0,0,0
4005,6202,0.00196,0.03304,1.88,955,955,955,0,0,1,-30,30,-385.8995782231764,-342.1524224233655,391.0498615180322,252.0554958908691,0,0,0,0
4006,4007,1e-05,0.0003,0.01434,105233,105233,105233,0,0,1,-30,30,1685.354073813479,-218.0828233865986,-1685.014509785527,227.0495292929496,0,0,0,0
4006,4007,1e-05,0.0003,0.01844,105233,105233,105233,0,0,1,-30,30,1685.354073813469,-218.2571590329387,-1685.014509785528,226.874988982338,0,0,0,0
4006,4202,0.0002,0.008200000000000001,1.3,3851,3851,3851,0,0,1,-30,30,-213.6224672042046,-181.7129405180054,213.7673855420024,75.66524491216528,0,0,0,0
4008,6401,0.0062,0.0673,1.1156,468,468,468,0,0,1,-30,30,466.0398556160312,42.78846661015463,-450.3556075594155,31.62900359980516,883.3778017132909,0,0,0
4009,4010,6e-05,0.00131,0.00378,24088,24088,24088,0,0,1,-30,30,-112.0630265149397,355.5821461746582,112.1571009895746,-353.8618445189406,0,0,0,0
4009,4010,6e-05,0.00116,0.00332,27195,27195,27195,0,0,1,-30,30,-124.1421979116579,402.2294727138021,124.2621059119741,-400.204305233504,0,0,0,0
4009,4104,0.002,0.02,0.8,1572,1572,1572,0,0,1,-30,30,25.9798909839678,19.3140998570178,-25.8969729939755,-88.55492828786204,0,0,0,0
4092,4093,0,0.00165,0,19144,19144,19144,0,0,1,-30,30,-196.2108687990704,18.3536174471899,196.2108687990704,-17.65811084956336,0,0,0,0
4093,4094,0,-0.01263,0,2501,2501,2501,0,0,1,-30,30,-196.2108703039941,17.65810790431461,196.2108703039942,-22.98189483652518,0,0,0,0
4095,4096,0,0.00165,0,19144,19144,19144,0,0,1,-30,30,-206.8753073062228,25.3871373287042,206.8753073062228,-24.60767039177779,0,0,0,0
4096,4097,0,-0.01263,0,2501,2501,2501,0,0,1,-30,30,-206.8753089825928,24.60766710595977,206.8753089825928,-30.57413227809498,0,0,0,0
4101,4102,0.00113,0.02069,1.85526,1525,1525,1525,0,0,1,-30,30,-264.5894390069116,69.06329699315478,265.6564615170984,-234.786722637132,0,0,0,0
4101,4102,0.00113,0.02069,1.85526,1525,1525,1525,0,0,1,-30,30,-264.5894390069116,69.06329699315478,265.6564615170984,-234.786722637132,0,0,0,0
4101,4103,0.0007,0.074,4.87,427,427,427,0,0,1,-30,30,226.5291368631439,-184.6749978490634,-226.1503049646692,-258.5263510931007,0,0,0,0
4101,4103,0.002,0.02,0.8,1572,1572,1572,0,0,1,-30,30,852.3815082343468,124.07225394506,-837.709166624183,-56.73270519376423,0,0,0,0
4101,4201,0.0002,0.008200000000000001,1.3,3851,3851,3851,0,0,1,-30,30,253.4885630867197,121.1418890971504,-253.2947539884661,-244.751858035913,0,0,0,0
4101,4201,0.0002,0.008200000000000001,1.3,3851,3851,3851,0,0,1,-30,30,253.4885630867197,121.1418890971504,-253.2947539884661,-244.751858035913,0,0,0,0
4102,4201,0.0002,0.008200000000000001,1.3,3851,3851,3851,0,0,1,-30,30,917.3145577014685,-212.292272507272,-915.5328527313694,157.5552367273308,0,0,0,0
4102,4201,0.0002,0.008200000000000001,1.3,3851,3851,3851,0,0,1,-30,30,917.3145577014685,-212.292272507272,-915.5328527313694,157.5552367273308,0,0,0,0
4102,4202,0.0002,0.008200000000000001,1.3,3851,3851,3851,0,0,1,-30,30,2855.754864883367,838.7432294863961,-2837.254955002512,-199.9814336800341,0,0,0,0
4102,4202,0.0002,0.008200000000000001,1.3,3851,3851,3851,0,0,1,-30,30,2855.754864883367,838.7432294863961,-2837.254955002512,-199.9814336800341,0,0,0,0
4102,6202,0.00142,0.02258,1.88,1397,1397,1397,0,0,1,-30,30,35.61103185818742,-268.125804508456,-35.13370035332796,85.85631863918698,0,0,0,0
4103,6202,0.0007,0.074,4.87,427,427,427,0,0,1,-30,30,-290.1760249453542,-260.4035110104884,290.7973784889371,-162.6747150647922,0,0,0,0
4104,5004,0.002,0.02,0.8,1572,1572,1572,0,0,1,-30,30,-1159.466835425799,110.2270992718231,1191.054262271673,134.398397201652,0,0,0,0
4201,4202,0.00109,0.02408,1.55542,1311,1311,1311,0,0,1,-30,30,700.871100771908,218.0757603348139,-694.5416689530726,-223.5917817630287,0,0,0,0
4201,5001,0.00083,0.0239,3.3,1321,1321,1321,0,0,1,-30,30,-1305.874733573418,50.52197327209804,1320.465029253662,37.58971243973133,0,3.901795222438279,0,0
4202,4203,0.00066,0.00165,0.9597599999999999,17775,17775,17775,0,0,1,-30,30,3340.331204053391,643.32810659057,-3252.376303432681,-504.1804374405684,0,0,0,0
4203,4204,0.00074,0.01266,1.0822,2491,2491,2491,0,0,1,-30,30,-1127.249889552214,-67.15054602217671,1138.863652305637,175.5938635504484,0,0,0,0
5001,5002,0.0035,0.07000000000000001,4.606,451,451,451,0,0,1,-30,30,-95.71767227889431,-345.601970244971,96.46282899560364,-147.3475463948341,0,0,0,0
5003,5004,0.002,0.02,0.8,1572,1572,1572,0,0,1,-30,30,1222.211635591391,366.6457835869609,-1191.054282560129,-134.398397685297,0,0,0,0
6102,6103,0.0012,0.02316,1.7152,1363,1363,1363,0,0,1,-30,30,339.3874197596876,-10.43385437068127,-338.115436226671,-160.5201881337734,0,0,0,0
6102,6301,0,0.0046,0,6867,6867,6867,0,0,1,-30,30,758.6422274297943,377.7745016959826,-758.6422274297943,-349.3339803605812,0,0,0,0
6102,6403,0.0062,0.0673,1.1156,468,468,468,0,0,1,-30,30,301.6841179369565,81.34612469234597,-295.6868566565158,-135.2521984698699,0,0,0,0
6103,6301,0,0.0046,0,6867,6867,6867,0,0,1,-30,30,-917.7688256562543,-94.57597531569164,917.7688256562543,129.6019469183608,0,0,0,0
6103,6301,0,0.0046,0,6867,6867,6867,0,0,1,-30,30,-917.7688256562543,-94.57597531569164,917.7688256562543,129.6019469183608,0,0,0,0
6103,6501,0.0062,0.0673,1.1156,468,468,468,0,0,1,-30,30,248.7206233741105,-91.19863893404691,-245.2437128501446,2.347836421034577,0,0,0,0
6103,6501,0.0062,0.0673,1.1156,468,468,468,0,0,1,-30,30,248.7206233741105,-91.19863893404691,-245.2437128501446,2.347836421034577,0,0,0,0
6104,6204,0.0108,0.0965,0.3296,326,326,326,0,0,1,-30,30,-146.1424461984287,-49.32080844057602,148.5879278660646,36.57827979521736,0,0,0,0
6104,6305,0.0108,0.0965,0.3296,326,326,326,0,0,1,-30,30,-269.5388385816448,4.684350313540298,277.5024325787022,32.36300030128491,0,0,0,0
6201,6202,0.00179,0.01405,3.68,2231,2231,2231,0,0,1,-30,30,1591.634586521434,-1.142964444529215,-1550.422925420291,-74.42548568840476,0,0,0,0
6203,6205,0.0007,0.074,4.87,427,427,427,0,0,1,-30,30,143.2036766191493,-315.5937487038888,-143.0707908145486,-244.6249034193401,0,0,0,0
6204,6205,0.0007,0.025,4.87,1263,1263,1263,0,0,1,-30,30,-534.8304237485314,-424.1054879869619,536.7883360207522,-70.36420418936328,0,0,0,0
6203,6303,0.0108,0.0965,0.3296,326,326,326,0,0,1,-30,30,-207.5234713333297,-5.771384101090055,211.5898919840679,3.349452024863875,0,0,0,0
6203,6303,0.0108,0.0965,0.3296,326,326,326,0,0,1,-30,30,-207.5234713333297,-5.771384101090055,211.5898919840679,3.349452024863875,0,0,0,0
6203,6304,0.0108,0.0965,0.3296,326,326,326,0,0,1,-30,30,11.08436109683015,26.33960531264464,-10.88011554819326,-60.91559668668709,0,0,0,0
6302,7001,0,0.0046,0,6867,6867,6867,0,0,1,-30,30,-370.882544660751,20.58189847727062,370.8825446607509,-14.37040822071714,0,0,0,0
6303,6304,0.0108,0.0965,0.3296,326,326,326,0,0,1,-30,30,214.818566070339,50.944165949494,-210.2272340776986,-47.22613155398172,0,0,0,0
6303,6305,0.0108,0.0965,0.3296,326,326,326,0,0,1,-30,30,302.6875912634607,50.18549816000957,-294.024602315754,-10.38362109873015,0,0,0,0
6303,6305,0.0108,0.0965,0.3296,326,326,326,0,0,1,-30,30,302.6875912634607,50.18549816000957,-294.024602315754,-10.38362109873015,0,0,0,0
6305,6510,0.0108,0.0965,0.3296,326,326,326,0,0,1,-30,30,324.7136819164641,-28.93137399952142,-314.1421005180278,87.12484686892907,124.7838509228786,27.17374287120349,0,0
6305,6510,0.0108,0.0965,0.3296,326,326,326,0,0,1,-30,30,324.7136819164641,-28.93137399952142,-314.1421005180278,87.12484686892907,124.7838509228786,27.17374287120349,0,0
6401,6403,0.0062,0.0673,1.1156,468,468,468,0,0,1,-30,30,-443.824953089564,-32.71759091357765,458.630861625949,93.17581559298614,0,498.7056603178245,0,0
6401,6403,0.0062,0.0673,1.1156,468,468,468,0,0,1,-30,30,-443.824953089564,-32.71759091357765,458.630861625949,93.17581559298614,0,498.7056603178245,0,0
6401,6404,0.0108,0.0965,0.3296,326,326,326,0,0,1,-30,30,-258.8062451844017,-66.20903143334638,267.9301780290533,116.6140313844722,0,0,0,0
6403,6404,0.0062,0.0673,1.1156,468,468,468,0,0,1,-30,30,110.0826185552128,-125.8672081638553,-108.981819007988,24.33424270378553,0,0,0,0
6404,6507,0.0108,0.0965,0.3296,326,326,326,0,0,1,-30,30,-145.9095673636749,-59.39786415018329,148.2515050081433,43.10881831510158,0,0,0,0
6501,6502,0.0024,0.00332,0.5849,7711,7711,7711,0,0,1,-30,30,-203.6141141891379,-63.12523527670714,204.4962559252001,-3.3528924711826,0,0,0,0
6501,6504,0.0021,0.00238,0.3845,9952,9952,9952,0,0,1,-30,30,-417.4130664508656,-92.7898526659273,420.6814977305254,51.81263033533428,0,0,0,0
6501,6509,0.0016,0.00226,0.381,11408,11408,11408,0,0,1,-30,30,-202.0459729058356,-61.8611937149525,202.6353263841855,18.66187624135487,0,0,0,0
6501,6509,0.0016,0.00226,0.381,11408,11408,11408,0,0,1,-30,30,-202.0459729058356,-61.8611937149525,202.6353263841855,18.66187624135487,0,0,0,0
6502,6503,0.0052,0.0602,1.01,523,523,523,0,0,1,-30,30,-510.6181925289898,17.41641689528026,522.5319659159928,0.7368335550441196,0,0,0,0
6502,6503,0.0049,0.0537,0.8843,586,586,586,0,0,1,-30,30,-571.7603521134267,36.67360074003609,585.8569341803599,12.94806999191206,0,530.8316583295682,0,0
6502,6504,0.0017,0.00225,0.3992,11202,11202,11202,0,0,1,-30,30,-166.2304750948657,-102.8990411327089,166.727050994538,56.93125306716439,0,0,0,0
6502,6504,0.0021,0.00238,0.3845,9952,9952,9952,0,0,1,-30,30,-152.6352932586115,-81.74963480749928,153.1195107784136,37.3902971130961,0,0,0,0
6502,6504,0.0017,0.00225,0.3992,11202,11202,11202,0,0,1,-30,30,-166.2304750948657,-102.8990411327089,166.727050994538,56.93125306716439,0,0,0,0
6502,6504,0.0021,0.00238,0.3845,9952,9952,9952,0,0,1,-30,30,-152.6352932586115,-81.74963480749928,153.1195107784136,37.3902971130961,0,0,0,0
6502,6508,0.0012,0.0172,0.2987,1833,1833,1833,0,0,1,-30,30,-454.4189793864212,47.3329721333205,456.5922245442645,-50.84267273733849,0,0,0,0
6502,6509,0.0008,0.00106,0.2039,23786,23786,23786,0,0,1,-30,30,207.2277524062429,-3.222372708298449,-206.9319263842901,-20.07037624099603,0,0,0,0
6502,6509,0.0008,0.00106,0.2039,23786,23786,23786,0,0,1,-30,30,207.2277524062429,-3.222372708298449,-206.9319263842901,-20.07037624099603,0,0,0,0
6503,6504,0.0032,0.0349,0.5722,902,902,902,0,0,1,-30,30,896.9525487772293,52.72974242970485,-875.4455894318444,113.7108317555473,0,0,0,0
6503,6505,0.009599999999999999,0.0878,1.4265,358,358,358,0,0,1,-30,30,-1.701882123338421,-86.9211558815696,1.702154936770384,-85.56754695357887,0,0,0,0
6503,6507,0.0034,0.0374,0.6208,842,842,842,0,0,1,-30,30,618.0917630783468,-16.77991744158626,-607.3303769915565,60.53903468324771,0,0,0,0
6503,6507,0.0034,0.0372,0.6182,846,846,846,0,0,1,-30,30,621.3974087462796,-16.81351399293168,-610.5209589641941,61.51104383976475,0,0,0,0
6503,6508,0.0034,0.0392,0.6524,803,803,803,0,0,1,-30,30,598.6587604213373,33.16637969044913,-588.4265245445259,7.634672737367443,0,0,0,0
6504,6507,0.0038,0.034,0.5824,924,924,924,0,0,1,-30,30,-245.8196817219871,-31.46981325732485,247.7781724978474,-19.96529244352772,0,0,0,0
6504,6507,0.0032,0.0349,0.5722,902,902,902,0,0,1,-30,30,-239.9695057010803,-35.7033337280363,241.5411356452313,-14.90680141001805,0,0,0,0
6504,7002,0.008109999999999999,0.1369,2.4348,231,231,231,0,0,1,-30,30,-190.0306699869095,-117.5452527694198,192.5722039869231,-127.5811341388095,0,70.96681366779939,0,0
7001,7002,0,0.0046,0,6867,6867,6867,0,0,1,-30,30,180.4790665975228,-1807.535034728483,-180.4790665975228,1956.3180239483,0,0,0,0
8001,8002,0.00159,0.0111,0,2817,2817,2817,0,0,1,-30,30,-976.1097285427358,-166.1611418880311,990.8904500458044,269.3473108717201,0,0,0,0
8003,8004,0.01952,0.13702,0.15536,229,229,229,0,0,1,-30,30,156.5518050739738,-16.93280711196621,-152.565172162979,26.238781270603,0,0,0,0
8003,8005,0.03903,0.27403,0.31072,115,115,115,0,0,1,-30,30,1.052756564881087,2.028461619094496,-0.913147188481682,-36.68894174245845,0,0,0,0
8003,8005,0.03903,0.27403,0.31072,115,115,115,0,0,1,-30,30,1.052756564881087,2.028461619094496,-0.913147188481682,-36.68894174245845,0,0,0,0
8004,8005,0.01952,0.13702,0.15536,229,229,229,0,0,1,-30,30,-143.054417350106,66.59602245557915,147.3153224380815,-54.49776696997341,0,0,0,0
1001,1002,0,0.011,0,2872,2872,2872,1,0,1,-30,30,-408.8061880162565,75.09207107109417,408.8061880162565,-57.6193614608656,0,0,0,0
1001,1002,0,0.011,0,2872,2872,2872,1,0,1,-30,30,-408.8061880162565,75.09207107109417,408.8061880162565,-57.6193614608656,0,0,0,0
1002,1003,0.00028,0.0138,0,2289,2289,2289,1,0,1,-30,30,1083.889621087787,351.3689485699094,-1080.501842276697,-184.3998500233249,0,0,0,0
1002,1003,0.00029,0.0139,0,2272,2272,2272,1,0,1,-30,30,1076.278942495577,348.2201216435686,-1072.820557474912,-182.4561499634263,0,0,0,0
1101,1102,0,0.0146,0,2164,2164,2164,1,0,1,-30,30,-669.0766580127977,95.87398676827114,669.0766580127976,-35.70564180061123,0,0,0,0
1101,1102,0,0.0146,0,2164,2164,2164,1,0,1,-30,30,-669.0766580127977,95.87398676827114,669.0766580127976,-35.70564180061123,0,0,0,0
1302,1303,0,0.0072,0,4388,4388,4388,1,0,1,-30,30,99.73671162659913,-389.0411986290104,-99.73671162659913,399.2201689877771,0,0,0,0
1401,1403,0.00028,0.0138,0,2289,2289,2289,1,0,1,-30,30,-12.63302340744422,-1.284597366551139,12.63350635382816,1.308399724045078,0,0,0,0
2100,2400,0.00028,0.0138,0,2289,2289,2289,1,0,1,-30,30,937.3664207233606,-36.58264621431853,-934.7137332207631,167.3222445566252,0,0,0,0
2201,2202,0,0.005,0,6318,6318,6318,1,0,1,-30,30,367.3301741440067,24.35753891306767,-367.3301741440067,-17.29448162211151,0,0,0,0
2201,2202,0,0.005,0,6318,6318,6318,1,0,1,-30,30,367.3301741440067,24.35753891306767,-367.3301741440067,-17.29448162211151,0,0,0,0
2301,2302,0,0.005,0,6318,6318,6318,1,0,1,-30,30,-530.8452781857777,18.47603840983794,530.8452781857776,-4.289216169965182,0,0,0,0
2301,2302,0,0.005,0,6318,6318,6318,1,0,1,-30,30,-530.8452781857777,18.47603840983794,530.8452781857776,-4.289216169965182,0,0,0,0
2402,2409,0,0.005,0,6318,6318,6318,1,0,1,-30,30,511.1573918576183,179.1874210066696,-511.1573918576183,-165.2444969762308,0,0,0,0
2404,2411,0,0.01149,0,2750,2750,2750,1,0,1,-30,30,380.8737528885619,99.47798424062834,-380.8737528885618,-83.28252055970174,0,0,0,0
2404,2411,0,0.01149,0,2750,2750,2750,1,0,1,-30,30,380.8737528885619,99.47798424062834,-380.8737528885618,-83.28252055970174,0,0,0,0
2404,2411,0,0.01149,0,2750,2750,2750,1,0,1,-30,30,380.8737528885619,99.47798424062834,-380.8737528885618,-83.28252055970174,0,0,0,0
2405,2619,0,0.00115,0,27468,27468,27468,0,0,1,-30,30,-1998.740515824787,-175.3517371351886,1998.740515824788,218.6477356819573,0,0,0,0
2501,2502,0,0.005,0,6318,6318,6318,1,0,1,-30,30,322.1474571666744,80.87720998072218,-322.1474571666744,-75.52174055795146,0,0,0,0
2501,2502,0,0.005,0,6318,6318,6318,1,0,1,-30,30,322.1474571666744,80.87720998072218,-322.1474571666744,-75.52174055795146,0,0,0,0
2501,2502,0,0.005,0,6318,6318,6318,1,0,1,-30,30,322.1474571666744,80.87720998072218,-322.1474571666744,-75.52174055795146,0,0,0,0
2601,2612,0.00026,0.01386,0,2279,2279,2279,1,0,1,-30,30,162.060669426007,156.6352152151211,-161.9429086809031,-150.3576616491964,0,0,0,0
2602,2615,0.00013,0.01386,0,2279,2279,2279,1,0,1,-30,30,-1.878166451209315,59.51695863628436,1.882369893461325,-59.06880702387807,0,0,0,0
2602,2615,0.00013,0.01386,0,2279,2279,2279,1,0,1,-30,30,-1.878166451209315,59.51695863628436,1.882369893461325,-59.06880702387807,0,0,0,0
2603,2607,0.0002,0.02338,0,1351,1351,1351,1,0,1,-30,30,-77.26864353314815,-28.60449782571175,77.28077195320853,30.02231013076961,0,0,0,0
2605,2621,0.00059,0.01491,0,2117,2117,2117,1,0,1,-30,30,-38.78447615993534,25.48904681690376,38.79568778962769,-25.2057156326448,0,0,0,0
2606,2621,0.00059,0.01491,0,2117,2117,2117,1,0,1,-30,30,-38.78447615993534,25.48904681690376,38.79568778962769,-25.2057156326448,0,0,0,0
2614,2621,0.0003,0.0133,0,2375,2375,2375,1,0,1,-30,30,157.1961220652808,-53.50718639316979,-157.1217763315804,56.80318058721916,0,0,0,0
2614,2621,0.0003,0.0134,0,2357,2357,2357,1,0,1,-30,30,156.0325396106422,-53.08182867856603,-155.959298820493,56.3532506385602,0,0,0,0
3102,3104,0.0008899999999999999,0.0299,0,1056,1056,1056,1,0,1,-30,30,180.9984374933748,2.618128014642934,-180.7514788875559,5.678571214552852,0,0,0,0
3301,3303,0.0003,0.0174,0,1816,1816,1816,1,0,1,-30,30,-77.66976495506692,52.31737171442356,77.69164519244637,-51.04831794641485,0,0,0,0
3301,3303,0.0003,0.0174,0,1816,1816,1816,1,0,1,-30,30,-77.66976495506692,52.31737171442356,77.69164519244637,-51.04831794641485,0,0,0,0
3301,3303,0.0003,0.0174,0,1816,1816,1816,1,0,1,-30,30,-77.66976495506692,52.31737171442356,77.69164519244637,-51.04831794641485,0,0,0,0
3701,6402,0.0008899999999999999,0.0299,0,1056,1056,1056,0,0,1,-30,30,174.4663612060167,91.28507230130705,-174.089667068373,-78.62984228383966,0,0,0,0
3701,6402,0.0008899999999999999,0.0299,0,1056,1056,1056,0,0,1,-30,30,174.4663612060167,91.28507230130705,-174.089667068373,-78.62984228383966,0,0,0,0
3802,3804,0.0003,0.0174,0,1816,1816,1816,1,0,1,-30,30,-529.309189622687,30.77686169187438,530.0651055518583,13.06626220006432,0,0,0,0
3803,3805,0.0003,0.0174,0,1816,1816,1816,1,0,1,-30,30,-351.2836824208812,15.18862818687069,351.6141469355908,3.978313666285127,0,0,0,0
3803,3805,0.0002,0.0119,0,2655,2655,2655,1,0,1,-30,30,-513.6550884542869,21.98554986690331,514.1261141197996,6.040477231098507,0,0,0,0
3901,3917,0.0003,0.0174,0,1816,1816,1816,1,0,1,-30,30,-218.9204812075633,108.8175559527928,219.0785601851368,-99.64897525353112,0,0,0,0
3902,3918,0.0003,0.0174,0,1816,1816,1816,1,0,1,-30,30,91.182683005237,-20.0768087338825,-91.15959292866718,21.41603317493307,0,0,0,0
3903,3923,0.0003,0.0174,0,1816,1816,1816,1,0,1,-30,30,-1069.505956398994,-66.33389528803211,1072.533941057394,241.9570054752495,0,0,0,0
3904,3924,0.0002,0.0125,0,2527,2527,2527,1,0,1,-30,30,497.6976364291938,-587.4552745186189,-496.4205003685057,667.2762783116326,0,0,0,0
3905,3922,0.0003,0.0174,0,1816,1816,1816,1,0,1,-30,30,761.0432966409385,111.1330730756158,-759.2045512236148,-4.485838870843439,0,0,0,0
3906,3921,0.0001,0.0174,0,1816,1816,1816,1,0,1,-30,30,-1664.144288378372,-200.1743219163187,1667.13229465721,720.0874144342217,0,8.465391078081382,0,0
3911,3925,0.0008899999999999999,0.0299,0,1056,1056,1056,1,0,1,-30,30,-90.5981155012477,-88.7572289905619,90.72854988783583,93.13923815796051,0,0,0,0
3920,3926,0.0008899999999999999,0.0299,0,1056,1056,1056,1,0,1,-30,30,341.7208609291891,44.46254336143127,-340.60825655833,-7.084036969648433,0,0,0,0
3920,3926,0.0008899999999999999,0.0299,0,1056,1056,1056,1,0,1,-30,30,341.7208609291891,44.46254336143127,-340.60825655833,-7.084036969648433,0,0,0,0
4001,4008,0,0.0072,0,4388,4388,4388,1,0,1,-30,30,751.1844556009128,126.0272784876724,-751.1844556009129,-79.98646660752367,0,0,0,0
4006,4009,0.0002,0.01181,0,2675,2675,2675,1,0,1,-30,30,688.948040773487,-133.4915409652756,-687.7898585201814,201.8822030229699,0,0,0,0
4006,4009,9.000000000000001e-05,0.00735,0,4298,4298,4298,1,0,1,-30,30,1108.072957330519,-209.3159260959098,-1106.727177680068,319.2212642161127,0,0,0,0
4007,4010,0,0.00221,0,14293,14293,14293,1,0,1,-30,30,3370.028764065906,-453.9245316611045,-3370.028764065906,754.0661534250776,0,0,0,0
4103,4104,0,0.01,0,3159,3159,3159,1,0,1,-30,30,1342.408524451322,574.1535762520455,-1342.408524451322,-351.4121559503569,0,0,0,0
5002,5003,0,0.01,0,3159,3159,3159,1,0,1,-30,30,1837.429437739655,782.2160487219652,-1837.429437739655,-446.8987834558296,0,0,0,0
6101,6102,0,0.0072,0,4388,4388,4388,1,0,1,-30,30,-235.1420931649543,337.5787712134143,235.1420931649543,-327.5042408585558,0,0,0,0
6103,6104,0.0003,0.0181,0,1745,1745,1745,1,0,1,-30,30,1284.323840567121,480.9584168433222,-1279.276715542842,-176.4485403785154,0,0,0,0
6201,6203,0.0003,0.0181,0,1745,1745,1745,1,0,1,-30,30,853.5453154144711,-37.58184579205456,-851.5874910973133,155.7039129272371,0,0,0,0
6202,6204,0.0003,0.0181,0,1745,1745,1745,1,0,1,-30,30,814.9878990381129,-114.3396119234761,-813.0532040490168,231.0662095989478,0,0,0,0
6301,6303,0.0003,0.0181,0,1745,1745,1745,1,0,1,-30,30,-1593.273323891593,22.76808657695093,1600.024524635482,384.5543583042945,0,0,0,0
6302,6304,0.0003,0.0181,0,1745,1745,1745,1,0,1,-30,30,-220.9359542589012,-97.8008983016198,221.1073492399231,108.141728823271,0,0,0,0
6401,6402,0.0008899999999999999,0.0299,0,1056,1056,1056,1,0,1,-30,30,-37.78047048748513,-59.06639516327621,37.83346707410968,60.84684228695528,0,0,0,0
6401,6402,0.0008899999999999999,0.0299,0,1056,1056,1056,1,0,1,-30,30,-37.78047048748513,-59.06639516327621,37.83346707410968,60.84684228695528,0,0,0,0
6501,6510,0.0003,0.0181,0,1745,1745,1745,1,0,1,-30,30,660.0301260716889,105.406901301514,-658.8662494788875,-35.18634686916542,0,0,0,0
6501,6510,0.0003,0.0181,0,1745,1745,1745,1,0,1,-30,30,660.0301260716889,105.406901301514,-658.8662494788875,-35.18634686916542,0,0,0,0
6505,6506,0,0.0195,0,1620,1620,1620,0,0,1,-30,30,-8.496855011992752,83.33654730554889,8.496855011992752,-82.20567995166331,0,0,0,0
8001,8003,0.0001,0.0174,0,1816,1816,1816,1,0,1,-30,30,466.392866816744,-397.5658125572041,-466.036744815692,459.5310407402548,0,0,0,0
8002,8005,0.0003,0.0174,0,1816,1816,1816,1,0,1,-30,30,1051.824328302346,193.266055790954,-1048.799391130915,-17.81969984798253,0,0,0,0
1002,1032,0,0.0005,0,63175,63175,63175,1,0,1,-30,30,-2773.999988385516,-205.5855335654519,2773.999988385516,241.6393683849785,0,0,0,0
1004,1034,0,0.0005,0,63175,63175,63175,1,0,1,-30,30,-3234.999996263125,270.8509654127181,3234.999996263125,-222.1222751384407,0,0,0,0
1101,1131,0,0.0005,0,63175,63175,63175,1,0,1,-30,30,-4685.799935514785,-702.9403202975686,4685.799935514786,804.2006108308275,0,0,0,0
1202,1232,0,0.0005,0,63175,63175,63175,1,0,1,-30,30,-3018.259432019856,881.8728796190346,3018.259432019856,-834.0248695472205,0,0,0,0
1301,1331,0,0.0005,0,63175,63175,63175,1,0,1,-30,30,-4119.999985755089,93.09517521137334,4119.999985755089,-12.46485489137097,0,0,0,0
1303,1333,0,0.0005,0,63175,63175,63175,1,0,1,-30,30,-6095.999982987089,-1149.803087257753,6095.999982987089,1310.458117692098,0,0,0,0
1401,1431,0,0.0005,0,63175,63175,63175,1,0,1,-30,30,-7323.595340294009,72.76633120668379,7323.595340294007,214.1269022263408,0,0,0,0
2000,2030,0,0.0005,0,63175,63175,63175,1,0,1,-30,30,-2838.999994737217,-479.8246968132206,2838.999994737217,519.2351420948464,0,0,0,0
2100,2130,0,0.0005,0,63175,63175,63175,1,0,1,-30,30,-1078.999899891317,21.02364846556068,1078.999899891317,-14.75424876035674,0,0,0,0
2203,2233,0,0.0005,0,63175,63175,63175,1,0,1,-30,30,-1959.000015197378,-344.8469982071069,1959.000015197378,364.5994067389411,0,0,0,0
2302,2332,0,0.0005,0,63175,63175,63175,1,0,1,-30,30,-1117.999994611507,36.29575411263835,1117.999994611507,-29.99689416285274,0,0,0,0
2408,2438,0,0.0005,0,63175,63175,63175,1,0,1,-30,30,-6803.000273817772,-317.1793430458719,6803.000273817772,544.7832660177826,0,0,0,0
2503,2533,0,0.0005,0,63175,63175,63175,1,0,1,-30,30,-2231.999968871052,-171.9716799116419,2231.999968871052,196.7491579092822,0,0,0,0
2604,2634,0,0.0005,0,63175,63175,63175,1,0,1,-30,30,-1899.999999210128,-163.7820735579985,1899.999999210128,178.8315807511222,0,0,0,0
2608,2638,0,0.0005,0,63175,63175,63175,1,0,1,-30,30,446.2537446170573,-39.66204778958768,-446.2537446170573,40.59557645437381,0,0,0,0
2610,2630,0,0.0005,0,63175,63175,63175,1,0,1,-30,30,-2691.999990444327,-652.0430001308016,2691.999990444327,683.9215699745143,0,0,0,0
2611,2631,0,0.0005,0,63175,63175,63175,1,0,1,-30,30,-317.9999953258663,-31.64304723657832,317.9999953258663,32.11568940008638,0,0,0,0
2612,2637,0,0.0005,0,63175,63175,63175,1,0,1,-30,30,-2.78452561897069e-05,-109.7339207768226,2.78452561897069e-05,109.7897634491705,0,0,0,0
3103,3133,0,0.0005,0,63175,63175,63175,1,0,1,-30,30,-4.521885754726895e-06,-540.7800419044669,4.521885743624665e-06,541.998025299315,0,0,0,0
3105,3135,0,0.0005,0,63175,63175,63175,1,0,1,-30,30,-368.9995856022486,-81.11433700896448,368.9995856022487,81.70456979822011,0,0,0,0
3204,3234,0,0.0005,0,63175,63175,63175,1,0,1,-30,30,-4145.99929453501,-626.0932977908802,4145.99929453501,699.1433460092345,0,0,0,0
3303,3333,0,0.0005,0,63175,63175,63175,1,0,1,-30,30,-213.0000115826404,-598.2977243129761,213.0000115826404,599.9996870464549,0,0,0,0
3402,3432,0,0.0005,0,63175,63175,63175,1,0,1,-30,30,-1217.999996814942,-303.9215345454497,1217.999996814942,310.4500603197174,0,0,0,0
3403,3433,0,0.0005,0,63175,63175,63175,1,0,1,-30,30,-2643.999985776109,-433.8470472022559,2643.999985776109,463.6225922940906,0,0,0,0
3501,3531,0,0.0005,0,63175,63175,63175,1,0,1,-30,30,-1192.999994310318,-215.526956596387,1192.999994310318,221.611090884612,0,0,0,0
3601,3631,0,0.0005,0,63175,63175,63175,1,0,1,-30,30,-195.999974714469,-93.80459452880831,195.999974714469,93.99985059700448,0,0,0,0
3701,3731,0,0.0005,0,63175,63175,63175,1,0,1,-30,30,-254.9999997702027,-199.427989476885,254.9999997702028,199.9999991880043,0,0,0,0
3801,3831,0,0.0005,0,63175,63175,63175,1,0,1,-30,30,-2266.999925339458,502.4123988999848,2266.999925339458,-477.1807131119427,0,0,0,0
3805,3835,0,0.0005,0,63175,63175,63175,1,0,1,-30,30,-1380.999969650864,-20.44750908373416,1380.999969650864,28.94455263475626,0,0,0,0
3806,3836,0,0.0005,0,63175,63175,63175,1,0,1,-30,30,-1.445801781629896e-05,-372.9199307372897,1.445801780519673e-05,373.4963751645744,0,0,0,0
3902,3932,0,0.0005,0,63175,63175,63175,1,0,1,-30,30,-1477.999974814969,239.1620191649297,1477.999974814969,-229.2659385065449,0,0,0,0
3921,3931,0,0.0005,0,63175,63175,63175,1,0,1,-30,30,-2727.155920567003,-692.5436477784618,2727.155920567004,728.4094258963979,0,0,0,0
3923,3933,0,0.0005,0,63175,63175,63175,1,0,1,-30,30,-5666.163301274391,-1160.191443670717,5666.163301274391,1299.840167075391,0,0,0,0
4001,4031,0,0.0005,0,63175,63175,63175,1,0,1,-30,30,-1344.0477055818,1166.453741402623,1344.0477055818,-1148.999908401662,0,0,0,0
4005,4035,0,0.0005,0,63175,63175,63175,1,0,1,-30,30,-4794.000139097305,2272.056241196919,4794.000139097305,-2102.892091317404,0,0,0,0
4009,4039,0,0.0005,0,63175,63175,63175,1,0,1,-30,30,-204.0001735912965,-1729.62414178804,204.0001735912965,1746.717073337691,0,0,0,0
4101,4131,0,0.0005,0,63175,63175,63175,1,0,1,-30,30,-2051.736392277801,-449.5916093267635,2051.736392277801,471.0587104423428,0,0,0,0
4102,4132,0,0.0005,0,63175,63175,63175,1,0,1,-30,30,-9797.999031336856,-1037.325195682934,9797.999031336856,1537.941013789982,0,0,0,0
4201,4231,0,0.0005,0,63175,63175,63175,1,0,1,-30,30,-2819.999947524274,-555.2174760855989,2819.999947524274,596.6709183288955,0,0,0,0
4202,4232,0,0.0005,0,63175,63175,63175,1,0,1,-30,30,-573.0000129112395,-979.6162572357638,573.0000129112395,986.9972545826148,0,0,0,0
5001,5031,0,0.0005,0,63175,63175,63175,1,0,1,-30,30,-8798.79938973659,-1413.362727096139,8798.79938973659,1804.247713801098,0,0,0,0
5002,5032,0,0.0005,0,63175,63175,63175,1,0,1,-30,30,-10937.876161603,-1809.22750069481,10937.876161603,2325.951428428483,0,0,0,0
6102,6132,0,0.0005,0,63175,63175,63175,1,0,1,-30,30,-2687.999958116117,224.0944691334285,2687.999958116117,-192.7803878994227,0,0,0,0
6201,6231,0,0.0005,0,63175,63175,63175,1,0,1,-30,30,-2650.999893274035,11.86781350630848,2650.999893274035,19.54857717087823,0,0,0,0
6205,6235,0,0.0005,0,63175,63175,63175,1,0,1,-30,30,-883.0000448471379,228.6451077986671,883.0000448471379,-225.2072246574448,0,0,0,0
6303,6333,0,0.0005,0,63175,63175,63175,1,0,1,-30,30,-3589.999959325644,-639.9724238843643,3589.999959325645,695.2263075979304,0,0,0,0
6305,6335,0,0.0005,0,63175,63175,63175,1,0,1,-30,30,-399.1129918027102,26.51499010655107,399.1129918027102,-25.77320728101965,0,0,0,0
6403,6433,0,0.0005,0,63175,63175,63175,1,0,1,-30,30,-733.8559850203126,74.49577575067082,733.8559850203126,-71.69627414963099,0,0,0,0
6503,6533,0,0.0005,0,63175,63175,63175,1,0,1,-30,30,-4282.940799065701,-123.6694380331325,4282.9407990657,199.6340488747623,0,0,0,0
7001,7031,0,0.0005,0,63175,63175,63175,1,0,1,-30,30,-7951.099929600779,950.9948483484287,7951.099929600779,-636.721996554602,0,0,0,0
7002,7032,0,0.0005,0,63175,63175,63175,1,0,1,-30,30,-2419.867417146081,-1648.080748059279,2419.867417146081,1683.996460703889,0,0,0,0
8003,8033,0,0.0005,0,63175,63175,63175,1,0,1,-30,30,-1.13978444460372e-06,-714.5906940267054,1.139784422399259e-06,716.7133303921867,0,0,0,0
8004,8034,0,0.0005,0,63175,63175,63175,1,0,1,-30,30,-3247.999998151526,-812.2001254243239,3247.999998151526,858.841084158382,0,0,0,0
