17,70.00000000945185,62.85622848346269,334,-334,1.053970223216947,233.2,1,667,70,0,0,0,0,0,0,0,0,0,0,0,0,112.7799999121722,0,0
18,70.00000000945185,25.71058853865048,120,-73,1.053996412186069,233.2,1,146,70,0,0,0,0,0,0,0,0,0,0,0,0,112.7799999245067,0,0
26,0,0,220,-141,1.03,430.5,0,281,145,0,0,0,0,0,0,0,0,0,0,0,0,0,0,0
26,145.0000000140076,40.63555681455257,449,-449,1.044745924195045,421.9,1,897,145,0,0,0,0,0,0,0,0,0,0,0,0,76.0999999317366,0,0
27,145.0000000140076,54.87911437002248,220,-179,1.051849801404189,421.9,1,358,145,0,0,0,0,0,0,0,0,0,0,0,0,76.09999993723324,0,0
27,145.0000000140076,46.13361798147035,220,-205,1.051849801404189,430.5,1,409,145,0,0,0,0,0,0,0,0,0,0,0,0,76.09999993626646,0,0
27,145.0000000140076,45.38064729944467,232,-232,1.051849801404189,430.5,1,463,145,0,0,0,0,0,0,0,0,0,0,0,0,76.09999993558078,0,0
28,0,0,388,-388,1,430.5,0,775,145,0,0,0,0,0,0,0,0,0,0,0,0,0,0,0
28,145.0000000140076,17.79364668950204,220,-150,1.001449304819352,430.5,1,299,145,0,0,0,0,0,0,0,0,0,0,0,0,76.09999993616577,0,0
28,145.0000000140076,-76.43184820238811,424,-424,1.001449304819352,430.5,1,847,145,0,0,0,0,0,0,0,0,0,0,0,0,76.09999993076231,0,0
29,145.0000000140076,20.44553046706396,220,-159,1.001438251295333,430.5,1,318,145,0,0,0,0,0,0,0,0,0,0,0,0,76.09999993551548,0,0
29,145.0000000140076,-20.21188320598003,266,-266,1.001438251295333,430.5,1,532,145,0,0,0,0,0,0,0,0,0,0,0,0,76.09999993210823,0,0
29,145.0000000140076,12.65876680656958,220,-173,1.001438251295333,430.5,1,346,145,0,0,0,0,0,0,0,0,0,0,0,0,76.09999993465715,0,0
43,67.50000001044569,-26.16004455461056,121,-121,1.053354621739343,246.2,1,241,67.5,0,0,0,0,0,0,0,0,0,0,0,0,102.0499999363521,0,0
43,0,0,120,-20,1.03,275.3,0,28,135,0,0,0,0,0,0,0,0,0,0,0,0,0,0,0
43,0,0,120,-77,1.03,275.3,0,154,67.5,0,0,0,0,0,0,0,0,0,0,0,0,0,0,0
44,67.50000001044569,-5.907572122981159,120,-98,1.053350765236706,255,1,195,67.5,0,0,0,0,0,0,0,0,0,0,0,0,102.0499999389423,0,0
44,67.50000001044569,6.091369542446044,120,-79,1.053350765236706,255,1,157,67.5,0,0,0,0,0,0,0,0,0,0,0,0,102.0499999424921,0,0
44,0,0,120,-39,1.03,255,0,78,67.5,0,0,0,0,0,0,0,0,0,0,0,0,0,0,0
45,0,0,350,-49,1,610.3,0,97,350,0,0,0,0,0,0,0,0,0,0,0,0,0,0,0
45,175.0000000104457,-46.77453152597774,350,-341,0.9927172566762942,610.3,1,681,175,0,0,0,0,0,0,0,0,0,0,0,0,102.0499999292425,0,0
55,65.00000001011847,-7.936655623050978,120,-97,1.05334367005759,255,1,194,65,0,0,0,0,0,0,0,0,0,0,0,0,105.3499999279149,0,0
56,65.00000001011847,-55.86835966951335,312,-312,1.053252277584532,255,1,623,65,0,0,0,0,0,0,0,0,0,0,0,0,105.3499999215412,0,0
56,0,0,120,-29,1.03,255,0,57,130,0,0,0,0,0,0,0,0,0,0,0,0,0,0,0
57,65.00000001011847,-1.768282863357282,120,-111,1.007815192497266,255,1,222,65,0,0,0,0,0,0,0,0,0,0,0,0,105.3499999237084,0,0
58,0,0,120,-20,1,255,0,5,130,0,0,0,0,0,0,0,0,0,0,0,0,0,0,0
58,65.00000001011847,-5.593528328373976,146.4,-146.4,1.007802229365155,255,1,198,65,0,0,0,0,0,0,0,0,0,0,0,0,105.3499999248269,0,0
58,0,0,120,-72,1,255,0,143,65,0,0,0,0,0,0,0,0,0,0,0,0,0,0,0
59,219.5652192937397,-14.35988934084394,116,-116,1.045621334717187,69.3,1,231,31.5,0,0,0,0,0,0,0,0,0,0,0,0,0,0,0
78,70.00000001118435,18.92333889038798,105,-88,1.046146233658799,248.3,1,176,70,0,0,0,0,0,0,0,0,0,0,0,0,95.30999993674575,0,0
78,70.00000001118435,18.28773923600346,131,-131,1.046146233658799,248.3,1,262,70,0,0,0,0,0,0,0,0,0,0,0,0,95.30999993224131,0,0
79,0,0,105,-13,1.03,243.8,0,25,140,0,0,0,0,0,0,0,0,0,0,0,0,0,0,0
79,0,0,179,-179,1.03,248.3,0,357,70,0,0,0,0,0,0,0,0,0,0,0,0,0,0,0
79,70.00000001118435,-7.368399848118854,105,-103,1.047387406206974,248.3,1,205,70,0,0,0,0,0,0,0,0,0,0,0,0,95.30999993098916,0,0
82,110.0000000118403,14.73493411419811,192,-116,1.001631185539382,425.8,1,231,110,0,0,0,0,0,0,0,0,0,0,0,0,90.02999994213015,0,0
82,110.0000000118403,-5.173337607198499,174,-137,1.001631185539382,408.9,1,273,110,0,0,0,0,0,0,0,0,0,0,0,0,90.02999993986015,0,0
104,60.00000001148934,16.2744941740959,279.6,-279.6,1.045617539680659,251.8,1,263,60,0,0,0,0,0,0,0,0,0,0,0,0,92.77999993750225,0,0
105,0,0,113,-59,1.03,251.8,0,118,67,0,0,0,0,0,0,0,0,0,0,0,0,0,0,0
106,39.50000001132938,9.792704117111411,97,-97,1.04375791740729,150,1,193,39.5,0,0,0,0,0,0,0,0,0,0,0,0,94.0899999481482,0,0
107,39.50000001132938,22.04293438935844,90,-58.8,1.043736539843482,150,1,116,39.5,0,0,0,0,0,0,0,0,0,0,0,0,94.08999995474741,0,0
116,0,0,106,-106,1.03,150,0,212,45,0,0,0,0,0,0,0,0,0,0,0,0,0,0,0
117,35.00000001097592,20.7845155785494,90,-44,1.048270943145347,150,1,88,35,0,0,0,0,0,0,0,0,0,0,0,0,97.11999994531897,0,0
118,40.00000001071123,-0.2792588432493778,94,-94,1.053361554062568,129.3,1,188,40,0,0,0,0,0,0,0,0,0,0,0,0,99.51999993561301,0,0
125,80.00000001169353,-5.81566413913365,199.2,-199.2,1.045713303815237,242.9,1,204,80,0,0,0,0,0,0,0,0,0,0,0,0,91.15999994451093,0,0
126,70.00000001169352,11.68309281329357,148,-148,1.045640805361244,240.2,1,295,70,0,0,0,0,0,0,0,0,0,0,0,0,91.15999994085333,0,0
126,0,0,80,-34,1.03,229.4,0,68,160,0,0,0,0,0,0,0,0,0,0,0,0,0,0,0
127,70.00000001169352,2.417686933679504,141,-141,0.9957750472871221,238.5,1,281,70,0,0,0,0,0,0,0,0,0,0,0,0,91.1599999336843,0,0
127,80.00000001169353,8.597054952476642,100,-85,0.9957750472871221,241.7,1,169,80,0,0,0,0,0,0,0,0,0,0,0,0,91.15999994060957,0,0
132,0,0,0,0,1.03,0,0,0,0,0,0,0,0,0,0,0,0,0,0,0,0,0,0,0
132,0,0,0,0,1.03,0,0,0,0,0,0,0,0,0,0,0,0,0,0,0,0,0,0,0
133,0,0,0,0,1.03,0,0,0,0,0,0,0,0,0,0,0,0,0,0,0,0,0,0,0
133,0,0,0,0,1.03,0,0,0,0,0,0,0,0,0,0,0,0,0,0,0,0,0,0,0
134,0,0,90,-31,1.03,150,0,61,51,0,0,0,0,0,0,0,0,0,0,0,0,0,0,0
134,50.00000001153285,-3.186683713736163,97,-97,1.03920186793251,150,1,194,50,0,0,0,0,0,0,0,0,0,0,0,0,92.42999994115794,0,0
135,0,0,90,-14,1.03,150,0,28,102,0,0,0,0,0,0,0,0,0,0,0,0,0,0,0
146,15.0000000110556,-4.997578594282803,53,-53,1.041111462044075,51.4,1,106,15,0,0,0,0,0,0,0,0,0,0,0,0,96.41999994350098,0,0
146,15.0000000110556,-1.535586728780926,26,-26,1.041111462044075,51.4,1,52,15,0,0,0,0,0,0,0,0,0,0,0,0,96.41999996059721,0,0
147,0,0,90,-60,1.03,150,0,120,45,0,0,0,0,0,0,0,0,0,0,0,0,0,0,0
148,45.0000000091887,-5.727516956494934,120,-64.8,1.067743625573179,252.4,1,115,45,0,0,0,0,0,0,0,0,0,0,0,0,116.0099999552451,0,0
148,0,0,120,-16,1.03,237.5,0,31,135,0,0,0,0,0,0,0,0,0,0,0,0,0,0,0
148,0,0,217,-217,1.03,237.5,0,433,67.5,0,0,0,0,0,0,0,0,0,0,0,0,0,0,0
148,45.0000000091887,-11.808116689367,120,-72,1.067743625573179,252.4,1,144,45,0,0,0,0,0,0,0,0,0,0,0,0,116.0099999507843,0,0
150,45.0000000091887,61.86040329208986,146.4,-146.4,1.030708120260971,252.4,1,181,45,0,0,0,0,0,0,0,0,0,0,0,0,116.0099999377579,0,0
151,45.0000000091887,172.7889805897437,273.6,-273.6,1.030710126507947,252.4,1,341,45,0,0,0,0,0,0,0,0,0,0,0,0,116.0099999331782,0,0
151,0,0,120,-88,1,252.4,0,176,45,0,0,0,0,0,0,0,0,0,0,0,0,0,0,0
155,47.00000001078492,9.052208661551852,120,-70,1.041720804575934,263.9,1,140,47,0,0,0,0,0,0,0,0,0,0,0,0,98.83999994584177,0,0
155,47.00000001078492,-32.10963975423542,144,-144,1.041720804575934,263.9,1,288,47,0,0,0,0,0,0,0,0,0,0,0,0,98.83999993880276,0,0
155,0,0,194,-194,1.03,237.5,0,387,65,0,0,0,0,0,0,0,0,0,0,0,0,0,0,0
155,52.00000001078492,1.336965773000666,120,-82,1.041720804575934,287.3,1,164,52,0,0,0,0,0,0,0,0,0,0,0,0,98.83999994389731,0,0
156,0,0,120,-59,1.03,237.5,0,117,65,0,0,0,0,0,0,0,0,0,0,0,0,0,0,0
156,65.00000001078492,-3.540690395668237,120,-92,1.042689114620686,237.5,1,184,65,0,0,0,0,0,0,0,0,0,0,0,0,98.8399999432105,0,0
156,60.00000001078492,-25.2645473904393,132,-132,1.042689114620686,238.4,1,263,60,0,0,0,0,0,0,0,0,0,0,0,0,98.83999993950383,0,0
156,60.00000001078492,4.083034560827016,120,-80,1.042689114620686,238.4,1,160,60,0,0,0,0,0,0,0,0,0,0,0,0,98.83999994491249,0,0
159,60.00000001078492,-18.28463850884235,210,-210,0.9983806444671149,238.4,1,419,60,0,0,0,0,0,0,0,0,0,0,0,0,98.83999993824888,0,0
165,75.00000001194779,-7.839527051874136,120,-97,1.040880364662256,233.2,1,194,75,0,0,0,0,0,0,0,0,0,0,0,0,89.21999994080406,0,0
165,0,0,120,-16,1.03,233.2,0,31,150,0,0,0,0,0,0,0,0,0,0,0,0,0,0,0
166,75.00000001194779,-38.35070359093191,153,-153,1.040891629593869,233.2,1,305,75,0,0,0,0,0,0,0,0,0,0,0,0,89.21999993604869,0,0
165,0,0,120,-12,1.03,233.2,0,23,150,0,0,0,0,0,0,0,0,0,0,0,0,0,0,0
205,0,5.742591130521094,80,-30,0.9926115643289278,196.1,1,0,0,0,0,0,0,0,0,0,0,0,0,0,0,0.009999914324492298,0,0
205,0,5.742591130521095,80,-30,0.9926115643289278,196.1,1,0,0,0,0,0,0,0,0,0,0,0,0,0,0,0.009999914324492298,0,0
205,0,5.742591130521095,80,-30,0.9926115643289278,196.1,1,0,0,0,0,0,0,0,0,0,0,0,0,0,0,0.009999914324492298,0,0
206,0,5.788307626025611,80,-30,0.9926294976560703,196.1,1,0,0,0,0,0,0,0,0,0,0,0,0,0,0,0.009999914254449918,0,0
215,32.38708424962169,-2.640107736642162,23,-23,1.056871379210241,58.5,1,45,18.5395,0,0,0,0,0,0,0,0,0,0,0,0,0,0,0
215,30.02038670267058,-2.239225886019493,21,-21,1.056871379210241,53.9,1,42,16.854,0,0,0,0,0,0,0,0,0,0,0,0,0,0,0
215,79.53349395885284,-17.02862983005407,64,-64,1.056871379210241,53.9,1,127,16.854,0,0,0,0,0,0,0,0,0,0,0,0,0,0,0
215,45.16300178180796,-6.899367454110584,39,-39,1.056871379210241,30.5,1,77,7.753,0,0,0,0,0,0,0,0,0,0,0,0,0,0,0
229,6.688606325284035,0.5839617323403371,6,-6,1.03497755343221,7.3,1,12,2.75,0,0,0,0,0,0,0,0,0,0,0,0,0,0,0
230,6.718110285343474,0.939494778275937,7,-6,1.035090790087985,10,1,12,2.75,0,0,0,0,0,0,0,0,0,0,0,0,0,0,0
239,42.65652998346346,3.467758851649052,26,-26,1.035426124897971,15.4,1,52,1.5,0,0,0,0,0,0,0,0,0,0,0,0,0,0,0
246,145.0000000140076,126.7876323275762,220,-244.8,1.035782147874786,430.5,1,301,145,0,0,0,0,0,0,0,0,0,0,0,0,76.09999993741107,0,0
291,11.62441542412635,-0.12539473626497,10,-10,1.043723488503007,3.2,1,19,1,0,0,0,0,0,0,0,0,0,0,0,0,0,0,0
294,18.18952576850849,-0.6605164621130093,14,-14,1.044692523328406,4.8,1,28,1,0,0,0,0,0,0,0,0,0,0,0,0,0,0,0
306,54.05174493339195,12.5505609109686,39,-39,1.037114409990456,24,1,77,4.5835,0,0,0,0,0,0,0,0,0,0,0,0,0,0,0
306,54.7348938348151,12.5505609109686,39,-39,1.037114409990456,27.9,1,77,8.148,0,0,0,0,0,0,0,0,0,0,0,0,0,0,0
306,12.50552249740083,2.232839525660007,14.4,-14.4,1.037114409990456,31,1,18,5.602,0,0,0,0,0,0,0,0,0,0,0,0,0,0,0
306,19.45408636565889,2.401937719143514,15,-15,1.037114409990456,26.9,1,30,4.5835,0,0,0,0,0,0,0,0,0,0,0,0,0,0,0
306,31.02674268182782,5.467347158515661,24,-24,1.037114409990456,28.1,1,47,4.5835,0,0,0,0,0,0,0,0,0,0,0,0,0,0,0
307,40.61629938807202,5.391875954450424,25,-25,1.034684871451407,57,1,50,18.25,0,0,0,0,0,0,0,0,0,0,0,0,0,0,0
307,60.64991753962826,10.5931221804405,37,-37,1.034684871451407,57,1,73,18.25,0,0,0,0,0,0,0,0,0,0,0,0,0,0,0
308,49.17337207478926,5.618935464143684,33,-33,1.03945729442123,36.7,1,65,16,0,0,0,0,0,0,0,0,0,0,0,0,0,0,0
308,47.72759245664244,5.034276129757015,31,-31,1.03945729442123,57.5,1,62,20,0,0,0,0,0,0,0,0,0,0,0,0,0,0,0
310,44.25366669474508,5.770091371515779,28,-28,1.034384858574823,53.9,1,55,17.5,0,0,0,0,0,0,0,0,0,0,0,0,0,0,0
310,77.20710299563576,13.18533325218453,45,-45,1.034384858574823,103.2,1,90,37.5,0,0,0,0,0,0,0,0,0,0,0,0,0,0,0
311,126.4255020694714,12.99493203574913,76,-76,1.042556910540173,64,1,152,22.5,0,0,0,0,0,0,0,0,0,0,0,0,0,0,0
319,23.97914201667358,2.836222886143606,17,-17,1.032914259585237,4.1,1,33,1,0,0,0,0,0,0,0,0,0,0,0,0,0,0,0
345,33.46928646105462,1.245987529410052,22,-22,1.045680297971722,1.9,1,43,0.5,0,0,0,0,0,0,0,0,0,0,0,0,0,0,0
362,123.8563436024135,5.14638005862513,87,-87,1.052184015666997,47.8,1,173,20,0,0,0,0,0,0,0,0,0,0,0,0,0,0,0
363,109.5687621471518,9.28314966763843,102,-102,1.044849088931744,47.8,1,204,20,0,0,0,0,0,0,0,0,0,0,0,0,0,0,0
364,0,0,12,0,1.035,47.8,0,0,0,0,0,0,0,0,0,0,0,0,0,0,0,0,0,0
364,62.95103442659595,-1.904634125711784,37,-37,1.042629973098779,71,1,73,23,0,0,0,0,0,0,0,0,0,0,0,0,0,0,0
365,112.6146720152256,12.17335134428071,78,-78,1.041168890922411,47.8,1,156,20,0,0,0,0,0,0,0,0,0,0,0,0,0,0,0
365,48.90152316695082,2.75198640215926,35,-35,1.041168890922411,47.8,1,70,20,0,0,0,0,0,0,0,0,0,0,0,0,0,0,0
368,6.403680288021675,0.01481819543949771,7.2,-7.2,1.038629640575187,1.9,1,10,0.5,0,0,0,0,0,0,0,0,0,0,0,0,0,0,0
382,7.500000009451864,0.4474428867013859,16,-16,1.038959579639919,55.9,1,31,7.5,0,0,0,0,0,0,0,0,0,0,0,0,112.7799999607923,0,0
382,60.00000000945186,33.85250767593552,150,-150,1.038959579639919,255.9,1,299,60,0,0,0,0,0,0,0,0,0,0,0,0,112.7799999198915,0,0
383,7.500000009451864,-0.1352706383374433,17,-17,1.048606781701149,55.9,1,33,7.5,0,0,0,0,0,0,0,0,0,0,0,0,112.7799999487619,0,0
386,6.415185485889589,1.055778689361012,10.8,-10.8,1.0292900327844,4.8,1,10,1.25,0,0,0,0,0,0,0,0,0,0,0,0,0,0,0
395,9.222314607175051,-0.1592155569321403,8,-8,1.034495851438867,1.9,1,15,0.5,0,0,0,0,0,0,0,0,0,0,0,0,0,0,0
421,66.63646568653655,1.824571623283819,39,-39,1.03920575511218,7.7,1,77,2,0,0,0,0,0,0,0,0,0,0,0,0,0,0,0
426,21.77089628825476,1.625492006121275,15,-15,1.034987346334738,4.5,1,30,1.5,0,0,0,0,0,0,0,0,0,0,0,0,0,0,0
431,43.14984760277623,-1.834874172345439,27,-27,1.047794904748974,13.6,1,53,2.5,0,0,0,0,0,0,0,0,0,0,0,0,0,0,0
440,24.36006076661753,7.439317607561826,19.2,-19.2,1.024131510249494,3.6,1,32,1,0,0,0,0,0,0,0,0,0,0,0,0,0,0,0
447,13.52399644613769,3.840699696597235,20,-10,1.042655914199958,21.3,1,19,1.75,0,0,0,0,0,0,0,0,0,0,0,0,0,0,0
447,11.13005543106303,4.978029884674083,20,-8,1.042655914199958,21.3,1,16,1.75,0,0,0,0,0,0,0,0,0,0,0,0,0,0,0
463,0,-0.2302441802393951,8.4,-8.4,1.035256804527326,4,1,0,0,0,0,0,0,0,0,0,0,0,0,0,9.372374252759462e-08,0,0,0
482,23.39473876299535,9.557534275103899,22.8,-22.8,1.021110503451319,1.7,1,31,0.7,0,0,0,0,0,0,0,0,0,0,0,0,0,0,0
490,35.6609678285277,-0.5317926920293173,23,-23,1.04204859771872,5.3,1,46,1.5,0,0,0,0,0,0,0,0,0,0,0,0,0,0,0
522,0,-0.1062287417808125,1,-1.2,1.044604966274433,1.9,1,0,0,0,0,0,0,0,0,0,0,0,0,0,9.842837096403998e-08,0,0,0
533,15.34157503520873,-0.04161954280797079,11,-11,1.039459012513365,1.9,1,22,0.25,0,0,0,0,0,0,0,0,0,0,0,0,0,0,0
534,33.15280864998658,0.5123748695943647,23,-23,1.045855579009756,53.9,1,46,17.945,0,0,0,0,0,0,0,0,0,0,0,0,0,0,0
534,25.07040873550721,0.3424705457315705,19,-19,1.045855579009756,34.9,1,37,11.043,0,0,0,0,0,0,0,0,0,0,0,0,0,0,0
534,37.36521177625213,0.8036656736614656,29,-29,1.045855579009756,34.9,1,58,11.043,0,0,0,0,0,0,0,0,0,0,0,0,0,0,0
534,121.6661353706403,5.465210390857583,84,-84,1.045855579009756,105.9,1,167,36.2345,0,0,0,0,0,0,0,0,0,0,0,0,0,0,0
534,79.13019245827752,2.544347882968498,55,-55,1.045855579009756,105.9,1,109,36.2345,0,0,0,0,0,0,0,0,0,0,0,0,0,0,0
535,42.18891051845768,2.787922136987084,39,-39,1.049207775858055,36.5,1,77,12.2865,0,0,0,0,0,0,0,0,0,0,0,0,0,0,0
535,45.04136375053832,3.190214908806016,42,-42,1.049207775858055,35.6,1,84,11.9025,0,0,0,0,0,0,0,0,0,0,0,0,0,0,0
535,84.1443991079764,6.89610375391283,64,-64,1.049207775858055,126.2,1,127,47.995,0,0,0,0,0,0,0,0,0,0,0,0,0,0,0
535,86.65495186430813,8.584095308789049,72,-72,1.049207775858055,106.4,1,143,40.3155,0,0,0,0,0,0,0,0,0,0,0,0,0,0,0
549,14.29841411899118,0.4134231425238942,11,-11,1.036084519156765,1.7,1,21,0.5,0,0,0,0,0,0,0,0,0,0,0,0,0,0,0
557,58.45932814753679,4.887727273640981,40,-40,1.044673145140524,34.4,1,79,12.862,0,0,0,0,0,0,0,0,0,0,0,0,0,0,0
557,31.94673057434613,1.823401012392513,23,-23,1.044673145140524,28.5,1,45,10.592,0,0,0,0,0,0,0,0,0,0,0,0,0,0,0
557,38.99850780620077,2.591477902472098,28,-28,1.044673145140524,26.5,1,55,9.8355,0,0,0,0,0,0,0,0,0,0,0,0,0,0,0
557,36.45092596395895,2.270936176320675,26,-26,1.044673145140524,30.4,1,51,11.3485,0,0,0,0,0,0,0,0,0,0,0,0,0,0,0
557,63.41144048690421,5.562197998417683,43,-43,1.044673145140524,34.4,1,85,12.862,0,0,0,0,0,0,0,0,0,0,0,0,0,0,0
558,49.45462823858809,4.676152509308547,36,-36,1.044325505215962,34.4,1,71,15.516,0,0,0,0,0,0,0,0,0,0,0,0,0,0,0
558,62.54008660698769,7.047728827936172,45,-45,1.044325505215962,34.4,1,89,15.516,0,0,0,0,0,0,0,0,0,0,0,0,0,0,0
558,109.9460153979533,17.55889338027564,74,-74,1.044325505215962,26.5,1,148,11.4085,0,0,0,0,0,0,0,0,0,0,0,0,0,0,0
558,38.42770871229276,2.935676282600843,28,-28,1.044325505215962,34.4,1,55,15.0595,0,0,0,0,0,0,0,0,0,0,0,0,0,0,0
581,47.41283123981187,-1.750437432514234,32,-32,1.047480321458381,5.3,1,64,1.5,0,0,0,0,0,0,0,0,0,0,0,0,0,0,0
594,10.77777985013976,-0.02015599919525914,8,-8,1.038249512113117,4.4,1,16,1.035,0,0,0,0,0,0,0,0,0,0,0,0,0,0,0
601,28.25289567917779,0.2556285639739922,19,-19,1.037487495290112,4.4,1,38,2.025,0,0,0,0,0,0,0,0,0,0,0,0,0,0,0
622,133.0994408546873,7.350242955053596,79,-79,1.057094332813411,114,1,157,55,0,0,0,0,0,0,0,0,0,0,0,0,0,0,0
622,0,0,30,0,1.035,65.3,0,0,0,0,0,0,0,0,0,0,0,0,0,0,0,0,0,0
626,10.25837413583069,-1.973706242147998,16.8,-16.8,1.044308606390983,2.4,1,16,1.125,0,0,0,0,0,0,0,0,0,0,0,0,0,0,0
630,22.85504780121393,-0.8480603048952454,18,-18,1.043269638988286,5.2,1,36,2.25,0,0,0,0,0,0,0,0,0,0,0,0,0,0,0
631,15.81454732479561,-0.5101304379217879,13,-13,1.042944077821366,6,1,25,2.7,0,0,0,0,0,0,0,0,0,0,0,0,0,0,0
655,35.75507126174101,5.015321451025438,21,-21,1.02944181294268,0.9,1,42,0.405,0,0,0,0,0,0,0,0,0,0,0,0,0,0,0
660,67.50000001044569,11.22218569285487,128,-128,1.041064760524643,255,1,255,67.5,0,0,0,0,0,0,0,0,0,0,0,0,102.049999934007,0,0
661,67.50000001044569,29.95225325803188,186,-186,1.040985355094278,255,1,372,67.5,0,0,0,0,0,0,0,0,0,0,0,0,102.0499999313967,0,0
667,6.876703868424163,1.750961308675358,10.8,-10.8,1.01839127933131,2,1,10,0.945,0,0,0,0,0,0,0,0,0,0,0,0,0,0,0
671,17.20283530919155,-0.5731147822523951,13,-13,1.037003018532071,8.6,1,25,3.825,0,0,0,0,0,0,0,0,0,0,0,0,0,0,0
673,9.905162180452946,0.2519431032768084,8.4,-8.4,1.032748410628227,4.4,1,14,1.35,0,0,0,0,0,0,0,0,0,0,0,0,0,0,0
681,202.7042534721802,-25.44568146716044,178,-178,1.047009954233272,192.4,1,356,95,0,0,0,0,0,0,0,0,0,0,0,0,0,0,0
681,71.79170851000436,-4.914647485626837,75,-75,1.047009954233272,77.5,1,149,12.499,0,0,0,0,0,0,0,0,0,0,0,0,0,0,0
687,31.6086106716671,-2.232762418942917,22,-22,1.044785360545941,10.1,1,43,4.5,0,0,0,0,0,0,0,0,0,0,0,0,0,0,0
699,36.19863315457339,-0.4043844948100411,25,-25,1.044211262587631,6,1,50,2.7,0,0,0,0,0,0,0,0,0,0,0,0,0,0,0
702,10.44135941833246,-0.007769911284549427,8,-8,1.038101955642578,1.3,1,15,0.45,0,0,0,0,0,0,0,0,0,0,0,0,0,0,0
712,11.2624912428327,0.01028116209516031,8,-8,1.038187092010397,9.199999999999999,1,15,4.5,0,0,0,0,0,0,0,0,0,0,0,0,0,0,0
718,8.372970244083064,2.239048067707321,13.2,-13.2,1.029259957485291,1.5,1,12,0.72,0,0,0,0,0,0,0,0,0,0,0,0,0,0,0
722,9.11551782850875,0.02717160536416336,7,-7,1.036867369068647,2.4,1,14,1.125,0,0,0,0,0,0,0,0,0,0,0,0,0,0,0
731,7.938425238392241,0.2221419765272107,9.6,-9.6,1.042672712773473,4.3,1,12,0.675,0,0,0,0,0,0,0,0,0,0,0,0,0,0,0
736,65.00000001011847,19.97710045366212,120,-72,1.047034628507638,255,1,144,65,0,0,0,0,0,0,0,0,0,0,0,0,105.3499999332665,0,0
740,9.484467597488626,0.2311660091965622,7.2,-7.2,1.037562896276363,4.3,1,14,0.9,0,0,0,0,0,0,0,0,0,0,0,0,0,0,0
747,11.3424112786928,8.046653598269801,26.4,-26.4,1.024976217009605,5.4,1,15,2.34,0,0,0,0,0,0,0,0,0,0,0,0,0,0,0
759,87.47836724719494,6.157053938831401,48,-48,1.042401087625577,105.2,1,96,45,0,0,0,0,0,0,0,0,0,0,0,0,0,0,0
760,0,0,0,0,1.035,1.3,0,0,0,0,0,0,0,0,0,0,0,0,0,0,0,0,0,0
778,46.9296651721635,5.146745504192174,30,-28,1.036635716466835,31.3,1,55,4.5,0,0,0,0,0,0,0,0,0,0,0,0,0,0,0
780,19.82275795902226,0.3284060029612704,15,-15,1.05704427882029,1.4,1,30,0.63,0,0,0,0,0,0,0,0,0,0,0,0,0,0,0
783,37.49331377900619,-2.959014714727987,26,-26,1.043553056368808,6.7,1,51,3,0,0,0,0,0,0,0,0,0,0,0,0,0,0,0
788,20.1929411028547,15.72844203773027,34.8,-34.8,1.026257258981347,95.90000000000001,1,26,1,0,0,0,0,0,0,0,0,0,0,0,0,0,0,0
792,0,0,23,0,1.035,71.8,0,0,0,0,0,0,0,0,0,0,0,0,0,0,0,0,0,0
792,0,0,23,0,1.035,71.8,0,0,0,0,0,0,0,0,0,0,0,0,0,0,0,0,0,0
792,0,0,11,0,1.035,23.7,0,0,0,0,0,0,0,0,0,0,0,0,0,0,0,0,0,0
792,0,0,10,0,1.035,23.3,0,0,0,0,0,0,0,0,0,0,0,0,0,0,0,0,0,0
803,9.54923668604013e-09,-0.0902013970699794,12,-12,1.036564617416138,55.9,1,24,0,0,0,0,0,0,0,0,0,0,0,0,0,111.6299999609418,0,0
804,9.549236878098957e-09,1.037879282736889,16.8,-16.8,1.036165159865663,120.4,1,20,0,0,0,0,0,0,0,0,0,0,0,0,0,111.6299999889983,0,0
809,0,0,0,0,1.035,3.3,0,0,0,0,0,0,0,0,0,0,0,0,0,0,0,0,0,0
815,6.620435193175281,-0.142105743269655,6,-6,1.043922875772027,3.1,1,11,1.35,0,0,0,0,0,0,0,0,0,0,0,0,0,0,0
834,10.64620725723972,2.523898214690383,19.2,-19.2,1.030096078993191,1.5,1,15,0.45,0,0,0,0,0,0,0,0,0,0,0,0,0,0,0
840,53.94271076728716,10.8294312615313,32,-32,1.033678030391568,51.3,1,64,12.5,0,0,0,0,0,0,0,0,0,0,0,0,0,0,0
840,39.39405603592591,6.621303604339235,24,-24,1.033678030391568,51.3,1,48,12.5,0,0,0,0,0,0,0,0,0,0,0,0,0,0,0
844,8.803406813391097,0.2488763274795558,7,-7,1.038942124461365,3.5,1,13,0.95,0,0,0,0,0,0,0,0,0,0,0,0,0,0,0
848,24.38655316348812,2.340188603785105,16,-16,1.033573482077616,5.6,1,32,1.5055,0,0,0,0,0,0,0,0,0,0,0,0,0,0,0
854,40.64571070300174,3.08288001867376,29,-29,1.041902870144887,14.5,1,57,3.5,0,0,0,0,0,0,0,0,0,0,0,0,0,0,0
873,122.4169772950981,15.26636627314515,129,-129,1.044415509204965,87.7,1,257,34,0,0,0,0,0,0,0,0,0,0,0,0,0,0,0
876,0,0,0,0,1.035,1.9,0,0,0,0,0,0,0,0,0,0,0,0,0,0,0,0,0,0
896,0,0,45,-10,1.035,65.8,0,0,0,0,0,0,0,0,0,0,0,0,0,0,0,0,0,0
896,0,0,45,-10,1.035,71.09999999999999,0,0,0,0,0,0,0,0,0,0,0,0,0,0,0,0,0,0
896,195.783831470855,17.6425612221896,110,-110,1.041852676439732,71.09999999999999,1,220,20,0,0,0,0,0,0,0,0,0,0,0,0,0,0,0
902,14.13077409664417,-0.4332218948838494,14,-14,1.04254229614946,0.3,1,27,0.0555,0,0,0,0,0,0,0,0,0,0,0,0,0,0,0
903,0,0,0,0,1.035,2.5,0,0,0,0,0,0,0,0,0,0,0,0,0,0,0,0,0,0
952,41.66914422200125,1.96022763819313,26,-26,1.039742256416041,3,1,52,1.3,0,0,0,0,0,0,0,0,0,0,0,0,0,0,0
958,0,0,0,0,1.035,2.5,0,0,0,0,0,0,0,0,0,0,0,0,0,0,0,0,0,0
972,48.98780738970828,2.804596864555706,41,-41,1.043808331207501,54,1,82,13.5,0,0,0,0,0,0,0,0,0,0,0,0,0,0,0
972,0,0,32,-0,1.035,42.5,0,0,0,0,0,0,0,0,0,0,0,0,0,0,0,0,0,0
972,18.1112631373978,0.5294722339722457,17,-17,1.043808331207501,11.4,1,34,1.5,0,0,0,0,0,0,0,0,0,0,0,0,0,0,0
972,92.11576148077535,32.7602894037672,110,-69,1.043808331207501,162.2,1,138,40,0,0,0,0,0,0,0,0,0,0,0,0,0,0,0
973,88.8192770833535,28.4800113829038,110,-65,1.041878494228021,162.2,1,129,40,0,0,0,0,0,0,0,0,0,0,0,0,0,0,0
977,17.45851373152974,0.4792907434868344,12,-12,1.039971024180138,13.7,1,24,6.7555,0,0,0,0,0,0,0,0,0,0,0,0,0,0,0
986,32.43306693096623,2.02142166817707,24,-24,1.039213823822067,10.2,1,47,2.55,0,0,0,0,0,0,0,0,0,0,0,0,0,0,0
998,110.0000000118403,27.68681012712879,172,-160,1.039275416281384,422.6,1,319,110,0,0,0,0,0,0,0,0,0,0,0,0,90.02999994586186,0,0
999,110.0000000118403,22.05219945976874,315,-315,1.038202215330928,408,1,629,110,0,0,0,0,0,0,0,0,0,0,0,0,90.02999994118954,0,0
1002,58.2695492313028,3.748111894232973,43,-43,1.043598573237361,17.8,1,85,7.4995,0,0,0,0,0,0,0,0,0,0,0,0,0,0,0
1004,174.7190345016109,-4.045666970543181,166,-166,1.041830408827999,174.1,1,331,55,0,0,0,0,0,0,0,0,0,0,0,0,0,0,0
1007,46.15144415285802,3.301728556374347,28,-28,1.039582863222345,2.5,1,55,0.5,0,0,0,0,0,0,0,0,0,0,0,0,0,0,0
1010,65.14236297756393,8.507800588319599,39,-39,1.040331790430599,51.6,1,77,7.5055,0,0,0,0,0,0,0,0,0,0,0,0,0,0,0
1012,51.92725307004456,6.132367540165403,32,-32,1.039204574440258,32.9,1,64,7.5,0,0,0,0,0,0,0,0,0,0,0,0,0,0,0
1021,65.97554898644042,12.7933321438501,66,-66,1.045524413631284,30,1,132,10,0,0,0,0,0,0,0,0,0,0,0,0,0,0,0
1022,51.57931529268473,7.591566951817498,49,-49,1.045471763885481,30,1,98,9.999000000000001,0,0,0,0,0,0,0,0,0,0,0,0,0,0,0
1023,46.12625109823908,5.367928272353055,41,-41,1.045429444836581,32.2,1,82,9.999000000000001,0,0,0,0,0,0,0,0,0,0,0,0,0,0,0
1076,6.144433345584057,-0.1756598262240235,5,-5,1.037353936529762,3.2,1,10,0.5,0,0,0,0,0,0,0,0,0,0,0,0,0,0,0
1108,10.1972389205137,-0.8300163463294024,10,-10,1.041995205169877,3,1,19,0.5,0,0,0,0,0,0,0,0,0,0,0,0,0,0,0
1110,0,0,37.5,-0,1.035,62.5,0,0,0,0,0,0,0,0,0,0,0,0,0,0,0,0,0,0
1111,0,0,37.5,-0,1.035,62.5,0,0,0,0,0,0,0,0,0,0,0,0,0,0,0,0,0,0
1111,202.4678631568927,31.99631511309068,110,-110,1.036717700960017,62.5,1,219,20,0,0,0,0,0,0,0,0,0,0,0,0,0,0,0
1112,0,0,37.5,-0,1.035,62.5,0,0,0,0,0,0,0,0,0,0,0,0,0,0,0,0,0,0
1114,33.28481670631033,0.5193401933001585,22,-22,1.038864581734993,7.6,1,44,2,0,0,0,0,0,0,0,0,0,0,0,0,0,0,0
1129,13.7881387428056,-0.3624028548242133,10,-10,1.045276452943294,7.8,1,19,3.4995,0,0,0,0,0,0,0,0,0,0,0,0,0,0,0
1151,39.37895929743399,2.507938227954982,28,-28,1.040789151918044,36.2,1,56,10,0,0,0,0,0,0,0,0,0,0,0,0,0,0,0
1152,62.237036581281,5.039975011374779,50,-50,1.04196068457152,55.1,1,100,12.5,0,0,0,0,0,0,0,0,0,0,0,0,0,0,0
1153,74.47781426672839,7.774768699047678,47,-47,1.03991677527978,36.2,1,94,10,0,0,0,0,0,0,0,0,0,0,0,0,0,0,0
1178,0,0,42,-0,1.035,65.3,0,0,0,0,0,0,0,0,0,0,0,0,0,0,0,0,0,0
1178,0,0,42,-0,1.035,65.3,0,0,0,0,0,0,0,0,0,0,0,0,0,0,0,0,0,0
1178,154.8863040720114,25.7857921474908,98,-98,1.041469505121922,87.5,1,195,30,0,0,0,0,0,0,0,0,0,0,0,0,0,0,0
1179,105.9518500457057,12.38145935327853,97,-97,1.049828714395905,87.5,1,193,30,0,0,0,0,0,0,0,0,0,0,0,0,0,0,0
1179,126.3253761106795,19.03176961730446,123,-123,1.049828714395905,65.3,1,245,22.5,0,0,0,0,0,0,0,0,0,0,0,0,0,0,0
1187,16.34183482192024,1.853660058718936,18,-18,1.035192169920518,22.2,1,22,7.5,0,0,0,0,0,0,0,0,0,0,0,0,0,0,0
1187,94.72529459501307,14.67907352150848,55,-55,1.035192169920518,50.1,1,110,8.5,0,0,0,0,0,0,0,0,0,0,0,0,0,0,0
1188,16.02412288321305,0.9444470471123981,12,-12,1.036057703599325,9.4,1,24,3.505,0,0,0,0,0,0,0,0,0,0,0,0,0,0,0
1226,22.96105075839833,1.983862482101596,16,-16,1.035829459838041,1.1,1,31,0.5,0,0,0,0,0,0,0,0,0,0,0,0,0,0,0
1245,122.5510771290966,20.10684554234874,74,-74,1.040939796100286,53.2,1,148,12.5,0,0,0,0,0,0,0,0,0,0,0,0,0,0,0
1246,42.16487826897954,1.661015544737474,27,-27,1.036964212373269,31.2,1,53,10,0,0,0,0,0,0,0,0,0,0,0,0,0,0,0
1247,20.06687321099252,5.70543233763479,26.4,-26.4,1.033058977729369,11.6,1,27,2.5,0,0,0,0,0,0,0,0,0,0,0,0,0,0,0
1279,37.42278602523437,1.679365182206233,25,-25,1.038545127925467,5.6,1,50,2.25,0,0,0,0,0,0,0,0,0,0,0,0,0,0,0
1285,192.6063552877455,37.22909614111772,111,-111,1.04067180755659,68.59999999999999,1,222,25,0,0,0,0,0,0,0,0,0,0,0,0,0,0,0
1286,60.00000001148934,75.04661750235638,113,-83,1.036156229067685,256.3,1,166,60,0,0,0,0,0,0,0,0,0,0,0,0,92.77999988310319,0,0
1287,60.00000001148934,116.2427606361879,464.4,-464.4,1.037615064587862,251.8,1,295,60,0,0,0,0,0,0,0,0,0,0,0,0,92.77999990497788,0,0
1296,8.599942289986769,0.05287303959733145,7,-7,1.035853142500624,0.5,1,14,0.1,0,0,0,0,0,0,0,0,0,0,0,0,0,0,0
1330,29.17089740601504,0.9368933295104851,28,-28,1.043022325809644,3.5,1,56,1.0055,0,0,0,0,0,0,0,0,0,0,0,0,0,0,0
1341,31.87694321492777,0.8469720399747382,23,-23,1.039928225444078,32,1,45,10,0,0,0,0,0,0,0,0,0,0,0,0,0,0,0
1342,97.19786695399686,5.362431802721511,63,-63,1.039974366725643,34,1,125,10,0,0,0,0,0,0,0,0,0,0,0,0,0,0,0
1350,0,0,90,-83,1.035,142.1,0,166,39.5,0,0,0,0,0,0,0,0,0,0,0,0,0,0,0
1350,39.50000001132938,22.87317321387352,90,-76,1.038099532874501,150,1,151,39.5,0,0,0,0,0,0,0,0,0,0,0,0,94.08999993701882,0,0
1351,39.50000001132938,18.07377200394097,93,-93,1.0387999617738,150,1,186,39.5,0,0,0,0,0,0,0,0,0,0,0,0,94.08999996684668,0,0
1352,0,0,90,-29,1.035,150,0,58,39.5,0,0,0,0,0,0,0,0,0,0,0,0,0,0,0
1362,38.00000001148934,22.54508260842563,85,-63,1.038385087880865,151.2,1,125,38,0,0,0,0,0,0,0,0,0,0,0,0,92.77999994883123,0,0
1362,38.00000001148934,54.77314922456126,177,-177,1.038385087880865,151.2,1,354,38,0,0,0,0,0,0,0,0,0,0,0,0,92.77999993995194,0,0
1373,81.82355770158823,14.37404468030628,80,-63,1.046168030727706,141.7,1,126,45,0,0,0,0,0,0,0,0,0,0,0,0,0,0,0
1373,145.681721550461,20.90786035254839,142,-142,1.046168030727706,128.1,1,283,45,0,0,0,0,0,0,0,0,0,0,0,0,0,0,0
1374,121.7671741918426,15.9903682882442,111,-111,1.046110358445955,143.4,1,221,45,0,0,0,0,0,0,0,0,0,0,0,0,0,0,0
1375,169.0557527816581,13.33267180682476,97,-97,1.042187473658685,136,1,193,45,0,0,0,0,0,0,0,0,0,0,0,0,0,0,0
1415,0,0,33.5,-0,1.035,36.7,0,0,0,0,0,0,0,0,0,0,0,0,0,0,0,0,0,0
1416,0,0,41.2,-13.7,1.035,68.7,0,0,0,0,0,0,0,0,0,0,0,0,0,0,0,0,0,0
1416,74.39288225672141,1.91019479498962,43,-43,1.038331706706441,68.7,1,85,25,0,0,0,0,0,0,0,0,0,0,0,0,0,0,0
1429,73.51163759481223,23.98901208969946,54,-54,1.024949540933475,4.5,1,84,1,0,0,0,0,0,0,0,0,0,0,0,0,0,0,0
1433,80.62227415724841,9.991510225826259,47,-47,1.040592864592002,20,1,93,7.4995,0,0,0,0,0,0,0,0,0,0,0,0,0,0,0
1434,23.10879872830575,7.071021823233657,26.4,-26.4,1.029973294594877,4.1,1,30,2,0,0,0,0,0,0,0,0,0,0,0,0,0,0,0
1435,77.53522698557623,9.314493215392456,54,-54,1.043126372598911,30.4,1,108,6.9995,0,0,0,0,0,0,0,0,0,0,0,0,0,0,0
1436,55.93031582590292,2.983305432174852,43,-43,1.043744440195475,19.3,1,85,6.9995,0,0,0,0,0,0,0,0,0,0,0,0,0,0,0
1440,70.00000001118435,41.80823620222505,105,-78,1.038072051105783,248.3,1,155,70,0,0,0,0,0,0,0,0,0,0,0,0,95.30999998561727,0,0
1444,29.34679996108592,3.443123650450736,18,-18,1.035391180377041,3.1,1,36,1.5,0,0,0,0,0,0,0,0,0,0,0,0,0,0,0
1462,0,0,35,-6,1.035,57.8,0,0,0,0,0,0,0,0,0,0,0,0,0,0,0,0,0,0
1462,0,0,35,-6,1.035,57.8,0,0,0,0,0,0,0,0,0,0,0,0,0,0,0,0,0,0
1462,32.84887402877253,3.266698786823393,20,-20,1.038047288066687,2.1,1,40,0.5,0,0,0,0,0,0,0,0,0,0,0,0,0,0,0
1494,8.85398123485105,-0.8072014102065181,9,-9,1.042410486609974,0.8,1,17,0.2,0,0,0,0,0,0,0,0,0,0,0,0,0,0,0
1518,0,0,0,0,1.035,2.1,0,0,0,0,0,0,0,0,0,0,0,0,0,0,0,0,0,0
1519,10.9999955461476,-0.1601660666648426,9,-9,1.037760655661695,0.9,1,17,0.15,0,0,0,0,0,0,0,0,0,0,0,0,0,0,0
1520,12.89818080879449,-1.530276343599658,14,-14,1.044746053865399,4.7,1,28,1.0055,0,0,0,0,0,0,0,0,0,0,0,0,0,0,0
1521,13.62233377004537,-1.745903917902007,15,-15,1.044747910675401,6.4,1,29,1.5,0,0,0,0,0,0,0,0,0,0,0,0,0,0,0
1543,10.93216780950141,0.09222948512276587,9,-9,1.041699131736241,3,1,17,0.9,0,0,0,0,0,0,0,0,0,0,0,0,0,0,0
1546,20.99521764008875,6.725066886232758,26.4,-26.4,1.031375677759193,3.2,1,28,1.6,0,0,0,0,0,0,0,0,0,0,0,0,0,0,0
1547,46.52941067518443,4.750868612179569,29,-29,1.036294501803003,3.2,1,58,1.6,0,0,0,0,0,0,0,0,0,0,0,0,0,0,0
1580,26.08626197041532,-1.507242977791165,29,-29,1.043963430468918,2.3,1,57,0.5,0,0,0,0,0,0,0,0,0,0,0,0,0,0,0
1594,16.28332466752175,2.637692573976348,24,-24,1.037426866827092,2.5,1,22,0.5,0,0,0,0,0,0,0,0,0,0,0,0,0,0,0
1647,0,0,9.300000000000001,-0,1.035,16.8,0,0,0,0,0,0,0,0,0,0,0,0,0,0,0,0,0,0
1647,15.07091588002741,1.141071140597151,10,-10,1.035757108331997,16.8,1,19,5,0,0,0,0,0,0,0,0,0,0,0,0,0,0,0
1647,0,0,9.300000000000001,-0,1.035,16.8,0,0,0,0,0,0,0,0,0,0,0,0,0,0,0,0,0,0
1647,0,0,9.300000000000001,-0,1.035,16.8,0,0,0,0,0,0,0,0,0,0,0,0,0,0,0,0,0,0
1647,7.724744854030209,0.5165096283124903,6,-6,1.035757108331997,8,1,11,0.6,0,0,0,0,0,0,0,0,0,0,0,0,0,0,0
1675,27.50000001097592,41.84280218747442,115,-92,1.038361378571632,191.4,1,184,27.5,0,0,0,0,0,0,0,0,0,0,0,0,97.11999992326623,0,0
1676,0,0,90,-20,1.035,156.5,0,37,35,0,0,0,0,0,0,0,0,0,0,0,0,0,0,0
1676,27.50000001097592,36.90647021902637,115,-105,1.03386142553026,191.4,1,210,27.5,0,0,0,0,0,0,0,0,0,0,0,0,97.11999988991549,0,0
1677,0,0,130,-130,1.035,152.4,0,260,35,0,0,0,0,0,0,0,0,0,0,0,0,0,0,0
1687,40.00000001071123,30.44057257076768,126,-126,1.03952959896817,123,1,251,40,0,0,0,0,0,0,0,0,0,0,0,0,99.51999993155412,0,0
1687,31.5345498803629,0.9246724283318649,20,-20,1.03952959896817,1.7,1,40,0.15,0,0,0,0,0,0,0,0,0,0,0,0,0,0,0
1688,0,0,261,-261,1.035,61.6,0,521,15,0,0,0,0,0,0,0,0,0,0,0,0,0,0,0
1688,0,0,140,-140,1.035,123,0,279,40,0,0,0,0,0,0,0,0,0,0,0,0,0,0,0
1688,0,0,42,-22,1.035,61.6,0,43,15,0,0,0,0,0,0,0,0,0,0,0,0,0,0,0
1688,40.00000001071123,19.70976678685265,74,-74,1.039589985021552,129.3,1,147,40,0,0,0,0,0,0,0,0,0,0,0,0,99.51999992799182,0,0
1688,15.00000001071123,12.59089413230717,58,-58,1.039589985021552,60.2,1,115,15,0,0,0,0,0,0,0,0,0,0,0,0,99.51999992868919,0,0
1742,10.61661332982405,1.077259251954972,9.6,-9.6,1.034790404371102,0.5,1,15,0.2,0,0,0,0,0,0,0,0,0,0,0,0,0,0,0
1749,24.8575893582511,2.998816306833242,16,-16,1.032059597803589,2.5,1,32,0.5,0,0,0,0,0,0,0,0,0,0,0,0,0,0,0
1760,16.29241261638092,0.9602350920825419,12,-12,1.035850061752409,2.8,1,23,1.35,0,0,0,0,0,0,0,0,0,0,0,0,0,0,0
1774,20.62116902373974,1.249005108614378,16,-16,1.037268698442966,8.5,1,32,2.15,0,0,0,0,0,0,0,0,0,0,0,0,0,0,0
1779,0,0,6.6,-0,1.035,8.300000000000001,0,0,0,0,0,0,0,0,0,0,0,0,0,0,0,0,0,0
1798,86.29367856432781,-7.316440281620561,50,-50,1.049002793234442,25.6,1,100,7.5,0,0,0,0,0,0,0,0,0,0,0,0,0,0,0
1799,43.94507571762244,28.30140805451465,52.8,-52.8,1.028125341528328,47.7,1,49,16,0,0,0,0,0,0,0,0,0,0,0,0,0,0,0
1841,0,0,83,-33,1.035,239.8,0,66,160,0,0,0,0,0,0,0,0,0,0,0,0,0,0,0
1841,70.00000001169352,40.44158623353022,133,-133,1.039094344662486,251.8,1,266,70,0,0,0,0,0,0,0,0,0,0,0,0,91.15999995346445,0,0
1843,80.00000001169353,46.7611230510194,197,-197,1.040983672766497,237.5,1,393,80,0,0,0,0,0,0,0,0,0,0,0,0,91.15999995444389,0,0
1847,9.312002623245091,-0.07653613748520126,7,-7,1.048807361269023,3.6,1,14,1.6,0,0,0,0,0,0,0,0,0,0,0,0,0,0,0
1849,9.523697884295895,0.2575099420593234,7,-7,1.035301087928342,6.5,1,14,0.25,0,0,0,0,0,0,0,0,0,0,0,0,0,0,0
1852,7.66516581232626,0.06763758267221875,6,-6,1.037177157562432,5,1,12,1.5055,0,0,0,0,0,0,0,0,0,0,0,0,0,0,0
1865,33.26100934748256,3.433282925808466,20,-20,1.035932898246109,12,1,40,1.8,0,0,0,0,0,0,0,0,0,0,0,0,0,0,0
1877,0,0,26,-0,1.035,43.6,0,0,0,0,0,0,0,0,0,0,0,0,0,0,0,0,0,0
1877,0,0,8.300000000000001,-0,1.035,11.5,0,0,0,0,0,0,0,0,0,0,0,0,0,0,0,0,0,0
1878,28.44568382649434,0.7377094675035232,19,-19,1.039748447702943,27.7,1,37,10,0,0,0,0,0,0,0,0,0,0,0,0,0,0,0
1878,59.8274074563984,2.779916441529617,37,-37,1.039748447702943,39.7,1,73,9.999000000000001,0,0,0,0,0,0,0,0,0,0,0,0,0,0,0
1885,8.394656731214347,0.02307793831785279,7,-7,1.038883507881278,1.8,1,13,0.5,0,0,0,0,0,0,0,0,0,0,0,0,0,0,0
1911,21.25292158825631,2.254985483236488,14,-14,1.030157338374013,32.4,1,27,7.5,0,0,0,0,0,0,0,0,0,0,0,0,0,0,0
1912,35.21263242167662,4.980218146136181,22,-22,1.030172277508087,32.4,1,43,7.5,0,0,0,0,0,0,0,0,0,0,0,0,0,0,0
1930,23.1753995182497,5.491706945547098,22.8,-22.8,1.028344670741573,21.1,1,29,4.9995,0,0,0,0,0,0,0,0,0,0,0,0,0,0,0
1932,51.00000001153285,11.45399574263381,90,-58,1.037319757477573,150,1,116,51,0,0,0,0,0,0,0,0,0,0,0,0,92.42999994143629,0,0
1933,50.00000001153285,20.67374275759422,206,-206,1.03958809041056,150,1,412,50,0,0,0,0,0,0,0,0,0,0,0,0,92.42999994812473,0,0
1969,80.7693712929193,-6.723910142263365,49,-49,1.041826803349333,52.2,1,97,25,0,0,0,0,0,0,0,0,0,0,0,0,0,0,0
1969,0,0,15,0,1.035,52.2,0,0,0,0,0,0,0,0,0,0,0,0,0,0,0,0,0,0
1970,46.73667695478157,-4.556633685936736,31,-31,1.042285987759922,33.5,1,62,15,0,0,0,0,0,0,0,0,0,0,0,0,0,0,0
1996,45.0000000091887,-5.599263410427165,120,-78,1.042901622345966,252.4,1,155,45,0,0,0,0,0,0,0,0,0,0,0,0,116.0099999505895,0,0
2002,0,0,8,0,1.035,27.3,0,0,0,0,0,0,0,0,0,0,0,0,0,0,0,0,0,0
2002,0,0,8,0,1.035,28.4,0,0,0,0,0,0,0,0,0,0,0,0,0,0,0,0,0,0
2002,0,0,8,0,1.035,27.3,0,0,0,0,0,0,0,0,0,0,0,0,0,0,0,0,0,0
2006,39.1669007980789,-0.4954226759931861,24,-24,1.050536338126017,57,1,48,20,0,0,0,0,0,0,0,0,0,0,0,0,0,0,0
2006,95.45748318080157,10.41317336730456,80,-55,1.050536338126017,128.1,1,109,45,0,0,0,0,0,0,0,0,0,0,0,0,0,0,0
2007,143.8975898821921,-1.960301956351791,90,-82,1.050742552789159,150.4,1,164,50,0,0,0,0,0,0,0,0,0,0,0,0,0,0,0
2019,61.54205524019976,-13.35040727988303,61,-61,1.044084109840471,30.2,1,121,12.5,0,0,0,0,0,0,0,0,0,0,0,0,0,0,0
2019,0,0,10,0,1.035,30.2,0,0,0,0,0,0,0,0,0,0,0,0,0,0,0,0,0,0
2019,92.46526222323909,-25.36499041289098,87,-87,1.044084109840471,55.8,1,174,25,0,0,0,0,0,0,0,0,0,0,0,0,0,0,0
2020,15.09105425831432,-1.422994337112455,11,-11,1.039438957260522,5.4,1,21,2.5,0,0,0,0,0,0,0,0,0,0,0,0,0,0,0
2020,0,0,2,0,1.035,6.3,0,0,0,0,0,0,0,0,0,0,0,0,0,0,0,0,0,0
2046,45.0000000110556,18.71320645789376,113,-113,1.033063519911507,150,1,225,45,0,0,0,0,0,0,0,0,0,0,0,0,96.41999994186894,0,0
2068,0,0,1,0,1.035,3.2,0,0,0,0,0,0,0,0,0,0,0,0,0,0,0,0,0,0
2068,38.75885421264449,0.1436696952257505,27,-27,1.040547577936849,4.5,1,54,2,0,0,0,0,0,0,0,0,0,0,0,0,0,0,0
2095,12.5000000110556,2.528516240391049,43,-43,1.03339164581475,51.4,1,85,12.5,0,0,0,0,0,0,0,0,0,0,0,0,96.41999995196879,0,0
2095,15.0000000110556,0.8818736007489055,24,-24,1.03339164581475,51.4,1,48,15,0,0,0,0,0,0,0,0,0,0,0,0,96.41999996956805,0,0
2096,10.0000000110556,-0.7537362340070267,17,-17,1.045267729257665,29.7,1,34,10,0,0,0,0,0,0,0,0,0,0,0,0,96.41999999360864,0,0
2098,15.0000000110556,6.927903213015482,40,-40,0.9867853623721621,56.3,1,80,15,0,0,0,0,0,0,0,0,0,0,0,0,96.41999995760051,0,0
2218,75.00000001194779,11.31291120672522,120,-94,1.037062742706306,233.2,1,187,75,0,0,0,0,0,0,0,0,0,0,0,0,89.21999995553344,0,0
2219,75.00000001194779,-2.612419536095029,120,-82,1.04444661427145,233.2,1,163,75,0,0,0,0,0,0,0,0,0,0,0,0,89.2199999625156,0,0
2257,133.8240765246609,-19.62032364453584,128,-128,1.033471839215856,66.7,1,256,25.05,0,0,0,0,0,0,0,0,0,0,0,0,0,0,0
2258,48.91613387588178,-2.396453806613008,36,-36,1.033440892469545,66.7,1,72,25,0,0,0,0,0,0,0,0,0,0,0,0,0,0,0
2334,51.45839672673866,-2.0984606928914,49,-49,1.03614745098998,58,1,97,10,0,0,0,0,0,0,0,0,0,0,0,0,0,0,0
2334,0,0,6,0,1.035,19,0,0,0,0,0,0,0,0,0,0,0,0,0,0,0,0,0,0
2334,0,0,2,0,1.035,4.5,0,0,0,0,0,0,0,0,0,0,0,0,0,0,0,0,0,0
2349,47.00000001078492,15.19577287536166,120,-69,1.033782004576703,263.9,1,137,47,0,0,0,0,0,0,0,0,0,0,0,0,98.83999994442783,0,0
2360,55.32771324654161,-5.070550839347849,43,-43,1.043430225472378,52.2,1,85,22.1,0,0,0,0,0,0,0,0,0,0,0,0,0,0,0
2360,75.22172623248491,0.6972202945688427,80,-55,1.043430225472378,128.1,1,110,35,0,0,0,0,0,0,0,0,0,0,0,0,0,0,0
2361,74.73942206260733,-0.07823192917168058,80,-45,1.043630144145116,128.1,1,89,40,0,0,0,0,0,0,0,0,0,0,0,0,0,0,0
2438,24.31276492901641,-1.921699175029656,23,-23,1.049740173136696,14.5,1,45,4,0,0,0,0,0,0,0,0,0,0,0,0,0,0,0
2438,18.85602290636707,-1.097117580926313,17,-17,1.049740173136696,15.6,1,34,4,0,0,0,0,0,0,0,0,0,0,0,0,0,0,0
2458,40.50141005262143,-0.6066377834119366,37,-37,1.046725295314978,52.2,1,73,18.2425,0,0,0,0,0,0,0,0,0,0,0,0,0,0,0
2458,66.85309504082213,-3.030178415252958,86,-86,1.046725295314978,55,1,172,20.069,0,0,0,0,0,0,0,0,0,0,0,0,0,0,0
2458,82.11957003149735,-5.623952415976563,118,-118,1.046725295314978,53.4,1,235,26.688,0,0,0,0,0,0,0,0,0,0,0,0,0,0,0
2459,31.74257512563246,-0.427337304039217,31,-31,1.046727448147784,55.2,1,61,10.7305,0,0,0,0,0,0,0,0,0,0,0,0,0,0,0
2459,29.61159094785251,-0.284162669314229,25,-25,1.046727448147784,32,1,49,14.2695,0,0,0,0,0,0,0,0,0,0,0,0,0,0,0
2478,116.4656491359267,-3.176704722743848,65,-65,1.032631130881427,55.2,1,129,25,0,0,0,0,0,0,0,0,0,0,0,0,0,0,0
2479,92.33337279906225,-2.454737427619179,52,-52,1.032611790380796,55.2,1,104,25,0,0,0,0,0,0,0,0,0,0,0,0,0,0,0
2491,21.90789291581029,-7.675731862263007,19,-19,1.059007056089188,0.6,1,38,0.2,0,0,0,0,0,0,0,0,0,0,0,0,0,0,0
2508,0,0,1,0,1.035,22,0,0,0,0,0,0,0,0,0,0,0,0,0,0,0,0,0,0
2508,91.21476825548181,0.3795349494701946,77,-77,1.039168753791694,55.5,1,153,27.5,0,0,0,0,0,0,0,0,0,0,0,0,0,0,0
2508,166.0566972361859,1.332433317636458,145,-145,1.039168753791694,55.5,1,289,27.5,0,0,0,0,0,0,0,0,0,0,0,0,0,0,0
2509,63.30939041525318,-3.617790494317531,37,-37,1.035463494757046,55.5,1,74,25,0,0,0,0,0,0,0,0,0,0,0,0,0,0,0
2509,52.60877913944937,-2.649909244521108,31,-31,1.035463494757046,55.5,1,62,25,0,0,0,0,0,0,0,0,0,0,0,0,0,0,0
2579,44.82184448487531,5.260675014531198,30,-30,1.030674068161562,17.9,1,59,5.5,0,0,0,0,0,0,0,0,0,0,0,0,0,0,0
2580,34.37263442617952,3.477679491616853,24,-24,1.030693614052336,16.2,1,47,3.25,0,0,0,0,0,0,0,0,0,0,0,0,0,0,0
2590,0,0.002549714138607449,1.2,-1.2,1.028469264044115,0,1,0,0,0,0,0,0,0,0,0,0,0,0,0,9.343310826445033e-08,0,0,0
2617,0,1.2156911464922,18,-18,1.03306874363198,2.2,1,0,0,0,0,0,0,0,0,0,0,0,0,0,4.508821692352909e-08,0,0,0
2637,11.03432063692013,-0.2465195203766756,8,-8,1.03046414747758,0.7,1,16,0.3,0,0,0,0,0,0,0,0,0,0,0,0,0,0,0
2710,116.3120746303281,11.39800585102092,69,-69,1.041533362906351,25.6,1,138,12.75,0,0,0,0,0,0,0,0,0,0,0,0,0,0,0
2710,66.03198986675511,4.576722781379418,42,-42,1.041533362906351,25.6,1,84,12.75,0,0,0,0,0,0,0,0,0,0,0,0,0,0,0
2710,0,0,2,0,1.035,25.1,0,0,0,0,0,0,0,0,0,0,0,0,0,0,0,0,0,0
2710,0,0,2,0,1.035,25.1,0,0,0,0,0,0,0,0,0,0,0,0,0,0,0,0,0,0
2711,0,0,2,0,1.035,25.1,0,0,0,0,0,0,0,0,0,0,0,0,0,0,0,0,0,0
2711,0,0,2,0,1.035,25.1,0,0,0,0,0,0,0,0,0,0,0,0,0,0,0,0,0,0
2729,0,0,22,-0,1.035,54.6,0,0,0,0,0,0,0,0,0,0,0,0,0,0,0,0,0,0
2730,0,0,22,-0,1.035,54.6,0,0,0,0,0,0,0,0,0,0,0,0,0,0,0,0,0,0
2729,0,0,22,-2.5,1.035,54.6,0,0,0,0,0,0,0,0,0,0,0,0,0,0,0,0,0,0
219,33.178649313675,1.044874560818386,21,-21,1.034144781917072,6.2,1,42,0.85,0,0,0,0,0,0,0,0,0,0,0,0,0,0,0
221,4.866201709683637,0.00655303665619321,4,-4,1.033596504892748,1.1,1,8,0.25,0,0,0,0,0,0,0,0,0,0,0,0,0,0,0
222,6.440108784970547,-0.0943920544576087,5,-5,1.034575640416184,0.5,1,10,0.25,0,0,0,0,0,0,0,0,0,0,0,0,0,0,0
223,0,-0.02626605354442963,2.4,-2.4,1.033120800030238,1,1,0,0,0,0,0,0,0,0,0,0,0,0,0,9.405176320876496e-08,0,0,0
299,23.94410201581103,-1.978878353882447,16,-16,1.050700325132258,7.8,1,32,3,0,0,0,0,0,0,0,0,0,0,0,0,0,0,0
449,56.20544639351765,-3.678393972732267,35,-35,1.04426826415639,10.4,1,69,5,0,0,0,0,0,0,0,0,0,0,0,0,0,0,0
569,21.42402393369927,-0.6128234119689752,15,-15,1.038074012467256,5.7,1,29,2,0,0,0,0,0,0,0,0,0,0,0,0,0,0,0
1003,22.91581793149592,0.8471341301014388,19,-19,1.043597552665545,1.7,1,38,0.85,0,0,0,0,0,0,0,0,0,0,0,0,0,0,0
1032,11.63933098515126,0.2103463745667686,9,-9,1.040297545694096,0,1,17,0.001,0,0,0,0,0,0,0,0,0,0,0,0,0,0,0
1949,16.18285425868589,-0.6885233242933981,12,-12,1.040571379572288,1.2,1,24,0.6,0,0,0,0,0,0,0,0,0,0,0,0,0,0,0
1952,32.33718650399479,-1.441296229450294,22,-22,1.042091888203384,1.7,1,43,0.85,0,0,0,0,0,0,0,0,0,0,0,0,0,0,0
1962,23.1324127476094,-0.7979062108657717,17,-17,1.041958587765374,0.3,1,33,0.15,0,0,0,0,0,0,0,0,0,0,0,0,0,0,0
1967,6.180051416303654,0.01820922247269021,5,-5,1.037191721980496,0.1,1,10,0.05,0,0,0,0,0,0,0,0,0,0,0,0,0,0,0
2012,10.66024524178145,-2.094583527046612,11,-11,1.041748391416432,1.2,1,21,0.6,0,0,0,0,0,0,0,0,0,0,0,0,0,0,0
2016,16.97365396116412,-1.268875188056844,12,-12,1.040442081213266,2.6,1,24,1.3,0,0,0,0,0,0,0,0,0,0,0,0,0,0,0
2018,9.394287920127638,-0.09383665121861724,7,-7,1.044899351671579,3,1,14,1.5,0,0,0,0,0,0,0,0,0,0,0,0,0,0,0
2032,37.99896893867531,-3.271585344353205,25,-25,1.040894329869964,3,1,49,1.5,0,0,0,0,0,0,0,0,0,0,0,0,0,0,0
2040,31.47108348130072,0.193496264000918,20,-20,1.035465405182955,15,1,40,7.5,0,0,0,0,0,0,0,0,0,0,0,0,0,0,0
2044,13.47643867925399,-0.0742022077097307,10,-10,1.032410514823293,5,1,19,2.5,0,0,0,0,0,0,0,0,0,0,0,0,0,0,0
2051,26.752019254719,-0.04183668950199116,18,-18,1.038474482427663,2.1,1,36,1.05,0,0,0,0,0,0,0,0,0,0,0,0,0,0,0
2059,17.16466270354436,-0.7986921591715955,12,-12,1.036779317444195,3.6,1,24,1.8,0,0,0,0,0,0,0,0,0,0,0,0,0,0,0
2061,32.66962661043776,-7.17117631480699,25,-25,1.042509953289729,1.5,1,49,0.75,0,0,0,0,0,0,0,0,0,0,0,0,0,0,0
2063,13.98918044221126,0.03337832043990298,10,-10,1.03391563086433,1.4,1,20,0.7,0,0,0,0,0,0,0,0,0,0,0,0,0,0,0
2067,7.534387130742188,0.2778050447677589,12,-12,1.033497491264206,0.5,1,12,0.25,0,0,0,0,0,0,0,0,0,0,0,0,0,0,0
2072,21.58991929955965,-0.1095657417769053,15,-15,1.045580001253447,3,1,29,1.5,0,0,0,0,0,0,0,0,0,0,0,0,0,0,0
2083,100.1485801370661,15.77817748303651,70,-70,1.047674640738872,9,1,140,4.5,0,0,0,0,0,0,0,0,0,0,0,0,0,0,0
2101,22.35689643365817,7.599477975917575,32.4,-32.4,1.024135259186762,4,1,28,2,0,0,0,0,0,0,0,0,0,0,0,0,0,0,0
2123,11.41357385794683,0.1860600753726019,8,-8,1.022966200156288,2.7,1,16,1.35,0,0,0,0,0,0,0,0,0,0,0,0,0,0,0
2128,23.87508892176619,-1.485025469987339,17,-17,1.037928868830062,3,1,33,1.5,0,0,0,0,0,0,0,0,0,0,0,0,0,0,0
2136,13.76794084429044,-0.3162405912354105,10,-10,1.045273094619001,1.6,1,20,0.8,0,0,0,0,0,0,0,0,0,0,0,0,0,0,0
2145,32.05131842315978,-1.841539181503971,22,-22,1.042004018818518,1.9,1,43,0.95,0,0,0,0,0,0,0,0,0,0,0,0,0,0,0
2180,8.825173107652351,-0.438970495641792,7,-7,1.040101418807775,1.5,1,14,0.75,0,0,0,0,0,0,0,0,0,0,0,0,0,0,0
2181,10.56076136399957,-0.6284171069486776,9,-9,1.039653620679418,0.2,1,18,0.1,0,0,0,0,0,0,0,0,0,0,0,0,0,0,0
2206,11.96385456023959,-1.498502788376817,10,-10,1.043534821486679,1.2,1,20,0.6,0,0,0,0,0,0,0,0,0,0,0,0,0,0,0
2207,4.735832517856299,-0.04514374231943524,4,-4,1.038782490220464,0.3,1,8,0.15,0,0,0,0,0,0,0,0,0,0,0,0,0,0,0
2209,17.70530118711784,-0.8991519309097969,12,-12,1.04864199309665,4,1,24,2,0,0,0,0,0,0,0,0,0,0,0,0,0,0,0
2212,25.51151760047561,-1.037995669614841,17,-17,1.03494196282704,2.8,1,34,1.4,0,0,0,0,0,0,0,0,0,0,0,0,0,0,0
2231,9.269896145129621,-0.2638220864789458,7,-7,1.048058366779881,1.5,1,14,0.75,0,0,0,0,0,0,0,0,0,0,0,0,0,0,0
2232,37.24698333984126,-5.6744836665773,24,-24,1.030753180564651,0.3,1,48,0.15,0,0,0,0,0,0,0,0,0,0,0,0,0,0,0
2239,25.74729251706363,2.44211989609013,31.2,-31.2,1.020224293509211,13,1,36,6.5,0,0,0,0,0,0,0,0,0,0,0,0,0,0,0
2269,32.0726206115807,-2.111767858086022,22,-22,1.039226510377066,4,1,44,2,0,0,0,0,0,0,0,0,0,0,0,0,0,0,0
2277,30.50580391555103,-2.418434432029922,21,-21,1.040152288854438,2.4,1,41,1.2,0,0,0,0,0,0,0,0,0,0,0,0,0,0,0
2297,5.081953373635788,-0.1418511452234642,5,-5,1.027645618639323,1.5,1,9,0.75,0,0,0,0,0,0,0,0,0,0,0,0,0,0,0
2299,21.52017961842888,-0.3925345110335161,16,-16,1.041708413371322,0.3,1,32,0.15,0,0,0,0,0,0,0,0,0,0,0,0,0,0,0
2300,11.40879620506843,-0.9264913363455758,11,-11,1.0462476865996,0.3,1,22,0.15,0,0,0,0,0,0,0,0,0,0,0,0,0,0,0
2302,8.199721853240547,0.3339960215329673,9.6,-9.6,1.02943054350904,1,1,13,0.5,0,0,0,0,0,0,0,0,0,0,0,0,0,0,0
2304,11.77887233993286,-0.4278528167756582,9.6,-9.6,1.037111408037392,3,1,17,1.5,0,0,0,0,0,0,0,0,0,0,0,0,0,0,0
2308,43.57164525902823,-0.06733875854786568,27,-27,1.048416770163792,2,1,54,1,0,0,0,0,0,0,0,0,0,0,0,0,0,0,0
2312,39.43725302535005,-2.487088234304929,29,-29,1.048982063383923,3.5,1,57,1.75,0,0,0,0,0,0,0,0,0,0,0,0,0,0,0
2314,33.0847806213005,-0.00674051946279272,24,-24,1.04484548861073,3,1,48,1.5,0,0,0,0,0,0,0,0,0,0,0,0,0,0,0
2315,11.01291425726884,-0.3134768614685656,9,-9,1.038069731734085,1.6,1,17,0.8,0,0,0,0,0,0,0,0,0,0,0,0,0,0,0
2325,17.69961592475998,0.0911168482924106,13,-13,1.037178079611183,2.4,1,25,1.2,0,0,0,0,0,0,0,0,0,0,0,0,0,0,0
2332,23.26219049365118,0.200390691836376,17,-17,1.037501302137792,2.8,1,33,1.4,0,0,0,0,0,0,0,0,0,0,0,0,0,0,0
2337,9.811504773034983,-1.89764154297994,10,-10,1.041751929464217,0.2,1,20,0.1,0,0,0,0,0,0,0,0,0,0,0,0,0,0,0
2366,13.77175037697898,-0.118590704310129,10,-10,1.039109705555997,9.9,1,19,4.95,0,0,0,0,0,0,0,0,0,0,0,0,0,0,0
2372,14.43629637802547,-0.4757994594249838,11,-11,1.042673586934232,4.2,1,21,2.1,0,0,0,0,0,0,0,0,0,0,0,0,0,0,0
2376,9.336671397182908,-0.3444067051220717,8,-8,1.040484434879603,0.3,1,15,0.15,0,0,0,0,0,0,0,0,0,0,0,0,0,0,0
2386,13.01836125097609,-0.3871514836575403,10,-10,1.040132641597546,1,1,19,0.5,0,0,0,0,0,0,0,0,0,0,0,0,0,0,0
2445,13.64652558678369,-1.137218826581352,10,-10,1.036154569771649,0.5,1,20,0.25,0,0,0,0,0,0,0,0,0,0,0,0,0,0,0
2446,12.81339974018469,1.887783476362405,20.4,-20.4,1.030756119823414,3,1,18,1.5,0,0,0,0,0,0,0,0,0,0,0,0,0,0,0
2455,5.584576065712624,0.0361628113698006,5,-5,1.03677654038294,0.8,1,10,0.4,0,0,0,0,0,0,0,0,0,0,0,0,0,0,0
2461,37.14336438598455,-20.07904918421375,30,-30,1.057131833111831,0.2,1,48,0.05,0,0,0,0,0,0,0,0,0,0,0,0,0,0,0
2462,0,-0.04440367317129586,1.2,-1.2,1.057127096472386,0.2,1,0,0,0,0,0,0,0,0,0,0,0,0,0,5.957936998450041e-08,0,0,0
2467,12.63242940466287,-0.160994214853569,9,-9,1.03420112927335,0.4,1,17,0.15,0,0,0,0,0,0,0,0,0,0,0,0,0,0,0
2475,6.103825368350964,-1.469211086448711,6,-6,1.059877217350551,0.3,1,11,0.15,0,0,0,0,0,0,0,0,0,0,0,0,0,0,0
2480,17.14467881590297,0.8719895379213616,12,-12,1.031564175347616,4.6,1,23,2.25,0,0,0,0,0,0,0,0,0,0,0,0,0,0,0
2489,61.6479915772462,-10.90135110941247,35,-35,1.033956064357946,0.2,1,70,0.1,0,0,0,0,0,0,0,0,0,0,0,0,0,0,0
2490,15.73110932299352,-2.696222152088333,11,-11,1.0460810044272,0.3,1,21,0.15,0,0,0,0,0,0,0,0,0,0,0,0,0,0,0
2499,88.08107837966772,6.81321300820706,49,-49,1.033014850973393,27.5,1,97,13,0,0,0,0,0,0,0,0,0,0,0,0,0,0,0
2517,0,0.195680599565064,4.8,-4.8,1.027120040247994,1.2,1,0,0,0,0,0,0,0,0,0,0,0,0,0,1.109100826984839e-07,0,0,0
2522,36.81025337306344,1.525067578239557,23,-23,1.033379324809685,2.8,1,46,1.25,0,0,0,0,0,0,0,0,0,0,0,0,0,0,0
2534,43.84869514237171,-6.486921024002672,27,-27,1.044469350422852,10.6,1,54,5,0,0,0,0,0,0,0,0,0,0,0,0,0,0,0
2537,96.54351800305272,16.9784235360086,65,-65,1.03624231070794,39.8,1,129,15.5,0,0,0,0,0,0,0,0,0,0,0,0,0,0,0
2554,32.8140918947199,-18.05665438384077,28.8,-28.8,1.056798116582329,0.5,1,42,0.25,0,0,0,0,0,0,0,0,0,0,0,0,0,0,0
2555,0,-12.18961046395602,21.6,-21.6,1.055136821282675,0.5,1,0,0,0,0,0,0,0,0,0,0,0,0,0,7.387560918826913e-08,0,0,0
2562,122.5065920708949,18.33384029798152,69.59999999999999,-69.59999999999999,1.017179486149317,67.09999999999999,1,130,28,0,0,0,0,0,0,0,0,0,0,0,0,0,0,0
2566,21.1769838558835,-0.5835216906396813,14,-14,1.040542337593235,1.5,1,27,0.75,0,0,0,0,0,0,0,0,0,0,0,0,0,0,0
2570,14.96349191427886,-1.579943578744218,10,-10,1.03667187028816,0.1,1,20,0.05,0,0,0,0,0,0,0,0,0,0,0,0,0,0,0
2576,11.98724527831617,0.7005805526946374,8.4,-8.4,1.032184910728447,0.3,1,16,0.15,0,0,0,0,0,0,0,0,0,0,0,0,0,0,0
2582,22.23698750543625,-7.975327767598161,18,-18,1.066381686494427,0.4,1,35,0.2,0,0,0,0,0,0,0,0,0,0,0,0,0,0,0
2583,0,0.4949593627770315,8.4,-8.4,1.018436802898089,1.1,1,0,0,0,0,0,0,0,0,0,0,0,0,0,1.184767728427015e-07,0,0,0
2587,0,0.06401148369787066,2.4,-2.4,1.033717967964814,0.8,1,0,0,0,0,0,0,0,0,0,0,0,0,0,6.053036592032085e-08,0,0,0
2597,11.42764976182119,-10.16355589912945,20.4,-20.4,1.059270408782451,0.5,1,17,0.25,0,0,0,0,0,0,0,0,0,0,0,0,0,0,0
2603,7.244253970958364,0.1442927895801606,12,-12,1.038836963279646,0.2,1,11,0.1,0,0,0,0,0,0,0,0,0,0,0,0,0,0,0
2615,40.49189575001079,0.6961032900162887,24,-24,1.039484644178935,0.3,1,48,0.15,0,0,0,0,0,0,0,0,0,0,0,0,0,0,0
2616,20.20460181686987,0.2443580799074775,13,-13,1.037836777265109,12.8,1,25,5.5,0,0,0,0,0,0,0,0,0,0,0,0,0,0,0
2634,4.48683967682632,-0.01962491533667478,4,-4,1.033424530545064,0.1,1,7,0.05,0,0,0,0,0,0,0,0,0,0,0,0,0,0,0
2641,50.3923135632932,-2.962953307488275,32,-32,1.034809121377878,13.3,1,63,6.65,0,0,0,0,0,0,0,0,0,0,0,0,0,0,0
2652,47.1544742285739,-1.437694133368961,30,-30,1.03524889361752,1.2,1,59,0.6,0,0,0,0,0,0,0,0,0,0,0,0,0,0,0
2657,0,0.3584446750757478,1.9,-1.2,1.031477152184946,1.9,1,0,0,0,0,0,0,0,0,0,0,0,0,0,1.167137914262699e-07,0,0,0
2662,8.727692382240916,-5.019721052159673,13.2,-13.2,1.056348212552719,0.6,1,13,0.3,0,0,0,0,0,0,0,0,0,0,0,0,0,0,0
2666,34.95722796742452,-1.625246729703244,23,-23,1.039505080266919,0.1,1,45,0.05,0,0,0,0,0,0,0,0,0,0,0,0,0,0,0
2671,26.19556022759,-10.51073398360539,21.6,-21.6,1.056324116244744,0.1,1,34,0.05,0,0,0,0,0,0,0,0,0,0,0,0,0,0,0
2676,33.55640965181271,-1.546506281287378,22,-22,1.037466036218287,3.7,1,43,1.85,0,0,0,0,0,0,0,0,0,0,0,0,0,0,0
2684,92.46452191996151,-7.99309719042597,52,-52,1.035278346571767,46,1,103,23,0,0,0,0,0,0,0,0,0,0,0,0,0,0,0
2688,61.90642218089997,3.614657631760908,36,-36,1.03160350418373,17.9,1,71,7.85,0,0,0,0,0,0,0,0,0,0,0,0,0,0,0
2693,48.29859842549831,3.793602679221261,29,-29,1.03292035236423,4.6,1,57,2.25,0,0,0,0,0,0,0,0,0,0,0,0,0,0,0
2704,41.08681233864276,-5.803213215064933,24,-24,1.037505341364372,0.1,1,48,0.05,0,0,0,0,0,0,0,0,0,0,0,0,0,0,0
2706,44.66408276077821,23.14212197941053,72,-72,1.032433700859809,27.5,1,51,11.5,0,0,0,0,0,0,0,0,0,0,0,0,0,0,0
2725,25.67902581806065,1.444385255255767,19,-19,1.036099889393603,4,1,38,1.4,0,0,0,0,0,0,0,0,0,0,0,0,0,0,0
1166,21.95669512721331,1.151246949311735,18,-18,1.040987696817215,1.1,1,35,0.5545,0,0,0,0,0,0,0,0,0,0,0,0,0,0,0
1648,6.827976968788746,0.406963415792488,5,-5,1.035761745138907,0.9,1,10,0.2155,0,0,0,0,0,0,0,0,0,0,0,0,0,0,0
2326,25.48394974854659,-0.3318672035298741,18,-18,1.039836854197606,2.2,1,35,1.0565,0,0,0,0,0,0,0,0,0,0,0,0,0,0,0
2367,20.26532156899447,-0.2929790005132711,15,-15,1.039482981988755,1.4,1,29,0.6895,0,0,0,0,0,0,0,0,0,0,0,0,0,0,0
2370,14.22536459067375,-0.6039886722528847,11,-11,1.041730351439011,6,1,21,2.9,0,0,0,0,0,0,0,0,0,0,0,0,0,0,0
2076,31.38672370459655,0.1137996548634755,20,-20,1.035892803034376,0.2,1,40,0.1,0,0,0,0,0,0,0,0,0,0,0,0,0,0,0
2282,51.067308227388,-13.28654335945138,39,-39,1.036252617460234,10,1,77,5,0,0,0,0,0,0,0,0,0,0,0,0,0,0,0
2285,26.98196623116047,-1.768551085953335,19,-19,1.04367324513911,5,1,37,2.5,0,0,0,0,0,0,0,0,0,0,0,0,0,0,0
2493,0,0.005812360124329705,6,-6,1.014298816023756,1,1,0,0,0,0,0,0,0,0,0,0,0,0,0,1.717177688644557e-07,0,0,0
2496,6.919999448196165,-5.933689675631916,13.2,-13.2,1.055223121430622,1,1,11,0.5,0,0,0,0,0,0,0,0,0,0,0,0,0,0,0
382,15.35803233217814,0.1748777388498695,11,-11,1.038959579639919,9.4,1,21,0.042,0,0,0,0,0,0,0,0,0,0,0,0,0,0,0
383,26.44267046939069,-0.1352706383374433,17,-17,1.048606781701149,12.1,1,33,3.006,0,0,0,0,0,0,0,0,0,0,0,0,0,0,0
1012,31.53623400116737,2.875093631128129,21,-21,1.039204574440258,2.4,1,42,1.1385,0,0,0,0,0,0,0,0,0,0,0,0,0,0,0
1970,30.80172852854404,-2.664090655219371,23,-23,1.042285987759922,6.7,1,45,2.794,0,0,0,0,0,0,0,0,0,0,0,0,0,0,0
2019,12.71767922392522,-0.7000105239090318,12,-12,1.044084109840471,7.2,1,23,2.8095,0,0,0,0,0,0,0,0,0,0,0,0,0,0,0
2095,25.35886085386538,0.5318271552094939,18,-18,1.03339164581475,4.9,1,35,0.8225,0,0,0,0,0,0,0,0,0,0,0,0,0,0,0
2096,13.05057139680975,-0.736957699990378,16.8,-16.8,1.045267729257665,2.4,1,20,0.8535,0,0,0,0,0,0,0,0,0,0,0,0,0,0,0
2257,17.04060211395586,-0.5758765847867384,18,-18,1.033471839215856,1.3,1,35,0.6455,0,0,0,0,0,0,0,0,0,0,0,0,0,0,0
2438,37.23991572551905,-3.670562795663218,33,-33,1.049740173136696,19.4,1,65,9.672000000000001,0,0,0,0,0,0,0,0,0,0,0,0,0,0,0
2732,0,17.98315465099235,102,-102,0.9853076317172371,0,1,0,0,0,0,0,0,0,0,0,0,0,0,0,6.899699297671376e-08,0,0,0
2733,0,55.49780913767173,216,-216,0.9873820151837872,0,1,0,0,0,0,0,0,0,0,0,0,0,0,0,7.328384020660404e-08,0,0,0
2734,85.26190684635016,-12.58221592072967,90,-90,1.051677657249365,69,1,94,34.479,0,0,0,0,0,0,0,0,0,0,0,0,0,0,0
2735,129.4717345316332,-32.05152676379198,74,-126.98,0.9982188305767639,69.5,1,147,34.728,0,0,0,0,0,0,0,0,0,0,0,0,0,0,0
2736,241.0127533252657,-13.95938511578518,195,-195,1.047700478731612,173.3,1,390,62.5,0,0,0,0,0,0,0,0,0,0,0,0,0,0,0
2737,13.73627012005357,-19.39961436102737,61.2,-61.2,1.066846158487897,7.7,1,20,3.8345,0,0,0,0,0,0,0,0,0,0,0,0,0,0,0
2738,0,64.65530079267674,140.4,-140.4,0.9968744652234491,0,1,0,0,0,0,0,0,0,0,0,0,0,0,0,9.800582080173685e-08,0,0,0
2739,284.2221099676308,-116.4668982422152,180,-180,0.9909838418195303,200,1,302,100,0,0,0,0,0,0,0,0,0,0,0,0,0,0,0
2740,77.64861953958457,-13.71656333451016,49,-49,1.048497431816309,80,1,97,40,0,0,0,0,0,0,0,0,0,0,0,0,0,0,0
