17,0,0,120,-22,1.03,241.9,0,210,140,0,0,0,0,0,0,0,0,0,0,0,0,0,0,0
17,0,0,120,-22,1.03,233.2,0,200,140,0,0,0,0,0,0,0,0,0,0,0,0,0,0,0
26,369.9999999807396,2.33868556564187,190,-19,1.108221510177513,415.9,1,370,290,0,0,0,0,0,0,0,0,0,0,0,13.20738320518229,0,0,0
27,359.999999981507,-18.99999587224666,190,-19,1.107409195576439,407.1,1,360,290,0,0,0,0,0,0,0,0,0,0,0,13.75560439916459,0,0,0.06592116906994994
27,0,0,190,-19,1.03,407.1,0,360,290,0,0,0,0,0,0,0,0,0,0,0,0,0,0,0
27,0,0,190,-19,1.03,415.9,0,370,290,0,0,0,0,0,0,0,0,0,0,0,0,0,0,0
26,369.9999999807396,2.338685565641876,190,-19,1.108221510177513,415.9,1,370,290,0,0,0,0,0,0,0,0,0,0,0,13.20738320518229,0,0,0
28,369.9999999819847,-18.99999687281912,190,-19,1.044955316417879,415.9,1,370,290,0,0,0,0,0,0,0,0,0,0,0,14.12029591240223,0,0,0.08558725533645398
28,0,0,190,-19,1,415.9,0,370,290,0,0,0,0,0,0,0,0,0,0,0,0,0,0,0
28,0,0,190,-19,1,415.9,0,370,290,0,0,0,0,0,0,0,0,0,0,0,0,0,0,0
29,0,0,190,-19,1,415.9,0,370,290,0,0,0,0,0,0,0,0,0,0,0,0,0,0,0
29,369.999999981981,-18.99999686898379,190,-19,1.044946479384127,415.9,1,370,290,0,0,0,0,0,0,0,0,0,0,0,14.11748219612979,0,0,0.08555328436887223
29,369.999999981981,-18.99999686898379,190,-19,1.044946479384127,415.9,1,370,290,0,0,0,0,0,0,0,0,0,0,0,14.11748219612979,0,0,0.08555328436887223
42,130.000000024697,-33.99999978926443,135,-34,1.084364182701651,253.9,1,215,130,0,0,0,0,0,0,0,0,0,0,0,0,10.29930389935985,0,1.201506461625155
42,0,0,130,-34,1.03,242.7,0,205,135,0,0,0,0,0,0,0,0,0,0,0,0,0,0,0
42,0,0,145,-34,1.03,267.7,0,225,110,0,0,0,0,0,0,0,0,0,0,0,0,0,0,0
43,0,0,145,-34,1.03,267.7,0,225,120,0,0,0,0,0,0,0,0,0,0,0,0,0,0,0
43,130.0000000246903,-33.99999978984651,145,-34,1.084394471303289,267.7,1,225,130,0,0,0,0,0,0,0,0,0,0,0,0,10.30209976814298,0,1.204876903927591
43,0,0,130,-34,1.03,242.7,0,205,135,0,0,0,0,0,0,0,0,0,0,0,0,0,0,0
44,255.0000000253217,-46.99999978268989,363,-47,1.049507427805591,646.5,1,535,255,0,0,0,0,0,0,0,0,0,0,0,0,10.04528823298151,0,1.166281316571876
44,0,0,348,-100,1,659.3,0,560,250,0,0,0,0,0,0,0,0,0,0,0,0,0,0,0
54,0,0,104,-1,1.03,247.9,0,225,129,0,0,0,0,0,0,0,0,0,0,0,0,0,0,0
55,129.0000000188213,-15.9999998157895,130,-16,1.097702903032016,259.9,1,225,129,0,0,0,0,0,0,0,0,0,0,0,0,13.51475626944872,0,1.373855948323782
54,0,0,130,-16,1.03,259.9,0,225,129,0,0,0,0,0,0,0,0,0,0,0,0,0,0,0
56,129.0000000191584,-15.99999977112002,130,-16,1.045911863726061,259.9,1,225,129,0,0,0,0,0,0,0,0,0,0,0,0,13.27707054792776,0,1.106750177068789
57,129.0000000191605,-15.99999977107636,130,-16,1.045895317328224,259.9,1,225,129,0,0,0,0,0,0,0,0,0,0,0,0,13.27564860528417,0,1.10655112885326
57,0,0,104,-1,1,247.9,0,225,129,0,0,0,0,0,0,0,0,0,0,0,0,0,0,0
57,0,0,130,-16,1,259.9,0,225,129,0,0,0,0,0,0,0,0,0,0,0,0,0,0,0
58,39.7,1.28539724251113e-07,30,0,1.090197939325102,57.7,1,39.7,39.7,0,0,0,0,0,0,0,0,0,0,0,91.66364250110526,0,0,1.970476194117879
78,140.0000000772586,13.41281823822515,123,-15,1.087774822467563,256.4,1,225,140,0,0,0,0,0,0,0,0,0,0,0,0,3.292703267547582,0,0
78,140.0000000772586,13.41281823822515,123,-15,1.087774822467563,256.4,1,225,140,0,0,0,0,0,0,0,0,0,0,0,0,3.292703267547582,0,0
79,0,0,123,-15,1.03,252,0,220,140,0,0,0,0,0,0,0,0,0,0,0,0,0,0,0
79,0,0,123,-15,1.03,256.4,0,225,140,0,0,0,0,0,0,0,0,0,0,0,0,0,0,0
79,140.0000000849303,-14.99999419139731,123,-15,1.088277273778019,256.4,1,225,140,0,0,0,0,0,0,0,0,0,0,0,0,2.995261030886244,0,0.04358586804992522
82,379.9999996635721,-30.99999852975194,232,-31,1.038763801214617,445.2,1,380,220,0,0,0,0,0,0,0,0,0,0,0,0.7559174081547593,0,0,0.17588359192699
82,0,0,228,-30,1,434.6,0,370,220,0,0,0,0,0,0,0,0,0,0,0,0,0,0,0
98,8.997999999999999,1.81702121831328e-06,1,0,1.091102195607904,12,1,8.997999999999999,8.997999999999999,0,0,0,0,0,0,0,0,0,0,0,92.1556077205195,0,0,0.1397966576177884
98,5.998,1.81702121831328e-06,1,0,1.091102195607904,6.1,1,5.998,5.998,0,0,0,0,0,0,0,0,0,0,0,92.1556077205195,0,0,0.1397966576177884
104,134.0000003921161,78.14034761957471,123,-15,1.092282946826248,256.4,1,225,134,0,0,0,0,0,0,0,0,0,0,0,0,0.6491246065943806,0,0
105,0,0,123,-15,1.03,256.4,0,225,134,0,0,0,0,0,0,0,0,0,0,0,0,0,0,0
106,79.00000011088039,2.976495255939016,80,-2,1.090074380347698,144.2,1,120,79,0,0,0,0,0,0,0,0,0,0,0,0,2.29445977622886,0,0
107,0,0,80,-2,1.03,144.2,0,120,79,0,0,0,0,0,0,0,0,0,0,0,0,0,0,0
116,0,0,90,-20,1.03,150,0,120,90,0,0,0,0,0,0,0,0,0,0,0,0,0,0,0
117,70.00000005144037,-1.999997145347177,82,-2,1.089129831486868,145.3,1,120,70,0,0,0,0,0,0,0,0,0,0,0,0,4.945227081488659,0,0.08854525445275047
118,0,0,40,0,1.03,117,0,110,80,0,0,0,0,0,0,0,0,0,0,0,0,0,0,0
125,0,0,135,-35,1.03,253.9,0,215,160,0,0,0,0,0,0,0,0,0,0,0,0,0,0,0
126,0,0,140,-35,1.03,265,0,225,140,0,0,0,0,0,0,0,0,0,0,0,0,0,0,0
126,214.9999993498199,-34.99999501393894,135,-35,1.097737410370962,253.9,1,215,160,0,0,0,0,0,0,0,0,0,0,0,0.3907554734043579,0,0,0.05170242730660065
127,224.9999981884714,-39.99999774714806,140,-40,1.031452046435849,265,1,225,140,0,0,0,0,0,0,0,0,0,0,0,0.1402186358042427,0,0,0.1139382348495112
127,0,0,137,-40,1,259.2,0,220,160,0,0,0,0,0,0,0,0,0,0,0,0,0,0,0
132,0,16.85953349375876,40,-38,1.080535541898429,131.2,1,0,0,0,0,0,0,0,0,0,0,0,0,0,94.35735012804982,0,0,0
132,0,0,40,-38,1.03,131.2,0,0,0,0,0,0,0,0,0,0,0,0,0,0,0,0,0,0
133,0,0,40,-38,1.03,131.2,0,0,0,0,0,0,0,0,0,0,0,0,0,0,0,0,0,0
133,0,13.93456700927661,40,-38,1.080534376432003,131.2,1,0,0,0,0,0,0,0,0,0,0,0,0,0,94.35917194525611,0,0,0
134,0,0,90,0,1.03,150,0,120,100,0,0,0,0,0,0,0,0,0,0,0,0,0,0,0
134,0,0,90,0,1.03,150,0,120,100,0,0,0,0,0,0,0,0,0,0,0,0,0,0,0
135,100.000000241443,27.07599498233494,90,0,1.101029880648644,150,1,120,100,0,0,0,0,0,0,0,0,0,0,0,0,1.055126115545583,0,0
146,0,0,12,0,1.03,51.4,0,50,30,0,0,0,0,0,0,0,0,0,0,0,0,0,0,0
146,0,0,12,0,1.03,51.4,0,50,30,0,0,0,0,0,0,0,0,0,0,0,0,0,0,0
147,0,0,90,0,1.03,150,0,120,90,0,0,0,0,0,0,0,0,0,0,0,0,0,0,0
148,0,0,149,-48,1.03,267.4,0,222,90,0,0,0,0,0,0,0,0,0,0,0,0,0,0,0
148,0,0,149,-48,1.03,253.4,0,205,135,0,0,0,0,0,0,0,0,0,0,0,0,0,0,0
148,0,0,149,-48,1.03,253.4,0,205,135,0,0,0,0,0,0,0,0,0,0,0,0,0,0,0
148,90.00000001147654,-47.99996550625238,149,-48,1.096403928031308,267.4,1,222,90,0,0,0,0,0,0,0,0,0,0,0,0,22.1655174804522,0,0.007290461048693737
150,90.00000001183211,31.30061830777449,123,-23,1.033651027501681,253.8,1,222,90,0,0,0,0,0,0,0,0,0,0,0,0,21.4995564669151,0,0
151,90.00000001183164,-47.99914775623638,149,-48,1.033642149666395,267.4,1,222,90,0,0,0,0,0,0,0,0,0,0,0,0,21.50041361438134,0,0
151,0,0,123,-23,1,253.8,0,222,90,0,0,0,0,0,0,0,0,0,0,0,0,0,0,0
155,94.00000002936738,-52.99999430873393,149,-53,1.105475863407118,278.3,1,235,94,0,0,0,0,0,0,0,0,0,0,0,0,8.662492828018484,0,0.04461749101692311
155,0,0,149,-53,1.03,278.3,0,235,94,0,0,0,0,0,0,0,0,0,0,0,0,0,0,0
155,0,0,120,0,1.03,287.3,0,261,104,0,0,0,0,0,0,0,0,0,0,0,0,0,0,0
155,0,0,132,-40,1.03,292.5,0,261,104,0,0,0,0,0,0,0,0,0,0,0,0,0,0,0
156,0,0,120,0,1.03,287.3,0,261,104,0,0,0,0,0,0,0,0,0,0,0,0,0,0,0
156,130.0000000293648,-21.99999438297548,117,-22,1.105489418556767,236,1,205,130,0,0,0,0,0,0,0,0,0,0,0,0,8.66326964876227,0,0.04519440935161104
156,120.0000000293648,-19.99999438290375,109,-20,1.105489418556767,233.1,1,206,120,0,0,0,0,0,0,0,0,0,0,0,0,8.663269648328445,0,0.04519440949346902
156,0,0,109,-20,1.03,233.1,0,206,120,0,0,0,0,0,0,0,0,0,0,0,0,0,0,0
158,120.0000000296509,-19.99992108142571,109,-20,1.020894190000366,233.1,1,206,120,0,0,0,0,0,0,0,0,0,0,0,0,8.579645488738734,0,0.003268966102496342
164,0,0,104,-23,1.03,225.4,0,200,150,0,0,0,0,0,0,0,0,0,0,0,0,0,0,0
164,199.9999999122804,70.11461118452287,104,-23,1.100544703118276,225.4,1,200,150,0,0,0,0,0,0,0,0,0,0,0,2.898591923399221,0,0,0
165,199.9999999125006,69.1769334321411,104,-23,1.100561408185612,225.4,1,200,150,0,0,0,0,0,0,0,0,0,0,0,2.90588566814757,0,0,0
165,0,0,104,-23,1.03,225.4,0,200,150,0,0,0,0,0,0,0,0,0,0,0,0,0,0,0
180,120,1.743043091807084e-07,110,0,1.109999999920871,219.5,1,120,120,0,0,0,0,0,0,0,0,0,0,0,91.88496794196503,0,0,1.457221740784117
205,0,11.46668642799498,80,-30.001,1.031911832103366,196.1,1,0,0,0,0,0,0,0,0,0,0,0,0,0,98.18082616383488,0,0,0
205,0,11.46668642799498,80,-30.001,1.031911832103366,196.1,1,0,0,0,0,0,0,0,0,0,0,0,0,0,98.18082616383488,0,0,0
205,0,0,110,-60,1,210.1,0,0,0,0,0,0,0,0,0,0,0,0,0,0,0,0,0,0
206,0,0,110,-60,1,210.1,0,0,0,0,0,0,0,0,0,0,0,0,0,0,0,0,0,0
215,23,2.623453680436222e-07,20,0,1.080421804178238,58.5,1,23,23,0,0,0,0,0,0,0,0,0,0,0,93.60042673219185,0,0,0.9728200526691703
215,0,0,20,0,1.035,53.9,0,0,0,0,0,0,0,0,0,0,0,0,0,0,0,0,0,0
215,0,0,20,0,1.035,53.9,0,0,0,0,0,0,0,0,0,0,0,0,0,0,0,0,0,0
215,7.000000000000001,2.623453680436222e-07,20,0,1.080421804178238,30.5,1,7,7,0,0,0,0,0,0,0,0,0,0,0,93.60042673219185,0,0,0.9728200526691703
221,1.55,1.100200394355716e-06,1,0,1.110645899596514,2.3,1,1.55,1.55,0,0,0,0,0,0,0,0,0,0,0,91.79466281872402,0,0,0.2333780915279017
222,1.55,0.2625884759880711,1,0,1.099430199409942,2.3,1,1.55,1.55,0,0,0,0,0,0,0,0,0,0,0,91.97159361890304,0,0,0
240,6.3,4.19253756629749,6,0,1.05868010642197,9.800000000000001,1,6.3,6.3,0,0,0,0,0,0,0,0,0,0,0,95.26827645677538,0,0,0
247,369.9999999812274,-18.18512158748513,190,-19,1.046102443016105,415.9,1,370,290,0,0,0,0,0,0,0,0,0,0,0,13.55188681880103,0,0,0
310,0,0,7,0,1.035,27.9,0,0,0,0,0,0,0,0,0,0,0,0,0,0,0,0,0,0
310,0,0,7,0,1.035,27.9,0,0,0,0,0,0,0,0,0,0,0,0,0,0,0,0,0,0
310,11,6.999995428961834,7,4,1.106259618471884,30.8,1,11,11,0,0,0,0,0,0,0,0,0,0,0,90.95846471831744,0,0.05413683117868306,0
310,0,0,7,0,1.035,27.9,0,0,0,0,0,0,0,0,0,0,0,0,0,0,0,0,0,0
310,0,0,6,0,1.035,27.7,0,0,0,0,0,0,0,0,0,0,0,0,0,0,0,0,0,0
310,0,0,7,0,1.035,27.9,0,0,0,0,0,0,0,0,0,0,0,0,0,0,0,0,0,0
310,0,0,7,0,1.035,27.9,0,0,0,0,0,0,0,0,0,0,0,0,0,0,0,0,0,0
311,0,0,15,0,1.035,36.7,0,0,0,0,0,0,0,0,0,0,0,0,0,0,0,0,0,0
311,0,0,15,0,1.035,57,0,0,0,0,0,0,0,0,0,0,0,0,0,0,0,0,0,0
312,16,11.59018262402323,15,0,1.104203313999788,36.7,1,16,16,0,0,0,0,0,0,0,0,0,0,0,91.47643110159255,0,0,0
312,0,0,15,0,1.035,57,0,0,0,0,0,0,0,0,0,0,0,0,0,0,0,0,0,0
314,25,5.912090425903853,20,0,1.110431395114813,53.9,1,25,25,0,0,0,0,0,0,0,0,0,0,0,90.65522996638494,0,0,0
314,0,0,20,0,1.035,53.9,0,0,0,0,0,0,0,0,0,0,0,0,0,0,0,0,0,0
315,0,0,40,0,1.035,107.7,0,0,0,0,0,0,0,0,0,0,0,0,0,0,0,0,0,0
323,2.5,2.999972342707593,3,0,1.109830571695755,4.1,1,2.5,2.5,0,0,0,0,0,0,0,0,0,0,0,90.72396797768201,0,0.009207123176747075,0
366,40,6.084628834378989,12,0,1.072843931991236,47.8,1,40,40,0,0,0,0,0,0,0,0,0,0,0,93.84441431244919,0,0,0
367,40,5.468513345998984,12,0,1.068502519398967,47.8,1,40,40,0,0,0,0,0,0,0,0,0,0,0,93.48570839038538,0,0,0
368,40,4.525126122235919,12,0,1.07583518704277,47.8,1,40,40,0,0,0,0,0,0,0,0,0,0,0,93.65817827763227,0,0,0
369,40,1.697924214995573e-05,12,0,1.072285086098553,47.8,1,40,40,0,0,0,0,0,0,0,0,0,0,0,93.36364401711631,0,0,0.01502096218326528
386,140.0000000135599,-45.42893859861557,138,-47,1.068384686389262,251.3,1,210,140,0,0,0,0,0,0,0,0,0,0,0,0,18.76075209758869,0,0
386,0,0,10,0,1.035,26.9,0,25,12,0,0,0,0,0,0,0,0,0,0,0,0,0,0,0
387,10.00000001462155,1.682710088048147e-06,10,0,1.065704215523091,19.7,1,17,10,0,0,0,0,0,0,0,0,0,0,0,0,17.39837148181569,0,0.1529835231590027
444,1.5,1.547397970046626,2,0,1.05630919916411,3.6,1,1.5,1.5,0,0,0,0,0,0,0,0,0,0,0,90.27795658027935,0,0,0
453,5.21,6.483023876930375e-07,2,0,1.068989849022931,6.1,1,5.21,5.21,0,0,0,0,0,0,0,0,0,0,0,92.40644154911634,0,0,0.3889711889322265
453,0,0,2,0,1.035,6.1,0,0,0,0,0,0,0,0,0,0,0,0,0,0,0,0,0,0
486,1.4,0.699977728933981,0.7,0,1.049339882828255,1.7,1,1.4,1.4,0,0,0,0,0,0,0,0,0,0,0,91.17195599640145,0,0.01561734897221313,0
537,25,2.511409362599649e-06,14,0,1.063238403384771,53.9,1,25,25,0,0,0,0,0,0,0,0,0,0,0,93.97190905174561,0,0,0.1009800583320523
537,0,0,14,0,1.035,34.9,0,0,0,0,0,0,0,0,0,0,0,0,0,0,0,0,0,0
537,0,0,14,0,1.035,34,0,0,0,0,0,0,0,0,0,0,0,0,0,0,0,0,0,0
537,0,0,14,0,1.035,105.9,0,0,0,0,0,0,0,0,0,0,0,0,0,0,0,0,0,0
537,0,0,14,0,1.035,105.9,0,0,0,0,0,0,0,0,0,0,0,0,0,0,0,0,0,0
538,20,3.215208863852539e-06,17.5,0,1.062027136679689,36.5,1,20,20,0,0,0,0,0,0,0,0,0,0,0,93.84455408851969,0,0,0.07877586603545944
538,20,3.215208863852539e-06,17.5,0,1.062027136679689,35.6,1,20,20,0,0,0,0,0,0,0,0,0,0,0,93.84455408851969,0,0,0.07877586603545944
538,0,0,17.5,0,1.035,126.2,0,0,0,0,0,0,0,0,0,0,0,0,0,0,0,0,0,0
538,0,0,17.5,0,1.035,106.4,0,0,0,0,0,0,0,0,0,0,0,0,0,0,0,0,0,0
552,1.4,0.6999816334587389,0.7,0,1.058263913978878,1.7,1,1.4,1.4,0,0,0,0,0,0,0,0,0,0,0,94.52100355725294,0,0.01451008830940119,0
560,22.5,2.571312709464014,10,0,1.059567925489337,35.4,1,22.5,22.5,0,0,0,0,0,0,0,0,0,0,0,94.3486390474785,0,0,0
560,0,0,5,0,1.035,28.4,0,0,0,0,0,0,0,0,0,0,0,0,0,0,0,0,0,0
560,0,0,5,0,1.035,26.5,0,0,0,0,0,0,0,0,0,0,0,0,0,0,0,0,0,0
560,0,0,5,0,1.035,30.4,0,0,0,0,0,0,0,0,0,0,0,0,0,0,0,0,0,0
560,0,0,5,0,1.035,34.4,0,0,0,0,0,0,0,0,0,0,0,0,0,0,0,0,0,0
561,22.5,3.398672891338172e-06,10,0,1.060152391173464,35.4,1,22.5,22.5,0,0,0,0,0,0,0,0,0,0,0,94.20266782277302,0,0,0.07428845369576539
561,0,0,5,0,1.035,34.4,0,0,0,0,0,0,0,0,0,0,0,0,0,0,0,0,0,0
561,0,0,5,0,1.035,26.5,0,0,0,0,0,0,0,0,0,0,0,0,0,0,0,0,0,0
561,0,0,5,0,1.035,34.4,0,0,0,0,0,0,0,0,0,0,0,0,0,0,0,0,0,0
574,1,1.220777161849824,4,0,1.104460463243043,8.9,1,1,1,0,0,0,0,0,0,0,0,0,0,0,91.5015828535934,0,0,0
627,76,1.608384483212418e-07,30,0,1.094928200881742,97.7,1,76,76,0,0,0,0,0,0,0,0,0,0,0,88.42889707651049,0,0,1.570083718319176
627,30,1.608384483212418e-07,30,0,1.094928200881742,46.8,1,30,30,0,0,0,0,0,0,0,0,0,0,0,88.42889707651049,0,0,1.570083718319176
665,130.0000000229646,-33.99999952823012,145,-34,1.068571393965242,267.7,1,225,130,0,0,0,0,0,0,0,0,0,0,0,0,11.07622011173359,0,0.5375156643628664
666,0,0,145,-34,1.035,267.7,0,225,130,0,0,0,0,0,0,0,0,0,0,0,0,0,0,0
686,140,9.057353780718853e-08,30,0,1.088095224661247,182.5,1,140,140,0,0,0,0,0,0,0,0,0,0,0,90.05914160615987,0,0,2.791813530451958
686,47,9.057353780718853e-08,30,0,1.088095224661247,77.5,1,47,47,0,0,0,0,0,0,0,0,0,0,0,90.05914160615987,0,0,2.791813530451958
692,1.98,9.257148909232557e-08,1,0,1.08752209184206,2.7,1,1.98,1.98,0,0,0,0,0,0,0,0,0,0,0,90.76688953756918,0,0,2.728029308227168
717,1.32,1.622119494011222e-07,1.3,0,1.086352187415296,10.1,1,1.32,1.32,0,0,0,0,0,0,0,0,0,0,0,91.74347893060867,0,0,1.556248772381723
741,129.0000000176533,-15.99999984283495,130,-16,1.095724617648222,259.9,1,225,129,0,0,0,0,0,0,0,0,0,0,0,0,14.40900827761119,0,1.61121097612572
764,82,2.32545880703303e-07,30,0,1.076241146501477,105.4,1,82,82,0,0,0,0,0,0,0,0,0,0,0,91.36377183240316,0,0,1.087047800454038
793,1,2.375030935176621e-07,0.5,0,1.053581671158108,8.300000000000001,1,1,1,0,0,0,0,0,0,0,0,0,0,0,93.87660602626676,0,0,1.065017432348756
797,0,0,23,0,1.035,71.90000000000001,0,0,0,0,0,0,0,0,0,0,0,0,0,0,0,0,0,0
797,0,0,23,0,1.035,71.90000000000001,0,0,0,0,0,0,0,0,0,0,0,0,0,0,0,0,0,0
797,0,0,11,0,1.035,32.9,0,0,0,0,0,0,0,0,0,0,0,0,0,0,0,0,0,0
797,0,0,10,0,1.035,32.6,0,0,0,0,0,0,0,0,0,0,0,0,0,0,0,0,0,0
808,0,0,10,0,1.035,125.4,0,125,84,0,0,0,0,0,0,0,0,0,0,0,0,0,0,0
809,92.00000001121666,1.468943508331699e-07,10,0,1.092982847060475,125.4,1,125,92,0,0,0,0,0,0,0,0,0,0,0,0,22.67720300231515,0,1.718730094680704
846,14.996,3.302223979470122e-07,8.1,0,1.080124831440921,33,1,14.996,14.996,0,0,0,0,0,0,0,0,0,0,0,92.44570308217709,0,0,0.7643051672044049
846,14.996,3.302223979470122e-07,8.1,0,1.080124831440921,33,1,14.996,14.996,0,0,0,0,0,0,0,0,0,0,0,92.44570308217709,0,0,0.7643051672044049
846,0,0,0,0,1.035,19,0,0,0,0,0,0,0,0,0,0,0,0,0,0,0,0,0,0
846,0,0,0,0,1.035,19,0,0,0,0,0,0,0,0,0,0,0,0,0,0,0,0,0,0
878,34.99,5.331830985459712,41.2,0,1.106253088131997,87.7,1,34.99,34.99,0,0,0,0,0,0,0,0,0,0,0,91.45458398643785,0,0,0
901,0,0,45,-10,1.035,65.8,0,0,0,0,0,0,0,0,0,0,0,0,0,0,0,0,0,0
901,44.988,-8.163958959904123,45,-10,1.099831562633041,71.09999999999999,1,44.988,44.988,0,0,0,0,0,0,0,0,0,0,0,91.26230193918553,0,0,0
901,0,0,45,-10,1.035,71.09999999999999,0,0,0,0,0,0,0,0,0,0,0,0,0,0,0,0,0,0
976,0,0,110,-40,1.035,162.2,0,0,0,0,0,0,0,0,0,0,0,0,0,0,0,0,0,0
977,99.973,8.077690403279435,110,-40,1.114027865647888,162.2,1,99.973,99.973,0,0,0,0,0,0,0,0,0,0,0,91.30642139390162,0,0,0
981,0,0,0,0,1.035,16.8,0,0,0,0,0,0,0,0,0,0,0,0,0,0,0,0,0,0
1002,225.5585418816062,-31.99999733112667,240,-32,1.109588966931061,454.5,1,386,220,0,0,0,0,0,0,0,0,0,0,0,0,0,0,0.09800195873908642
1003,0,0,227,-30,1.035,434.1,0,370,220,0,0,0,0,0,0,0,0,0,0,0,0,0,0,0
1007,5.998,1.446996149969052,1.447,0,1.113709373641622,7.1,1,5.998,5.998,0,0,0,0,0,0,0,0,0,0,0,91.54578062011068,0,0.0656902627841425,0
1006,3.999,0.4469961563046397,0.447,0,1.113721870984817,4,1,3.999,3.999,0,0,0,0,0,0,0,0,0,0,0,91.54484117072339,0,0.06598044109655231,0
1007,3.999,0.4469961390115403,0.447,0,1.113709373641622,5,1,3.999,3.999,0,0,0,0,0,0,0,0,0,0,0,91.54578062011068,0,0.06569065524330819,0
1007,0,0,0,0,1.035,6,0,0,0,0,0,0,0,0,0,0,0,0,0,0,0,0,0,0
1008,0,0,110,-40,1.035,174.1,0,0,0,0,0,0,0,0,0,0,0,0,0,0,0,0,0,0
1014,14.996,1.008909237716804e-05,4.8,0,1.101821552384839,20.6,1,14.996,14.996,0,0,0,0,0,0,0,0,0,0,0,92.37626882099784,0,0,0.02542796977792815
1014,0,0,0,0,1.035,12.8,0,0,0,0,0,0,0,0,0,0,0,0,0,0,0,0,0,0
1014,0,0,0,0,1.035,12.5,0,0,0,0,0,0,0,0,0,0,0,0,0,0,0,0,0,0
1016,0,0,0,0,1.035,20,0,0,0,0,0,0,0,0,0,0,0,0,0,0,0,0,0,0
1016,0,0,0,0,1.035,19,0,0,0,0,0,0,0,0,0,0,0,0,0,0,0,0,0,0
1025,11.997,17.99998107524436,18,9,1.093239768118022,30,1,11.997,11.997,0,0,0,0,0,0,0,0,0,0,0,94.35059390380756,0,0.01324434116001193,0
1026,0,0,18,9,1.035,30,0,0,0,0,0,0,0,0,0,0,0,0,0,0,0,0,0,0
1027,0,0,14,10.5,1.035,32.2,0,0,0,0,0,0,0,0,0,0,0,0,0,0,0,0,0,0
1114,0,0,37.5,16.8,1.035,62.5,0,0,0,0,0,0,0,0,0,0,0,0,0,0,0,0,0,0
1115,0,0,37.5,7.5,1.035,62.5,0,0,0,0,0,0,0,0,0,0,0,0,0,0,0,0,0,0
1114,39.989,7.50001977023295,37.5,7.5,1.110597125218983,62.5,1,39.989,39.989,0,0,0,0,0,0,0,0,0,0,0,91.90538478930841,0,0,0.01336472403060867
1116,0,0,37.5,16.8,1.035,62.5,0,0,0,0,0,0,0,0,0,0,0,0,0,0,0,0,0,0
1153,16.995,2.563006928069767e-05,5.251,0,1.088351883601169,30.5,1,16.995,16.995,0,0,0,0,0,0,0,0,0,0,0,93.15190863356065,0,0,0.009980763550029614
1153,0,0,0,0,1.035,6,0,0,0,0,0,0,0,0,0,0,0,0,0,0,0,0,0,0
1154,16.995,2.244231073025271e-05,5.251,0,1.088451529186935,30.5,1,16.995,16.995,0,0,0,0,0,0,0,0,0,0,0,93.13909066680696,0,0,0.0113778296939232
1154,0,0,0,0,1.035,25,0,0,0,0,0,0,0,0,0,0,0,0,0,0,0,0,0,0
1155,15.996,2.145208500545454e-06,5.25,0,1.090959009429705,30.5,1,15.996,15.996,0,0,0,0,0,0,0,0,0,0,0,92.76984420918853,0,0,0.1178238864765919
1155,0,0,0,0,1.035,6,0,0,0,0,0,0,0,0,0,0,0,0,0,0,0,0,0,0
1180,59.984,15.60251277341231,52.5,0,1.104985581074762,87.5,1,59.984,59.984,0,0,0,0,0,0,0,0,0,0,0,91.64941729089369,0,0,0
1181,0,0,52.5,0,1.035,87.5,0,0,0,0,0,0,0,0,0,0,0,0,0,0,0,0,0,0
1181,0,0,42,16.8,1.035,65.3,0,0,0,0,0,0,0,0,0,0,0,0,0,0,0,0,0,0
1189,49.986,0,0,0,1.10432467237882,50,1,49.986,49.986,0,0,0,0,0,0,0,0,0,0,0,91.76405945109842,0,0.02682024641805651,0
1247,9.997,0.8735821704018416,2,0,1.097054503035874,16.7,1,9.997,9.997,0,0,0,0,0,0,0,0,0,0,0,91.88116436266213,0,0,0
1247,0,0,0,0,1.035,24,0,0,0,0,0,0,0,0,0,0,0,0,0,0,0,0,0,0
1248,0,0,0,0,1.035,14.6,0,0,0,0,0,0,0,0,0,0,0,0,0,0,0,0,0,0
1248,0,0,0,0,1.035,14.6,0,0,0,0,0,0,0,0,0,0,0,0,0,0,0,0,0,0
1248,0,0,0,0,1.035,14.6,0,0,0,0,0,0,0,0,0,0,0,0,0,0,0,0,0,0
1249,0,0,0,0,1.035,5.5,0,0,0,0,0,0,0,0,0,0,0,0,0,0,0,0,0,0
1249,0,0,0,0,1.035,5.5,0,0,0,0,0,0,0,0,0,0,0,0,0,0,0,0,0,0
1287,0,0,41,-6.5,1.035,68.59999999999999,0,0,0,0,0,0,0,0,0,0,0,0,0,0,0,0,0,0
1288,134.0000001528623,46.97000186785913,123,-15,1.111253525646738,260.8,1,230,134,0,0,0,0,0,0,0,0,0,0,0,0,1.664439278875706,0,0
1289,0,0,123,-15,1.035,256.4,0,225,134,0,0,0,0,0,0,0,0,0,0,0,0,0,0,0
1343,19.995,1.613566474750121e-06,5,0,1.100889293581514,22.6,1,19.995,19.995,0,0,0,0,0,0,0,0,0,0,0,91.60914158256116,0,0,0.1609132804275833
1344,0,0,0,0,1.035,12,0,0,0,0,0,0,0,0,0,0,0,0,0,0,0,0,0,0
1344,24.993,1.612961513799131e-06,5,0,1.100887467022104,32.4,1,24.993,24.993,0,0,0,0,0,0,0,0,0,0,0,91.60834341999731,0,0,0.1609272569985933
1352,0,0,90,-5,1.035,142.1,0,110,79,0,0,0,0,0,0,0,0,0,0,0,0,0,0,0
1353,79.00000009784343,9.20800497301461,80,-2,1.105916164701062,144.2,1,120,79,0,0,0,0,0,0,0,0,0,0,0,0,2.600154922581808,0,0
1352,0,0,80,-2,1.035,144.2,0,120,79,0,0,0,0,0,0,0,0,0,0,0,0,0,0,0
1354,0,0,80,-2,1.035,144.2,0,120,79,0,0,0,0,0,0,0,0,0,0,0,0,0,0,0
1364,0,0,89,-6,1.035,153.4,0,125,84,0,0,0,0,0,0,0,0,0,0,0,0,0,0,0
1364,0,0,89,-6,1.035,153.4,0,125,84,0,0,0,0,0,0,0,0,0,0,0,0,0,0,0
1375,79.97799999999999,-1.817272097413761,80,-25,1.090639282151195,141.7,1,79.97799999999999,79.97799999999999,0,0,0,0,0,0,0,0,0,0,0,92.65206541062537,0,0,0
1375,0,0,80,-25,1.035,128.1,0,0,0,0,0,0,0,0,0,0,0,0,0,0,0,0,0,0
1376,0,0,80,-25,1.035,143.4,0,0,0,0,0,0,0,0,0,0,0,0,0,0,0,0,0,0
1377,0,0,80,-25,1.035,136,0,0,0,0,0,0,0,0,0,0,0,0,0,0,0,0,0,0
1415,0,0,33.5,12,1.035,36.7,0,0,0,0,0,0,0,0,0,0,0,0,0,0,0,0,0,0
1416,0,0,41.2,-13.7,1.035,68.7,0,0,0,0,0,0,0,0,0,0,0,0,0,0,0,0,0,0
1416,0,0,41.2,-13.7,1.035,68.7,0,0,0,0,0,0,0,0,0,0,0,0,0,0,0,0,0,0
1433,9.997,1.999998871253504,2,0,1.103789549653101,12.2,1,9.997,9.997,0,0,0,0,0,0,0,0,0,0,0,92.77484995373894,0,0.223172446577537,0
1433,9.997,1.999998871253504,2,0,1.103789549653101,12.2,1,9.997,9.997,0,0,0,0,0,0,0,0,0,0,0,92.77484995373894,0,0.223172446577537,0
1434,0,0,0,0,1.035,4,0,0,0,0,0,0,0,0,0,0,0,0,0,0,0,0,0,0
1434,0,0,0,0,1.035,4,0,0,0,0,0,0,0,0,0,0,0,0,0,0,0,0,0,0
1436,9.997,3.74999027026891,3.75,0,1.113791559674772,15.5,1,9.997,9.997,0,0,0,0,0,0,0,0,0,0,0,91.70895825632739,0,0.02577779804876583,0
1435,12.996,6.749992610797993,6.75,0,1.11316712198601,23.5,1,12.996,12.996,0,0,0,0,0,0,0,0,0,0,0,91.7851028807826,0,0.03381708049768065,0
1440,0,0,123,-15,1.035,256.4,0,225,140,0,0,0,0,0,0,0,0,0,0,0,0,0,0,0
1462,0,0,35,-6,1.035,57.8,0,0,0,0,0,0,0,0,0,0,0,0,0,0,0,0,0,0
1462,0,0,35,-6,1.035,57.8,0,0,0,0,0,0,0,0,0,0,0,0,0,0,0,0,0,0
1645,0,0,9.300000000000001,1.9,1.035,17.6,0,0,0,0,0,0,0,0,0,0,0,0,0,0,0,0,0,0
1645,0,0,9.300000000000001,1.9,1.035,17.6,0,0,0,0,0,0,0,0,0,0,0,0,0,0,0,0,0,0
1645,0,0,9.300000000000001,1.9,1.035,17.6,0,0,0,0,0,0,0,0,0,0,0,0,0,0,0,0,0,0
1645,0,0,9.300000000000001,2,1.035,17.6,0,0,0,0,0,0,0,0,0,0,0,0,0,0,0,0,0,0
1645,0,0,0,0,1.035,3.8,0,0,0,0,0,0,0,0,0,0,0,0,0,0,0,0,0,0
1645,0,0,0,0,1.035,4.2,0,0,0,0,0,0,0,0,0,0,0,0,0,0,0,0,0,0
1673,55.00000005421666,23.50340759239747,117,-29,1.102027106796906,192.6,1,153,55,0,0,0,0,0,0,0,0,0,0,0,0,4.69206519373336,0,0
1674,0,0,82,-2,1.035,152,0,128,70,0,0,0,0,0,0,0,0,0,0,0,0,0,0,0
1674,0,0,117,-29,1.035,192.6,0,153,55,0,0,0,0,0,0,0,0,0,0,0,0,0,0,0
1675,0,0,82,-2,1.035,147.8,0,123,70,0,0,0,0,0,0,0,0,0,0,0,0,0,0,0
1685,80.00000003568542,1.097831169817217e-06,40,0,1.096515093245818,117,1,110,80,0,0,0,0,0,0,0,0,0,0,0,0,7.128365235954038,0,0.230838784022186
1686,0,0,42,16.8,1.035,61.6,0,45,30,0,0,0,0,0,0,0,0,0,0,0,0,0,0,0
1686,0,0,40,0,1.035,117,0,110,80,0,0,0,0,0,0,0,0,0,0,0,0,0,0,0
1686,0,0,42,16.8,1.035,61.6,0,45,30,0,0,0,0,0,0,0,0,0,0,0,0,0,0,0
1686,80.0000000352053,1.407632310545706e-06,40,0,1.096570905933035,117,1,110,80,0,0,0,0,0,0,0,0,0,0,0,0,7.225602218628219,0,0.1799406579270584
1685,0,0,40,16,1.035,60.2,0,45,30,0,0,0,0,0,0,0,0,0,0,0,0,0,0,0
1777,0,0,6.6,0.7,1.035,8.300000000000001,0,0,0,0,0,0,0,0,0,0,0,0,0,0,0,0,0,0
1794,0,0,0,0,1.035,25,0,0,0,0,0,0,0,0,0,0,0,0,0,0,0,0,0,0
1794,19.995,7.907461441550041e-07,4,0,1.097481444978329,25.3,1,19.995,19.995,0,0,0,0,0,0,0,0,0,0,0,91.34873404643778,0,0,0.3222886308029624
1794,0,0,0,0,1.035,25,0,0,0,0,0,0,0,0,0,0,0,0,0,0,0,0,0,0
1794,0,0,0,0,1.035,25,0,0,0,0,0,0,0,0,0,0,0,0,0,0,0,0,0,0
1795,37.99,14.01847907547838,26,13,1.107038351527159,47.7,1,37.99,37.99,0,0,0,0,0,0,0,0,0,0,0,91.7226353063721,0,0,0
1837,160.0000001414996,33.96112868584957,140,-35,1.11322835415577,265,1,225,160,0,0,0,0,0,0,0,0,0,0,0,0,1.798420142281362,0,0
1837,0,0,140,-35,1.035,265,0,225,140,0,0,0,0,0,0,0,0,0,0,0,0,0,0,0
1839,160.0000027592004,-9.516283540585894,140,-35,1.118373085658751,265,1,225,160,0,0,0,0,0,0,0,0,0,0,0,0,0.09585732246861145,0,0
1873,0,0,26,13,1.035,43.6,0,0,0,0,0,0,0,0,0,0,0,0,0,0,0,0,0,0
1873,0,0,8.300000000000001,1.5,1.035,11.5,0,0,0,0,0,0,0,0,0,0,0,0,0,0,0,0,0,0
1874,0,0,12,5.8,1.035,27.7,0,0,0,0,0,0,0,0,0,0,0,0,0,0,0,0,0,0
1874,0,0,26,13,1.035,39.7,0,0,0,0,0,0,0,0,0,0,0,0,0,0,0,0,0,0
1907,0,0,0,0,1.035,32,0,0,0,0,0,0,0,0,0,0,0,0,0,0,0,0,0,0
1908,0,0,0,0,1.035,32,0,0,0,0,0,0,0,0,0,0,0,0,0,0,0,0,0,0
1927,0,0,0,0,1.035,10.5,0,0,0,0,0,0,0,0,0,0,0,0,0,0,0,0,0,0
1927,0,0,0,0,1.035,10.5,0,0,0,0,0,0,0,0,0,0,0,0,0,0,0,0,0,0
1929,100.0000001797367,17.83301662885496,90,0,1.115617616079034,150,1,120,100,0,0,0,0,0,0,0,0,0,0,0,0,1.416914559982488,0,0
1930,0,0,90,0,1.035,150,0,120,100,0,0,0,0,0,0,0,0,0,0,0,0,0,0,0
1945,1,0,0,0,1.115693605982362,1.1,1,1,1,0,0,0,0,0,0,0,0,0,0,0,90.38975923478606,0,0,0.1672470464772039
1948,1,0,0,0,1.113189431177539,1.1,1,1,1,0,0,0,0,0,0,0,0,0,0,0,91.27678883124872,0,0,0.47337369708995
1959,0.2,0,0,0,1.117072876561507,0.2,1,0.2,0.2,0,0,0,0,0,0,0,0,0,0,0,90.74830566648258,0,0,0.3556820525727274
1963,0.1,0,0,0,1.112567705293431,0.1,1,0.1,0.1,0,0,0,0,0,0,0,0,0,0,0,91.68430942812387,0,0,0.6229494332312585
1965,15,-0.0009965615490641221,15,-0.001,1.108284247997032,52.2,1,15,15,0,0,0,0,0,0,0,0,0,0,0,91.32651293143932,0,0,0.07888604075853771
1965,0,0,15,0,1.035,52.2,0,0,0,0,0,0,0,0,0,0,0,0,0,0,0,0,0,0
1966,0,0,10,0,1.035,33.5,0,0,0,0,0,0,0,0,0,0,0,0,0,0,0,0,0,0
1992,90.00000001117292,-16.27221394220971,149,-48,1.100817855232514,267.4,1,222,90,0,0,0,0,0,0,0,0,0,0,0,0,22.76778838853699,0,0
1998,0,0,8,0,1.035,27.3,0,0,0,0,0,0,0,0,0,0,0,0,0,0,0,0,0,0
1998,0,0,8,0,1.035,28.4,0,0,0,0,0,0,0,0,0,0,0,0,0,0,0,0,0,0
1998,0,0,8,0,1.035,27.3,0,0,0,0,0,0,0,0,0,0,0,0,0,0,0,0,0,0
2002,31,4.338360285930211e-06,15,0,1.103150571248687,57,1,31,31,0,0,0,0,0,0,0,0,0,0,0,93.75842900359159,0,0,0.05694780406696913
2002,80,4.325472482667764e-06,80,0,1.103150571248687,128.1,1,80,80,0,0,0,0,0,0,0,0,0,0,0,93.75842900359159,0,0,0.05694779029098825
2003,0,0,90,0,1.035,150.4,0,0,0,0,0,0,0,0,0,0,0,0,0,0,0,0,0,0
2008,0.4,0,0,0,1.080958374604966,0.4,1,0.4,0.4,0,0,0,0,0,0,0,0,0,0,0,96.62613363310862,0,0.1568016385203651,0
2015,0,0,10,0,1.035,30.2,0,0,0,0,0,0,0,0,0,0,0,0,0,0,0,0,0,0
2015,0,0,10,0,1.035,30.2,0,0,0,0,0,0,0,0,0,0,0,0,0,0,0,0,0,0
2015,20,6.489570543129731e-07,12,0,1.09734986226589,55.8,1,20,20,0,0,0,0,0,0,0,0,0,0,0,93.70697651593406,0,0,0.3872026766422808
2016,0,0,2,0,1.035,5.4,0,0,0,0,0,0,0,0,0,0,0,0,0,0,0,0,0,0
2016,0,0,2,0,1.035,6.3,0,0,0,0,0,0,0,0,0,0,0,0,0,0,0,0,0,0
2036,9.5,0,0,0,1.105411684379251,10.5,1,9.5,9.5,0,0,0,0,0,0,0,0,0,0,0,92.78647234205945,0,0,0.2900664467522814
2040,5,0,0,0,1.103724413071284,5.5,1,5,5,0,0,0,0,0,0,0,0,0,0,0,92.23025366912016,0,0,0.06186007245515222
2042,90.00000005962717,22.86120001770013,90,0,1.117517743832069,150,1,120,90,0,0,0,0,0,0,0,0,0,0,0,0,4.269612105461634,0,0
2047,0.1,0,0,0,1.114183998764547,0.1,1,0.1,0.1,0,0,0,0,0,0,0,0,0,0,0,91.13778212726558,0,0,0.4039458310598545
2057,1,0,0,0,1.084411435883061,1.1,1,1,1,0,0,0,0,0,0,0,0,0,0,0,97.17993039624422,0,0,0.2573660046810169
2064,0,0,1,0,1.035,3.2,0,0,0,0,0,0,0,0,0,0,0,0,0,0,0,0,0,0
2064,2,1.999995087639,2,0,1.108883961843131,4.5,1,2,2,0,0,0,0,0,0,0,0,0,0,0,92.44185812890251,0,0.05308321794869141,0
2071,0.2,0,0,0,1.112574558974886,0.2,1,0.2,0.2,0,0,0,0,0,0,0,0,0,0,0,91.73829015551728,0,0,0.6233240124196129
2091,0,0,12,0,1.035,51.4,0,50,25,0,0,0,0,0,0,0,0,0,0,0,0,0,0,0
2091,30.00000005970709,4.127762146698243,12,0,1.11695520691061,51.4,1,50,30,0,0,0,0,0,0,0,0,0,0,0,0,4.263931202275931,0,0
2092,20.0000000495521,5.745816102451995e-07,10,0,1.119363594020311,29.7,1,28,20,0,0,0,0,0,0,0,0,0,0,0,0,5.134951117241152,0,0.4375139229837246
2094,30.00000005350761,1.788030574802209e-06,12,0,1.023851585037415,56.3,1,55,30,0,0,0,0,0,0,0,0,0,0,0,0,4.755586901480111,0,0.140098835271916
2097,1.7,0,0,0,1.098185916927189,1.9,1,1.7,1.7,0,0,0,0,0,0,0,0,0,0,0,93.1271092959247,0,0,0.04325708778539275
2119,3,0,0,0,1.07799157973622,3.3,1,3,3,0,0,0,0,0,0,0,0,0,0,0,95.94298152226025,0,0.335006122177732,0
2141,1,0,0,0,1.116215172843491,1.1,1,1,1,0,0,0,0,0,0,0,0,0,0,0,90.22953458060366,0,0,0.118068102160941
2176,0.8,0,0,0,1.109978407817457,0.9,1,0.8,0.8,0,0,0,0,0,0,0,0,0,0,0,91.48190156248005,0,0,0.2288983126154552
2203,0.8,0,0,0,1.084939257291036,0.9,1,0.8,0.8,0,0,0,0,0,0,0,0,0,0,0,97.21025974637017,0,0,0.2942269912423468
2204,0.2,0,0,0,1.097881277834184,0.2,1,0.2,0.2,0,0,0,0,0,0,0,0,0,0,0,92.24666506720764,0,0,0.1533141401171327
2209,4,0,0,0,1.111113743870594,4.4,1,4,4,0,0,0,0,0,0,0,0,0,0,0,91.84394938722947,0,0,0.2587118667535286
2215,199.999999783061,-15.21964882728735,104,-23,1.119999998790688,225.4,1,200,150,0,0,0,0,0,0,0,0,0,0,0,1.171389403611277,0,0,0
2216,191.3187525256408,20.59867123015743,111,-18,1.119987719186497,228.7,1,200,150,0,0,0,0,0,0,0,0,0,0,0,0,0,0,0
2229,0.4,0,0,0,1.086104290546873,0.4,1,0.4,0.4,0,0,0,0,0,0,0,0,0,0,0,96.81621383695956,0,0,0.299354140170857
2236,9,0,0,0,1.061091625704847,9.9,1,9,9,0,0,0,0,0,0,0,0,0,0,0,94.36369530206716,0,0.1162310335622637,0
2254,40,9.46399556925866,15,0,1.092175785467668,66.7,1,40,40,0,0,0,0,0,0,0,0,0,0,0,94.3615047822982,0,0,0
2255,0,0,15,0,1.035,66.7,0,0,0,0,0,0,0,0,0,0,0,0,0,0,0,0,0,0
2266,1.5,0,0,0,1.111501031786721,1.7,1,1.5,1.5,0,0,0,0,0,0,0,0,0,0,0,91.20490463736625,0,0,0.1861470310031892
2279,4,0,0,0,1.093117901888404,4.4,1,4,4,0,0,0,0,0,0,0,0,0,0,0,95.0997338389505,0,0,0.2158224972634742
2294,0.8,0,0,0,1.091771825963719,0.9,1,0.8,0.8,0,0,0,0,0,0,0,0,0,0,0,94.62343997689908,0,0,0.07576058583879218
2296,0.2,0,0,0,1.117090735310621,0.2,1,0.2,0.2,0,0,0,0,0,0,0,0,0,0,0,90.69989155323429,0,0,0.3386519675032084
2297,0.2,0,0,0,1.097984138824029,0.2,1,0.2,0.2,0,0,0,0,0,0,0,0,0,0,0,94.20959404134405,0,0,0.4505959494684039
2329,0,0,15,0,1.035,58,0,0,0,0,0,0,0,0,0,0,0,0,0,0,0,0,0,0
2329,0,0,6,0,1.035,19,0,0,0,0,0,0,0,0,0,0,0,0,0,0,0,0,0,0
2329,2,1.674185629828761,2,0,1.091888775485235,4.5,1,2,2,0,0,0,0,0,0,0,0,0,0,0,94.41452418628998,0,0,0
2332,0.1,0,0,0,1.078731816770943,0.1,1,0.1,0.1,0,0,0,0,0,0,0,0,0,0,0,96.81926315598209,0,0.2221935675081972,0
2344,94.00000002756077,21.38260904488977,149,-53,1.116513255413158,278.3,1,235,94,0,0,0,0,0,0,0,0,0,0,0,0,9.230382840682958,0,0
2355,0,0,15,0,1.035,52.2,0,0,0,0,0,0,0,0,0,0,0,0,0,0,0,0,0,0
2355,62.5,0.03002667688585058,80,0,1.11331378149957,128.1,1,62.5,62.5,0,0,0,0,0,0,0,0,0,0,0,90.37849521138415,0,0,0
2356,0,0,80,0,1.035,128.1,0,0,0,0,0,0,0,0,0,0,0,0,0,0,0,0,0,0
2361,4.1,0,0,0,1.117178195202744,4.5,1,4.1,4.1,0,0,0,0,0,0,0,0,0,0,0,90.66714245473186,0,0,0.3297417875055459
2367,2.5,0,0,0,1.112273205126646,2.8,1,2.5,2.5,0,0,0,0,0,0,0,0,0,0,0,91.4638050842762,0,0,0.2621799972286677
2371,0.2,0,0,0,1.105511079612855,0.2,1,0.2,0.2,0,0,0,0,0,0,0,0,0,0,0,91.75034544606697,0,0,0.08775026328852296
2432,3,-0.0009997574323420894,10,-0.001,1.110064249140986,14.5,1,3,3,0,0,0,0,0,0,0,0,0,0,0,92.65466340262648,0,0,1.039749287831534
2432,0,0,10,0,1.035,15.6,0,0,0,0,0,0,0,0,0,0,0,0,0,0,0,0,0,0
2439,0.5,0,0,0,1.088996733171043,0.6,1,0.5,0.5,0,0,0,0,0,0,0,0,0,0,0,96.91382656024261,0,0,0.549923055410535
2449,0.8,1.699995471996564,1.7,0,1.073247095120099,1.9,1,0.8,0.8,0,0,0,0,0,0,0,0,0,0,0,98.41389116692609,0,0.05609250164134195,0
2452,65,14.999995338334,15,0,1.107074308768181,71.59999999999999,1,65,65,0,0,0,0,0,0,0,0,0,0,0,95.69284115173825,0,0.05447795410180374,0
2454,0,1.176121311054306e-05,0.2,0,1.098450377202611,0.2,1,0,0,0,0,0,0,0,0,0,0,0,0,0,97.41573869688135,0,0,0.02195747044867568
2460,0.1,0.09999943534457027,0.1,0,1.059183606115578,0.1,1,0.1,0.1,0,0,0,0,0,0,0,0,0,0,0,99.87536265283174,0,0.4510910294435682,0
2468,0.3,1.19405936167632e-06,0.1,0,1.095748278897354,0.3,1,0.3,0.3,0,0,0,0,0,0,0,0,0,0,0,98.16590486519718,0,0,0.213663100718837
2471,28,4.999998560782698,5,0,1.071007988057467,28.4,1,28,28,0,0,0,0,0,0,0,0,0,0,0,98.85721763226175,0,0.1766909091930524,0
2482,0.2,0,0,0,1.08123843495076,0.2,1,0.2,0.2,0,0,0,0,0,0,0,0,0,0,0,100.0235180216557,0,0.09262413752439409,0
2483,0.3,0.09999399900944241,0.1,0,1.084340376702171,0.3,1,0.3,0.3,0,0,0,0,0,0,0,0,0,0,0,98.74433936633238,0,0.04285522694129096,0
2484,0.3,1.67820658745271e-06,0.1,0,1.095468798952339,0.3,1,0.3,0.3,0,0,0,0,0,0,0,0,0,0,0,97.97255793531669,0,0,0.152122677753856
2486,0.9000000000000001,0,0,0,1.071226741834468,1,1,0.9,0.9,0,0,0,0,0,0,0,0,0,0,0,103.0567346134202,0,0,0.2514771743515763
2489,4,0.2999843632599763,0.3,0,1.099223453966025,4.4,1,4,4,0,0,0,0,0,0,0,0,0,0,0,97.12086549703845,0,0.0165453299294288,0
2492,12,2.999999537010061,3,0,1.057900594702485,13.5,1,12,12,0,0,0,0,0,0,0,0,0,0,0,100.1784028497689,0,0.5492709171184793,0
2501,35,4.999996364545075,5,0,1.073075553619021,40.3,1,35,35,0,0,0,0,0,0,0,0,0,0,0,98.3961364331202,0,0.06982777659285705,0
2510,0,1.199999770830781,1.2,0,1.081364153128168,1.2,1,0,0,0,0,0,0,0,0,0,0,0,0,0,93.71873265034678,0,1.110177759569287,0
2527,2.5,1.499995181604383,1.5,0,1.106373385487008,3.1,1,2.5,2.5,0,0,0,0,0,0,0,0,0,0,0,95.84912290761994,0,0.05273205899614043,0
2530,21,18.99999974339788,19,0,1.087076913128043,29.9,1,21,21,0,0,0,0,0,0,0,0,0,0,0,93.02604733020782,0,0.991350544224904,0
2547,0.5,0.1999966541572503,0.2,0,1.099116961357537,0.6,1,0.5,0.5,0,0,0,0,0,0,0,0,0,0,0,96.99571493299317,0,0.07618152115743855,0
2548,0,0.4999964354244295,0.5,0,1.098745153953928,0.5,1,0,0,0,0,0,0,0,0,0,0,0,0,0,97.07774971013673,0,0.07137616879634387,0
2555,37,25.99999981595423,26,0,1.050922321919855,48.3,1,37,37,0,0,0,0,0,0,0,0,0,0,0,100.2155758465069,0,1.381430969046397,0
2564,0.2,0.09999791547674194,0.1,0,1.078479296712025,0.2,1,0.2,0.2,0,0,0,0,0,0,0,0,0,0,0,99.10525861243418,0,0.1226333621913652,0
2569,0.2,0,0,0,1.063063312514474,0.2,1,0.2,0.2,0,0,0,0,0,0,0,0,0,0,0,98.95528412169497,0,0,0.120979279076814
2572,10,11.99999976459281,12,0,1.083709946829882,16.3,1,10,10,0,0,0,0,0,0,0,0,0,0,0,93.38650355030593,0,1.080614171524914,0
2574,0.5,1.225855083458158e-06,0.1,0,1.098453965366626,0.6,1,0.5,0.5,0,0,0,0,0,0,0,0,0,0,0,97.8515448632603,0,0,0.2081222785396408
2579,0,0.7999998415628403,0.8,0,1.07756805782554,0.8,1,0,0,0,0,0,0,0,0,0,0,0,0,0,92.24673989620298,0,1.605776652904405,0
2583,0,2.499999766647166,2.5,0,1.082624431444703,2.5,1,0,0,0,0,0,0,0,0,0,0,0,0,0,93.55333540150171,0,1.090196261141664,0
2590,0.5,1.744521838702752e-06,0.1,0,1.097834932306056,0.6,1,0.5,0.5,0,0,0,0,0,0,0,0,0,0,0,97.67093514273479,0,0,0.146343888828209
2607,0.2,0.09999259630622515,0.1,0,1.065854050228686,0.2,1,0.2,0.2,0,0,0,0,0,0,0,0,0,0,0,98.21116042603815,0,0.0345560820883474,0
2626,0.1,0.0999992390064196,0.1,0,1.061937248684013,0.1,1,0.1,0.1,0,0,0,0,0,0,0,0,0,0,0,99.32825413596731,0,0.3347839560908814,0
2629,0.1,0,0,0,1.071355252089462,0.1,1,0.1,0.1,0,0,0,0,0,0,0,0,0,0,0,98.55315731111246,0,0.1150424167583769,0
2633,10.6,7.899994959166916,7.9,0,1.072237882024411,14.1,1,10.6,10.6,0,0,0,0,0,0,0,0,0,0,0,98.56491975314451,0,0.05028355129726662,0
2635,0.2,0.0999997184726561,0.1,0,1.053123850574098,0.2,1,0.2,0.2,0,0,0,0,0,0,0,0,0,0,0,100.5565454308233,0,0.9041815849499997,0
2644,0.2,0,0,0,1.072162725824981,0.2,1,0.2,0.2,0,0,0,0,0,0,0,0,0,0,0,98.41215454540803,0,0.1138310718419324,0
2649,0,1.899998076651251,1.9,0,1.07687031833775,1.9,1,0,0,0,0,0,0,0,0,0,0,0,0,0,101.2366209451221,0,0.132345722947238,0
2654,0.7,0,0,0,1.095953643939289,0.8,1,0.7,0.7,0,0,0,0,0,0,0,0,0,0,0,97.59029280851234,0,0.004940348357241722,0
2663,0.1,0,0,0,1.094803908166303,0.1,1,0.1,0.1,0,0,0,0,0,0,0,0,0,0,0,97.84744932091321,0,0,0.06721247083626554
2668,1,0.09999927513468775,0.1,0,1.057142617184146,1.1,1,1,1,0,0,0,0,0,0,0,0,0,0,0,100.7041417348235,0,0.3514965856729387,0
2676,55.00000000000001,34.99999940909549,35,0,1.087958847466821,69.90000000000001,1,55,55,0,0,0,0,0,0,0,0,0,0,0,97.3197603632599,0,0.4296937591049347,0
2685,2,0.9999972593315219,1,0,1.090440444762812,2.4,1,2,2,0,0,0,0,0,0,0,0,0,0,0,97.23643391213227,0,0.09238967091407543,0
2696,0.1,0.09999776366028848,0.1,0,1.077374365672865,0.1,1,0.1,0.1,0,0,0,0,0,0,0,0,0,0,0,99.05553659380887,0,0.1143223465465005,0
2702,25,2.499998425956246,2.5,0,1.096496171481793,26.8,1,25,25,0,0,0,0,0,0,0,0,0,0,0,95.43343734248377,0,0.1622765819558168,0
2702,25,2.499998425956246,2.5,0,1.096496171481793,26.8,1,25,25,0,0,0,0,0,0,0,0,0,0,0,95.43343734248377,0,0.1622765819558168,0
2702,0,0,0,0,1.035,26.7,0,0,0,0,0,0,0,0,0,0,0,0,0,0,0,0,0,0
2702,0,0,0,0,1.035,26.7,0,0,0,0,0,0,0,0,0,0,0,0,0,0,0,0,0,0
2703,0,0,0,0,1.035,26.7,0,0,0,0,0,0,0,0,0,0,0,0,0,0,0,0,0,0
2703,0,0,0,0,1.035,26.7,0,0,0,0,0,0,0,0,0,0,0,0,0,0,0,0,0,0
2713,20,13.99999832935287,14,0,1.094562462801119,26.1,1,20,20,0,0,0,0,0,0,0,0,0,0,0,96.37189275006256,0,0.1516296355125096,0
2717,0,1.199999763548753,1.2,0,1.079477934585765,1.2,1,0,0,0,0,0,0,0,0,0,0,0,0,0,94.10803593734843,0,1.075980359470425,0
2721,0,0,26,-18,1.035,56.4,0,0,0,0,0,0,0,0,0,0,0,0,0,0,0,0,0,0
2721,0,0,26,-18,1.035,56.4,0,0,0,0,0,0,0,0,0,0,0,0,0,0,0,0,0,0
2721,0,0,26,-18,1.035,56.4,0,0,0,0,0,0,0,0,0,0,0,0,0,0,0,0,0,0
451,5.8,0,0,0,1.066418600403252,5.8,1,5.8,5.8,0,0,0,0,0,0,0,0,0,0,0,93.07843038964069,0,0,0.3058394185720023
2150,2.572,0.757,0.757,0.757,1.105456191595833,2.7,1,2.572,2.572,0,0,0,0,0,0,0,0,0,0,0,92.08715385692119,0,0,0.1587199837112896
1646,2.069,-0.146,-0.146,-0.146,1.082329979729169,2.1,1,2.069,2.069,0,0,0,0,0,0,0,0,0,0,0,93.33864908170811,0,0,0.9110805678718726
1731,0.6,0.245,0.245,0.245,1.088578250820675,0.6,1,0.6,0.6,0,0,0,0,0,0,0,0,0,0,0,92.01614868674285,0,0.03141642874505478,0
28,20.153,30,30,30,1.044955316417879,36.1,1,20.153,20.153,0,0,0,0,0,0,0,0,0,0,0,90.22029590922244,0,0,0.08558725411933078
155,4.903,-32.492,-32.492,-32.492,1.105475863407118,32.9,1,4.903,4.903,0,0,0,0,0,0,0,0,0,0,0,90.17750717378563,0,0,0.04461748975763714
386,7.61,0,0,0,1.068384686389262,7.6,1,7.61,7.61,0,0,0,0,0,0,0,0,0,0,0,94.01924790604535,0,0,1.574381648121691e-07
846,0.02,0.02,0.02,0.02,1.080124831440921,0,1,0.02,0.02,0,0,0,0,0,0,0,0,0,0,0,92.44570308217709,0,0,0.7643051357999364
1007,3.519,0.58,0.58,0.58,1.113709373641622,3.6,1,3.519,3.519,0,0,0,0,0,0,0,0,0,0,0,91.54578062011068,0,0.06569008711655434,0
1873,9.724,3.466,3.466,3.466,1.099312460526212,10.3,1,9.724,9.724,0,0,0,0,0,0,0,0,0,0,0,91.66369903976779,0,0,0.1082992505257601
1930,0.618,0.129,0.129,0.129,1.115532601712883,0.6,1,0.618,0.618,0,0,0,0,0,0,0,0,0,0,0,91.02164065593513,0,0.001473538013875444,0
2724,0,0,0,0,1.033424915340603,0,1,0,0,0,0,0,0,0,0,0,0,0,0,0,91.6604206585355,0,0,0.1517498693727384
2725,0,0,0,0,1.02685541140351,0,1,0,0,0,0,0,0,0,0,0,0,0,0,0,92.05621081443547,0,0,0.0923849260840737
2726,0,0,0,0,1.075162888127644,0,1,0,0,0,0,0,0,0,0,0,0,0,0,0,94.93486136360818,0,0.1142222673080782,0
2727,173.964,-23.16933520278322,0,-83.616,1.020959727696396,174,1,173.964,173.964,0,0,0,0,0,0,0,0,0,0,0,90.21449480537986,0,0,0
2728,80,-62.8399998656895,14.9,-62.84,1.061613772989632,81.40000000000001,1,80,80,0,0,0,0,0,0,0,0,0,0,0,89.13969381917761,0,0,1.886261670068758
2729,183.534,-9.577622468864066,0,-54.19,1.097459340467976,183.5,1,183.534,183.534,0,0,0,0,0,0,0,0,0,0,0,93.6121107731597,0,0,0
2730,0,0,0,0,1.028003310493304,0,1,0,0,0,0,0,0,0,0,0,0,0,0,0,93.24052445764976,0,0,0.7844494198851666
2731,80,-18.07999907586691,0,-18.08,1.09108422664047,80,1,80,80,0,0,0,0,0,0,0,0,0,0,0,86.32483423599091,0,0,0.2725340660966952
