32,4.777719940469928e-10,-4.559999965435821,5.91,-4.56,1.035760820235587,100,1,16.2,0,0,0,0,0,0,0,0,0,0,0,0,0,2.400548885261124,0,0.03318077055968439
33,1.793532240940217e-10,2.269999882016035,2.27,-1.08,1.061383617614597,100,1,5.38,0,0,0,0,0,0,0,0,0,0,0,0,0,6.394730305114621,0.009721011883648658,0
39,6.730396878483585e-11,0.2180355994538927,17.76,-7.14,1.016018270992657,100,1,40,0,0,0,0,0,0,0,0,0,0,0,0,0,17.04083113562438,0,0
51,10.29233376297287,5.479999961377934,5.48,-4.19,1.075435704136373,100,1,100,-192.67,0,0,0,0,0,0,0,0,0,0,0,0,0,0.02969584887065613,0
124,952.5167018020944,-30.3468744345619,440.32,-172.59,1.09999999999977,100,1,1000,333.33,0,0,0,0,0,0,0,0,0,0,0,0,0,0,0
150,109.9806259975497,-22.53999991694576,77.09,-22.54,1.0999999999971,100,1,160,0,0,0,0,0,0,0,0,0,0,0,0,0,0,0,0.01380697229448008
179,-238.929999999985,-51.71999975650433,52.64,-51.72,1.092762499339564,100,1,100,-238.93,0,0,0,0,0,0,0,0,0,0,0,0,76.4833138510113,0,0.004710098905310044
194,298.9979034135388,1.119711674313074,130.19,-53.53,1.083722898326815,100,1,300,100,0,0,0,0,0,0,0,0,0,0,0,0,0,0,0
201,5.369999999835683,-1.069999765237935,2.27,-1.07,1.082466018297123,100,1,5.37,0,0,0,0,0,0,0,0,0,0,0,0,6.979887067662347,0,0,0.004885205268315258
221,-128.7748101932497,-65.29999984315428,183.92,-65.3,1.040831406266922,100,1,100,-207.18,0,0,0,0,0,0,0,0,0,0,0,0,0,0,0.007312577593726638
299,1599.999999999926,96.02970809236172,721.25,-258.71,1.099999999998993,100,1,1600,533.33,0,0,0,0,0,0,0,0,0,0,0,15.42583781655976,0,0,0
338,119.9999999999374,-13.36041562186395,55.54,-19.16,1.099999999978655,100,1,120,0,0,0,0,0,0,0,0,0,0,0,0,18.3295685653157,0,0,0
352,666.6700000000855,194.5237739915111,926.35,-297.68,1.042007562400376,100,1,2000,666.67,0,0,0,0,0,0,0,0,0,0,0,0,13.42729277206325,0,0
389,77.11747819827933,1.001540902965572,56.73,-17.84,1.036483519918684,100,1,120,0,0,0,0,0,0,0,0,0,0,0,0,0,0,0,0
413,9.418124100761228e-11,7.036878479360234,124.12,-49.84,1.096314773333711,100,1,280,0,0,0,0,0,0,0,0,0,0,0,0,0,12.1777746249352,0,0
440,119.9999999990222,0.9904484830927377,55.73,-19.01,1.049651044939015,100,1,120,0,0,0,0,0,0,0,0,0,0,0,0,1.172913006400507,0,0,0
442,99.99999999991597,1.949999911325045,1.95,-0.93,1.063045136022231,100,1,100,-53.8,0,0,0,0,0,0,0,0,0,0,0,13.64786585560685,0,0.01293494106719307,0
453,539.9999999998983,110.4434403670694,257.23,-74.40000000000001,1.07994194016176,100,1,540,0,0,0,0,0,0,0,0,0,0,0,0,11.26872147956211,0,0,0
489,99.9999999999123,6.279999705860714,6.28,-4.82,1.070221425975424,100,1,100,-143.2,0,0,0,0,0,0,0,0,0,0,0,13.07793087900534,0,0.003899261546630482,0
516,200.000000000203,261.7899999944801,261.79,-106.67,1.096003479163685,100,1,600,200,0,0,0,0,0,0,0,0,0,0,0,0,5.65047668333956,0.2077830310881398,0
564,-68.88999999988252,18.46999979935371,18.47,-19.35,1.09688015626086,100,1,100,-68.89,0,0,0,0,0,0,0,0,0,0,0,0,9.762857716514601,0.005708268335134777,0
583,99.9999999998131,17.87999984509471,17.88,-7.03,1.093290711181341,100,1,100,-360,0,0,0,0,0,0,0,0,0,0,0,6.136204360864254,0,0.007404278911871172,0
615,5.150451932298368e-10,-7.789999993954956,17.09,-7.79,1.095921030560439,100,1,40,0,0,0,0,0,0,0,0,0,0,0,0,0,2.226816752326003,0,0.1897157052736952
616,160.000000000299,77.42932520781311,217.9,-81.16,1.099999999996091,100,1,480,160,0,0,0,0,0,0,0,0,0,0,0,0,3.836101680601408,0,0
618,799.9999999999048,188.4467518968158,351.18,-139.11,1.093448779765203,100,1,800,266.67,0,0,0,0,0,0,0,0,0,0,0,12.05816132807525,0,0,0
628,1.280180624375095e-10,55.62083027708727,78.79000000000001,-31.69,0.9998467218946937,100,1,180,0,0,0,0,0,0,0,0,0,0,0,0,0,8.959013247472686,0,0
639,-61.59999999991443,135.5199999958758,135.52,-38.9,1.091609390349826,100,1,100,-61.6,0,0,0,0,0,0,0,0,0,0,0,0,13.40432895781583,0.2780943786837774,0
642,4.874268325501749e-10,8.120504069740331,90.13,-93.03,1.094015682317644,100,1,276.09,0,0,0,0,0,0,0,0,0,0,0,0,0,2.352999152823623,0,0
682,3.857389294958067e-11,-11.05999993189664,38.77,-11.06,1.08432673711054,100,1,80,0,0,0,0,0,0,0,0,0,0,0,0,0,29.73295139983383,0,0.01684078781658412
686,99.99999999988911,2.938329116361945,34.75,-34.26,1.082279653305263,100,1,100,-28.86,0,0,0,0,0,0,0,0,0,0,0,10.34331959917296,0,0,0
698,100.000000000039,-0.7201791144434083,129.94,-53.91,1.010058717801893,100,1,300,100,0,0,0,0,0,0,0,0,0,0,0,0,29.40125083934101,0,0
709,65.29999999903812,-20.82999998480831,22.23,-20.83,1.093163610216615,100,1,65.3,0,0,0,0,0,0,0,0,0,0,0,0,1.19235602275517,0,0,0.07549487593827359
739,166.6700000000757,-77.81139907208747,212.97,-93.45,1.079785049704262,100,1,500,166.67,0,0,0,0,0,0,0,0,0,0,0,0,15.15098399884014,0,0
749,239.9999999997234,-27.51330118430981,105.69,-43.84,1.097412074833457,100,1,240,0,0,0,0,0,0,0,0,0,0,0,0,4.146070860275253,0,0,0
751,299.9999999999233,26.77252402217163,136.94,-47.24,1.070188665420117,100,1,300,0,0,0,0,0,0,0,0,0,0,0,0,14.95452906471272,0,0,0
757,1.075224479838774e-10,51.29999968911039,51.3,-23.41,1.057507915465454,100,1,120,0,0,0,0,0,0,0,0,0,0,0,0,0,10.66674562806021,0.003670624520513855,0
776,-148.5299999996741,-6.729999992928841,18.16,-6.73,1.067066685290324,100,1,100,-148.53,0,0,0,0,0,0,0,0,0,0,0,0,3.519224670883144,0,0.162189174084338
778,3.159314271330999e-11,-5.641527888348287,12.37,-9.359999999999999,1.098665730371107,100,1,33.58,0,0,0,0,0,0,0,0,0,0,0,0,0,36.30267992465332,0,0
780,1.061340401768826e-10,21.17043996752925,37.43,-12.32,1.031740596832105,100,1,80,0,0,0,0,0,0,0,0,0,0,0,0,0,10.80629322381325,0,0
795,2.038990069038796e-10,4.059892012691395,36.75,-13.04,1.098164959093997,100,1,80,0,0,0,0,0,0,0,0,0,0,0,0,0,5.624916574273661,0,0
803,-118.9299999998388,8.978540023919527,74.03,-25.54,1.087904581069849,100,1,100,-118.93,0,0,0,0,0,0,0,0,0,0,0,0,7.11536761130366,0,0
807,666.6700000004187,-109.6679756556,864.47,-360.97,1.093010016877114,100,1,2000,666.67,0,0,0,0,0,0,0,0,0,0,0,0,2.739350671938219,0,0
823,1994.331180711631,-111.9961669453045,926.6799999999999,-298.31,1.014423461282968,100,1,2000,666.67,0,0,0,0,0,0,0,0,0,0,0,0,0,0,0
849,1.31566197922485e-11,-4.909998988844794,6.45,-4.91,1.09503830943282,100,1,17.57,0,0,0,0,0,0,0,0,0,0,0,0,0,87.17403200249724,0,0.001134398564400099
851,199.9999999994769,96.63999951912247,96.64,-27.81,1.099840581938869,100,1,200,0,0,0,0,0,0,0,0,0,0,0,0,2.192451735095366,0,0.002385031396893402,0
858,999.9999999999407,164.5877788539555,440.67,-172.15,1.052111759606321,100,1,1000,333.33,0,0,0,0,0,0,0,0,0,0,0,19.31840123849666,0,0,0
891,2399.999999999941,936.6148098294569,1097.41,-373.91,1.091820692297113,100,1,2400,800,0,0,0,0,0,0,0,0,0,0,0,19.40021861354693,0,0,0
913,1699.999999999767,737.3964966012106,772.11,-269.94,1.060316383616323,100,1,1700,566.67,0,0,0,0,0,0,0,0,0,0,0,4.931015167814625,0,0,0
916,299.9999999998101,-4.652659411238631,134.45,-49.76,1.052115223530094,100,1,300,0,0,0,0,0,0,0,0,0,0,0,0,6.038493815774317,0,0,0
930,899.9999999997906,-44.69159029658482,406.66,-144.75,1.096746459503242,100,1,900,300,0,0,0,0,0,0,0,0,0,0,0,5.475634293104626,0,0,0
972,1999.999999999859,607.2977998272888,934.73,-291.52,1.120550544837526,100,1,2000,666.67,0,0,0,0,0,0,0,0,0,0,0,8.101220028260201,0,0,0
976,107.8299999998634,36.01999975277949,36.02,-35.35,1.09320760368507,100,1,107.83,0,0,0,0,0,0,0,0,0,0,0,0,8.396462916021671,0,0.004639284661648529,0
1001,119.9999999997896,55.01999999467975,55.02,-19.81,1.094339518718813,100,1,120,0,0,0,0,0,0,0,0,0,0,0,0,5.450849568126284,0,0.2155823473882345,0
1002,199.9999999997287,89.54999998998892,89.55,-35.15,1.088599652951998,100,1,200,0,0,0,0,0,0,0,0,0,0,0,0,4.228291764790828,0,0.1145796911829004,0
1021,-239.0699999991839,20.85549229810368,58.34,-16.23,1.056011321135993,100,1,100,-239.07,0,0,0,0,0,0,0,0,0,0,0,0,1.405402086198991,0,0
1030,399.9999999998718,71.65999989442005,71.66,-27.89,1.040992667071813,100,1,400,100,0,0,0,0,0,0,0,0,0,0,0,8.944250091845815,0,0.01086311617284507,0
1036,100.0000000000615,-6.540616539569577,137.39,-46.45,1.047957412881181,100,1,300,100,0,0,0,0,0,0,0,0,0,0,0,0,18.63698236325799,0,0
1043,300.0000000002244,108.1703548017492,387.88,-163.4,1.082784635206933,100,1,900,300,0,0,0,0,0,0,0,0,0,0,0,0,5.111592830470832,0,0
1083,3.27214333376786e-10,-13.20447640294899,54.91,-19.88,1.085047174479807,100,1,120,0,0,0,0,0,0,0,0,0,0,0,0,0,3.50505094822237,0,0
1093,400.0000000002342,88.48638276060359,550.6900000000001,-185.15,1.066965450245771,100,1,1200,400,0,0,0,0,0,0,0,0,0,0,0,0,4.896382525109975,0,0
1100,9.485755689358694e-11,-9.663211480033194,36.8,-13.01,1.085274270523895,100,1,80,0,0,0,0,0,0,0,0,0,0,0,0,0,12.09093081098382,0,0
1102,99.99999999982607,38.04999495092209,38.05,-11.59,1.096295217895971,100,1,100,-165.54,0,0,0,0,0,0,0,0,0,0,0,6.594218374015409,0,0.0002272464526648819,0
1121,1.776698804083455e-10,-62.72803108593224,158.2,-62.81,1.039408696850205,100,1,360,0,0,0,0,0,0,0,0,0,0,0,0,0,6.455319779972859,0,0
1173,99.99999999989323,1.849998637001106,1.85,-0.88,1.068922811186366,100,1,100,-166.27,0,0,0,0,0,0,0,0,0,0,0,10.74238759743072,0,0.0008416295912280475,0
1174,39.99999999990712,0.3517896153350102,18.61,-6.28,1.016090896167135,100,1,40,0,0,0,0,0,0,0,0,0,0,0,0,12.34734218632419,0,0,0
1175,699.9999999999,64.15001251810453,108.35,-39.12,1.099999999997082,100,1,700,200,0,0,0,0,0,0,0,0,0,0,0,11.4570389989533,0,0,0
1237,666.6700000018094,295.4081227712218,906.61,-319.44,1.113460470714317,100,1,2000,666.67,0,0,0,0,0,0,0,0,0,0,0,0,0.6338475275809825,0,0
1241,1.437370374625116e-11,-20.97999989538997,22.29,-20.98,1.044376854131138,100,1,65.63,0,0,0,0,0,0,0,0,0,0,0,0,0,79.79262793667482,0,0.0109633702965706
1251,1199.999999999938,63.79655349919252,550.6900000000001,-185.15,1.067107642574704,100,1,1200,400,0,0,0,0,0,0,0,0,0,0,0,18.41527269615218,0,0,0
1271,99.99999999993872,2.480511569795467,32.54,-32.11,1.065955872657128,100,1,100,-134,0,0,0,0,0,0,0,0,0,0,0,18.71641667289886,0,0,0
1295,-165.4699999973411,23.93784992320883,36.92,-12.88,1.093919856787937,100,1,100,-165.47,0,0,0,0,0,0,0,0,0,0,0,0,0.4313613344861126,0,0
1341,1.134597434457127e-11,57.02999999341134,57.03,-17.62,1.076479195013498,100,1,120,0,0,0,0,0,0,0,0,0,0,0,0,0,101.0856500505902,0.1740738614525096,0
1354,99.99999999990965,38.07999987341362,38.08,-11.73,1.098924975201651,100,1,100,-328.67,0,0,0,0,0,0,0,0,0,0,0,12.69386961873505,0,0.009060440370696612,0
1391,6.37655222101938e-11,1.315714146081706,18.74,-6.17,1.046173348932312,100,1,40,0,0,0,0,0,0,0,0,0,0,0,0,0,17.98645251782334,0,0
1399,-232.7999999998067,-10.19999998990605,11.64,-10.2,1.08638808683153,100,1,100,-232.8,0,0,0,0,0,0,0,0,0,0,0,0,5.931995426876346,0,0.1136218298525069
1409,799.9999999999437,-112.3174773451477,338.66,-151.76,1.068985858367066,100,1,800,266.67,0,0,0,0,0,0,0,0,0,0,0,20.36942838770069,0,0,0
1422,99.99999999992551,6.005806998738417,18.09,-6.79,1.099977177240491,100,1,100,-134.67,0,0,0,0,0,0,0,0,0,0,0,15.39654422954649,0,0,0
1436,4.539807667766866e-10,2.275623409393416,37.72,-12.09,1.095226941290029,100,1,80,0,0,0,0,0,0,0,0,0,0,0,0,0,2.52634519746386,0,0
1458,1999.999999997988,-330.7799999486436,895.23,-330.78,1.076067805098442,100,1,2000,666.67,0,0,0,0,0,0,0,0,0,0,0,0.5700281504043998,0,0,0.02233249808046066
1475,300.0000000003798,-31.32077813510556,394.45,-157,1.075545493595781,100,1,900,300,0,0,0,0,0,0,0,0,0,0,0,0,3.020076473403499,0,0
1478,8.06721215692155e-10,-8.837951078979756,36.4,-13.44,1.085631234153751,100,1,80,0,0,0,0,0,0,0,0,0,0,0,0,0,1.421664707079416,0,0
1498,1.651579664779957e-11,-1.059999994230079,2.25,-1.06,1.095739708058054,100,1,5.31,0,0,0,0,0,0,0,0,0,0,0,0,0,69.4435527903575,0,0.1987749150487406
1570,66.67000000039343,-29.48999998124275,93.16,-29.49,1.093837634786581,100,1,200,66.67,0,0,0,0,0,0,0,0,0,0,0,0,2.915279580527651,0,0.06114558417796143
1604,1.491093282060146e-10,28.43819236505042,37.66,-12.17,1.099999999995322,100,1,80,0,0,0,0,0,0,0,0,0,0,0,0,0,7.691780893204717,0,0
1618,-182.1299999996696,-20.06999998759235,21.27,-20.07,1.093046760796012,100,1,100,-182.13,0,0,0,0,0,0,0,0,0,0,0,0,3.471728623077174,0,0.09243569744628935
1642,5.147903214784944e-10,37.7399998717395,37.74,-12.11,1.048623792814233,100,1,80,0,0,0,0,0,0,0,0,0,0,0,0,0,2.227917854372215,0.008942936937304477,0
1680,666.6700000000594,-247.7579882653894,928.89,-296.1,1.013647701652408,100,1,2000,666.67,0,0,0,0,0,0,0,0,0,0,0,0,19.29332181042317,0,0
1685,1.582539698590193e-10,0.6121738637430608,57.41,-17.22,1.015990998836737,100,1,120,0,0,0,0,0,0,0,0,0,0,0,0,0,7.247309565874016,0,0
1697,99.99999999987851,-8.903427139226602,31.94,-31.24,1.093549623171822,100,1,100,-252,0,0,0,0,0,0,0,0,0,0,0,9.440582922497155,0,0,0
1708,999.99999999994,371.6247654631204,439.37,-173.3,1.080532913227119,100,1,1000,333.33,0,0,0,0,0,0,0,0,0,0,0,19.08500087870508,0,0,0
1721,8.986066737283868e-11,-6.389999901557182,18.52,-6.39,1.099215860724176,100,1,40,0,0,0,0,0,0,0,0,0,0,0,0,0,12.76326651122662,0,0.01164846145449818
1747,300.0000000001953,387.6699999941342,387.67,-163.73,1.089769275511831,100,1,900,300,0,0,0,0,0,0,0,0,0,0,0,0,5.874237463963538,0.1955242938719974,0
1754,41.05999999936741,16.98999999468506,16.99,-7.92,1.039711113155516,100,1,41.06,0,0,0,0,0,0,0,0,0,0,0,0,1.81304830601831,0,0.2157896151573403,0
1788,599.9999999998578,272.2499999950739,272.25,-94.92,1.049250890276939,100,1,600,200,0,0,0,0,0,0,0,0,0,0,0,8.066058499198705,0,0.232827142171503,0
1793,-120.3999999998638,0.4792000451414602,34.64,-15.2,1.068660186431173,100,1,100,-120.4,0,0,0,0,0,0,0,0,0,0,0,0,8.420514478082621,0,0
1794,1546.912232335916,16.47863614005225,926.35,-297.68,1.025515010578623,100,1,2000,666.67,0,0,0,0,0,0,0,0,0,0,0,0,0,0,0
1808,99.99999999981191,14.10231017845586,111.23,-38.16,1.096189333276588,100,1,100,-0.8,0,0,0,0,0,0,0,0,0,0,0,6.09768163934679,0,0,0
1850,32.96999999984612,11.51999995274081,11.52,-10.09,1.063835269333308,100,1,32.97,0,0,0,0,0,0,0,0,0,0,0,0,7.453365881565663,0,0.02426948811722575,0
1851,1.254398083218251e-11,2.482502317664744,11.76,-8.890000000000001,1.095229376043415,100,1,31.92,0,0,0,0,0,0,0,0,0,0,0,0,0,91.43154219748543,0,0
1852,-322.3999999997271,58.15999998195267,58.16,-16.52,1.087550837067252,100,1,100,-322.4,0,0,0,0,0,0,0,0,0,0,0,0,4.203174714639051,0.06357185019197714,0
1888,912.7799999997229,253.7201491424013,396.02,-155.83,1.08878472124799,100,1,912.78,312.78,0,0,0,0,0,0,0,0,0,0,0,4.140125955204586,0,0,0
1890,1130.071810278921,134.0958747031731,686.73,-294.62,1.099586687489202,100,1,1600,533.33,0,0,0,0,0,0,0,0,0,0,0,0,0,0,0
1898,3.88206208383937e-11,-51.24999998247836,133.11,-51.25,1.093846320276517,100,1,300,0,0,0,0,0,0,0,0,0,0,0,0,0,29.54397829410722,0,0.06545778652968488
1909,99.99999999985521,-2.640320033142796,38.67,-11.1,1.052404241366635,100,1,100,-41.57,0,0,0,0,0,0,0,0,0,0,0,7.920955953017248,0,0,0
1914,39.35000000071706,5.749868405760464,160.36,-150.95,1.08956406704323,100,1,472.16,39.35,0,0,0,0,0,0,0,0,0,0,0,0,1.599458445871151,0,0
1947,99.9999999997998,2.049999898209206,2.05,-0.97,1.098969302182134,100,1,100,-22.7,0,0,0,0,0,0,0,0,0,0,0,5.728879392146085,0,0.01126420600792319,0
1959,6.120647650397838e-11,-6.749999993711842,18.14,-6.75,1.095537227866278,100,1,40,0,0,0,0,0,0,0,0,0,0,0,0,0,18.73845968792909,0,0.1823803582684711
1999,1.399351292342435e-10,-30.06999999739151,80.51000000000001,-30.07,1.099942590639991,100,1,180,0,0,0,0,0,0,0,0,0,0,0,0,0,8.196051578754183,0,0.4396877654274248
2030,200.0000000001783,97.07393438540404,257,-110.85,1.09999999999772,100,1,600,200,0,0,0,0,0,0,0,0,0,0,0,0,6.430890187655907,0,0
2035,999.9999999989016,204.5387695030669,441.85,-171.27,1.05391636720479,100,1,1000,333.33,0,0,0,0,0,0,0,0,0,0,0,1.044110531691665,0,0,0
2050,666.6700000003218,181.322463761549,962.2,-263.65,1.075738173155425,100,1,2000,666.67,0,0,0,0,0,0,0,0,0,0,0,0,3.563535158320533,0,0
2085,4.599164384608939e-10,21.70301070163935,88.39,-36.19,1.042368959205844,100,1,200,0,0,0,0,0,0,0,0,0,0,0,0,0,2.493707424246105,0,0
2091,39.99999999986418,2.288114335726133,17.88,-7.04,1.046616810344411,100,1,40,0,0,0,0,0,0,0,0,0,0,0,0,8.444291267338134,0,0,0
2096,1199.999999999931,-67.03703788958975,522.74,-212.37,1.093290306974009,100,1,1200,400,0,0,0,0,0,0,0,0,0,0,0,16.67160904930186,0,0,0
2107,500.0000000001688,661.899999977597,661.9,-257.62,1.076780430212419,100,1,1500,500,0,0,0,0,0,0,0,0,0,0,0,0,6.792465744194829,0.05119564181814609,0
2150,200.0000000000517,63.68983915025891,266.17,-101.5,1.099999999994394,100,1,600,200,0,0,0,0,0,0,0,0,0,0,0,0,22.1653865656348,0,0
2177,-161.7299999999247,-16.25999998617511,58.35,-16.26,1.094627216152298,100,1,100,-161.73,0,0,0,0,0,0,0,0,0,0,0,0,15.23266817691805,0,0.08296938837758452
2193,6.763929289785496e-10,7.116370999212207,7.47,-2.56,1.062730252786296,100,1,16.12,0,0,0,0,0,0,0,0,0,0,0,0,0,1.69563417177635,0,0
2197,99.99999999951615,-14.73999985407197,19.51,-14.74,1.078612609479069,100,1,100,-71.05,0,0,0,0,0,0,0,0,0,0,0,2.370409776223215,0,0,0.007858904713070193
2206,100.000000000093,7.21096133013147,137.29,-46.58,1.01998091020449,100,1,300,100,0,0,0,0,0,0,0,0,0,0,0,0,12.33002412679408,0,0
2225,-111.3299999999549,-1.039999917084058,2.27,-1.04,1.084506161392189,100,1,100,-111.33,0,0,0,0,0,0,0,0,0,0,0,0,25.43847469788362,0,0.01383214418795372
2236,99.99999999992981,-1.069999887474145,2.23,-1.07,1.073579869067339,100,1,100,-51.26,0,0,0,0,0,0,0,0,0,0,0,16.33939242266771,0,0,0.01019282628353835
2267,166.6700000002296,228.1599999875094,228.16,-78.83,1.054836238647385,100,1,500,166.67,0,0,0,0,0,0,0,0,0,0,0,0,4.99478245502779,0.09182191720265484,0
2276,119.2999999997111,-3.680505331381636,41.67,-36.5,1.099999999980642,100,1,119.3,0,0,0,0,0,0,0,0,0,0,0,0,3.970668451465782,0,0,0
2291,1.351985665945426e-10,-28.92999998933333,95.69,-28.93,1.088752077153969,100,1,200,0,0,0,0,0,0,0,0,0,0,0,0,0,8.483196239114438,0,0.1075231336876192
2335,200.000000000288,269.3048356107516,273.49,-94.09999999999999,1.083505356470903,100,1,600,200,0,0,0,0,0,0,0,0,0,0,0,0,3.981959456615684,0,0
2359,79.99999999609383,34.34999990928841,34.35,-15.5,1.074826248988646,100,1,80,0,0,0,0,0,0,0,0,0,0,0,0,0.293619194381056,0,0.01264441006730268,0
2412,409.0899999998707,-7.541924866529935,134.54,-136.29,1.074424474500429,100,1,409.09,0,0,0,0,0,0,0,0,0,0,0,0,8.875246050295042,0,0,0
2421,99.99999999984043,-12.44999999641771,37.39,-12.45,1.075990796315243,100,1,100,-427.2,0,0,0,0,0,0,0,0,0,0,0,7.18741374236138,0,0,0.3201205998052098
2425,-133.9999999999284,54.2999999570258,54.3,-20.49,1.039469303694807,100,1,100,-134,0,0,0,0,0,0,0,0,0,0,0,0,16.02778564370778,0.0266913024054934,0
2426,-57.59999999982968,-32.02275905544955,105.34,-99.02,1.09934957716135,100,1,100,-57.6,0,0,0,0,0,0,0,0,0,0,0,0,6.734028207671214,0,0
2446,1999.999999999761,212.1610455861841,921.62,-304.73,1.05610367837394,100,1,2000,666.67,0,0,0,0,0,0,0,0,0,0,0,4.794967008378396,0,0,0
2460,79.99999999963391,38.00999997637753,38.01,-11.74,1.008690048760637,100,1,80,0,0,0,0,0,0,0,0,0,0,0,0,3.132932223897965,0,0.04855128995456681,0
2468,79.99999999990382,-7.843329134664123,38.02,-11.81,1.099936841557932,100,1,80,0,0,0,0,0,0,0,0,0,0,0,0,11.92411868956548,0,0,0
2481,79.99999999983369,6.656665028591918,39.12,-10.71,1.09278141208733,100,1,80,0,0,0,0,0,0,0,0,0,0,0,0,6.896091136973792,0,0,0
2489,359.9999999979649,32.80797742041364,162.4,-61.79,1.099973369005477,100,1,360,0,0,0,0,0,0,0,0,0,0,0,0,0.5635520955133831,0,0,0
2517,174.6865803754601,26.84075599891178,78.13,-77.06999999999999,1.092200560241749,100,1,234.52,0,0,0,0,0,0,0,0,0,0,0,0,0,0,0,0
2550,2.461961770080194e-10,-8.873911030622002,58.23,-16.49,1.098645052860865,100,1,120,0,0,0,0,0,0,0,0,0,0,0,0,0,4.658547924581069,0,0
2572,467.055665860182,29.71539984263626,276.19,-91.63,1.034824644081783,100,1,600,200,0,0,0,0,0,0,0,0,0,0,0,0,0,0,0
2600,159.9999999998875,-19.77842648837894,76.08,-23.59,1.09999999999575,100,1,160,0,0,0,0,0,0,0,0,0,0,0,0,10.19265903949976,0,0,0
2627,1999.999999999936,204.250928660119,921.52,-304.79,1.054645205145256,100,1,2000,666.67,0,0,0,0,0,0,0,0,0,0,0,17.80378951704246,0,0,0
2642,1999.999999998406,66.71643466960498,848.76,-377.67,1.099999999998556,100,1,2000,666.67,0,0,0,0,0,0,0,0,0,0,0,0.7194368989592129,0,0,0
2653,1.756934303044412e-10,-22.7999998837247,51.94,-22.8,1.05436464234175,100,1,120,0,0,0,0,0,0,0,0,0,0,0,0,0,6.527888978047051,0,0.009830781439920897
2658,200.0000000032502,32.81764658107188,124.68,-59.39,1.083738368761329,100,1,700,200,0,0,0,0,0,0,0,0,0,0,0,0,0.3528749503456465,0,0
2660,6.342031331840063e-11,-3.500412426639444,79.69,-30.77,1.015325662589114,100,1,180,0,0,0,0,0,0,0,0,0,0,0,0,0,18.08435674347973,0,0
2686,-97.19999999991377,-69.89999982240022,69.01000000000001,-69.90000000000001,1.073779861042379,100,1,100,-97.2,0,0,0,0,0,0,0,0,0,0,0,0,13.30058768208338,0,0.006458163667098869
2719,5.701633426405854e-11,10.05696258833903,70.15000000000001,-58.1,1.098162067518165,100,1,196.72,0,0,0,0,0,0,0,0,0,0,0,0,0,20.1155585742646,0,0
2764,300.0000000004125,-134.4999999787252,416.7,-134.5,1.088385913637547,100,1,900,300,0,0,0,0,0,0,0,0,0,0,0,0,2.780436345324401,0,0.05390891987263649
2786,1999.99999999982,438.8392932962118,934.8099999999999,-291.47,1.111006723338239,100,1,2000,666.67,0,0,0,0,0,0,0,0,0,0,0,6.370790072290824,0,0,0
2797,99.99999999987641,-36.32999954073507,88.33,-36.33,1.085671476293381,100,1,100,-126.8,0,0,0,0,0,0,0,0,0,0,0,9.279892070054071,0,0,0.002497015825406589
2799,4.487277377851012e-11,-4.672913627522105e-06,77.91,-21.66,1.091883490181801,100,1,160,0,0,0,0,0,0,0,0,0,0,0,0,0,25.559268366676,0,0
2800,400.0000000001606,69.98894370954085,525.34,-209.84,1.093965635532919,100,1,1200,400,0,0,0,0,0,0,0,0,0,0,0,0,7.140254282761528,0,0
2816,1999.999999999741,374.4331533753612,926.26,-297.74,1.050735458539482,100,1,2000,666.67,0,0,0,0,0,0,0,0,0,0,0,4.435894297544464,0,0,0
2817,2.204836563800476e-10,-14.9399999404916,34.8,-14.94,1.01036950472077,100,1,80,0,0,0,0,0,0,0,0,0,0,0,0,0,5.201816286914204,0,0.01927317273089648
2841,119.9999999993255,-11.59372190928579,55.98,-18.76,1.099999999992725,100,1,120,0,0,0,0,0,0,0,0,0,0,0,0,1.700477022209912,0,0,0
2842,7.356647395568541e-11,18.18999973693075,18.19,-6.74,1.099898636794154,100,1,40,0,0,0,0,0,0,0,0,0,0,0,0,0,15.59019861855291,0.004359781796684065,0
2853,159.9999999999096,-5.828908722125209,72.02,-27.47,1.02289140299231,100,1,160,0,0,0,0,0,0,0,0,0,0,0,0,12.68620622503383,0,0,0
2872,1.273453848075051e-11,-1.148764039273658,3.31,-2.54,1.090761738988555,100,1,9.050000000000001,0,0,0,0,0,0,0,0,0,0,0,0,0,90.06338411403308,0,0
2878,7.503298552192926e-10,38.66586917282451,72.95,-68.70999999999999,1.09556530596068,100,1,214.86,0,0,0,0,0,0,0,0,0,0,0,0,0,1.528550356578685,0,0
2886,1.31285224009321e-11,-17.0199997735322,57.69,-17.02,1.083927006215978,100,1,120,0,0,0,0,0,0,0,0,0,0,0,0,0,87.36056542328399,0,0.005064730987930829
2896,-297.8699999998711,1.519999949261621,1.52,-0.73,1.045628150439362,100,1,100,-297.87,0,0,0,0,0,0,0,0,0,0,0,0,8.902347818155084,0.02260464850809163,0
2902,1.790422876217313e-10,-5.719999993299088,19.19,-5.72,1.099553927691573,100,1,40,0,0,0,0,0,0,0,0,0,0,0,0,0,6.405836138453476,0,0.1711745396266728
2930,1.507381890937355e-10,2.100579081026167,37.24,-12.54,1.095228851234633,100,1,80,0,0,0,0,0,0,0,0,0,0,0,0,0,7.608652197463851,0,0
2934,6.212408046885348e-11,-6.773331467753524e-07,2.51,-1.91,1.098665730332363,100,1,6.83,0,0,0,0,0,0,0,0,0,0,0,0,0,18.4616959249328,0,0
2946,-19.77917695748731,1.829999848801398,1.83,-0.87,1.058176899514115,100,1,100,-296.13,0,0,0,0,0,0,0,0,0,0,0,0,0,0.007585526907118374,0
2985,254.3250951514225,7.765354024076469,184.46,-132.67,1.094924207685807,100,1,493.35,0,0,0,0,0,0,0,0,0,0,0,0,0,0,0,0
3018,4.35938109832225e-11,5.257500354304396,89.61,-34.82,1.091464647986781,100,1,200,0,0,0,0,0,0,0,0,0,0,0,0,0,26.30913036943748,0,0
3028,333.3300000002406,176.0766044813437,441.85,-171.27,1.05253228540658,100,1,1000,333.33,0,0,0,0,0,0,0,0,0,0,0,0,4.766613316251048,0,0
3054,399.9999999994573,167.7199999565509,167.72,-77.11,1.033043533324224,100,1,400,133.33,0,0,0,0,0,0,0,0,0,0,0,2.113479371320391,0,0.02639649928080742,0
3113,-27.06999999992377,-20.98999999493438,22.39,-20.99,1.095630672686556,100,1,100,-27.07,0,0,0,0,0,0,0,0,0,0,0,0,15.04619425651576,0,0.2264118299379195
3114,1.388372913631729e-11,-7.60999998912523,17.33,-7.61,1.089935461432899,100,1,40,0,0,0,0,0,0,0,0,0,0,0,0,0,82.60861606491959,0,0.1054656025499743
3133,3.394958912906872e-09,-32.57246859906333,113.97,-35.56,1.085203106031947,100,1,240,0,0,0,0,0,0,0,0,0,0,0,0,0,0.3378304132364354,0,0
3134,-181.7299999999417,33.61916323052971,70.25,-29.33,1.085134031891813,100,1,100,-181.73,0,0,0,0,0,0,0,0,0,0,0,0,19.67342126000546,0,0
3150,99.99999999979313,6.659999757397841,6.66,-5.1,1.069972597685887,100,1,100,-41.79,0,0,0,0,0,0,0,0,0,0,0,5.544293404395288,0,0.004727452728069151,0
3157,1.057306304822621e-10,-0.2859885262829013,6.78,-5.13,1.050402742002356,100,1,18.41,0,0,0,0,0,0,0,0,0,0,0,0,0,10.84752351282262,0,0
3163,206.8599999998872,15.41938079675841,67.92,-69.02,1.06819671367055,100,1,206.86,0,0,0,0,0,0,0,0,0,0,0,0,10.16690273367769,0,0,0
3183,8.263764256297898e-11,-3.550732157028113e-07,53.7,-20.98,1.091883490175275,100,1,120,0,0,0,0,0,0,0,0,0,0,0,0,0,13.87884436668087,0,0
3205,1.393327934928525e-10,243.6099999796373,243.61,-88.45999999999999,1.080917562981191,100,1,540,0,0,0,0,0,0,0,0,0,0,0,0,0,8.231447028339412,0.05632557298801448,0
3218,-143.1999999975258,-1.772272356775669,36.79,-13,1.080130062059113,100,1,100,-143.2,0,0,0,0,0,0,0,0,0,0,0,0,0.4635499458319325,0,0
3233,8.030309208277873e-11,93.50978624644908,178.47,-79.11,1.064245699539252,100,1,420,0,0,0,0,0,0,0,0,0,0,0,0,0,14.28233371392347,0,0
3240,-56.39999999993051,-35.67626938246843,62.23,-51.37,1.092371989999288,100,1,100,-56.4,0,0,0,0,0,0,0,0,0,0,0,0,16.50886391045277,0,0
3291,166.6700000010105,-26.59352557494063,229,-77.02,1.070016015727539,100,1,500,166.67,0,0,0,0,0,0,0,0,0,0,0,0,1.13497217904697,0,0
3306,333.3300000014802,97.1242313853148,439.2,-173.43,1.099999999989512,100,1,1000,333.33,0,0,0,0,0,0,0,0,0,0,0,0,0.7748510362276133,0,0
3324,-35.2999999999258,38.12999997791937,38.13,-11.64,1.07476407154366,100,1,100,-35.3,0,0,0,0,0,0,0,0,0,0,0,0,15.4583583139176,0.05194465154996356,0
3334,-60.66999999947614,34.40999983301815,34.41,-15.34,1.063569113083416,100,1,100,-60.67,0,0,0,0,0,0,0,0,0,0,0,0,2.18937465402472,0.006868534105392683,0
3335,615.8283239543878,1043.660897079797,99999,-99999,1.099586687489121,100,1,630,-630,0,0,0,0,0,0,0,0,0,0,0,0,0,0,0
3346,79.99999999992326,37.09999998236139,37.1,-12.76,1.051645173265613,100,1,80,0,0,0,0,0,0,0,0,0,0,0,0,14.94436754739075,0,0.06502530477498106,0
3353,7.439905979937683e-11,-0.6880148030671104,38.2,-11.61,1.088026139595412,100,1,80,0,0,0,0,0,0,0,0,0,0,0,0,0,15.41573298053074,0,0
3364,3.279811684423624e-11,-4.134712381856912e-06,47.19,-41.44,1.091883490182399,100,1,135.27,0,0,0,0,0,0,0,0,0,0,0,0,0,34.96893936667735,0,0
3390,4.156521778628533e-10,54.58999998964157,54.59,-20.19,1.062217795014928,100,1,120,0,0,0,0,0,0,0,0,0,0,0,0,0,2.759304050820751,0.1107277558947963,0
3416,179.9999999998504,53.91185989490182,76.43000000000001,-34.12,1.022328663188373,100,1,180,0,0,0,0,0,0,0,0,0,0,0,0,7.667390011431203,0,0,0
3422,4.649968940226846e-11,-16.49999999399195,58.19,-16.5,1.09616850459307,100,1,120,0,0,0,0,0,0,0,0,0,0,0,0,0,24.66500811753369,0,0.1908838672332736
3436,400.000000000222,246.4367910700384,550.97,-184.89,1.0916775072351,100,1,1200,400,0,0,0,0,0,0,0,0,0,0,0,0,5.166110815867754,0,0
3492,-494.3999999999087,21.59046224021822,53.75,-21.08,1.084376443143118,100,1,100,-494.4,0,0,0,0,0,0,0,0,0,0,0,0,12.56358230563368,0,0
3513,899.9999999998768,387.8799976473511,387.88,-163.4,1.082557265305229,100,1,900,300,0,0,0,0,0,0,0,0,0,0,0,9.299444590443587,0,0.0004875914813339477,0
3565,79.99999999952647,-9.454515154324552,38.83,-10.97,1.099091812909023,100,1,80,0,0,0,0,0,0,0,0,0,0,0,0,2.422056837566531,0,0,0
3580,599.9999999998697,188.7882411584367,261.7,-107.36,1.096222102663121,100,1,600,0,0,0,0,0,0,0,0,0,0,0,0,8.799584819448016,0,0,0
3582,99.9999999999267,-37.82076794182414,52.83,-52.04,1.086644288623838,100,1,100,-429.07,0,0,0,0,0,0,0,0,0,0,0,15.64690200557503,0,0,0
3584,-117.8699999992116,3.601741695113264,19.8,-15.12,1.069255612282373,100,1,100,-117.87,0,0,0,0,0,0,0,0,0,0,0,0,1.454651841011626,0,0
3585,5.408428014307631e-11,32.52705426407974,37.43,-12.32,1.031790176678263,100,1,80,0,0,0,0,0,0,0,0,0,0,0,0,0,21.20608022381325,0,0
3611,-167.199999999916,40.64651460776838,54.59,-20.12,1.090825134955052,100,1,100,-167.2,0,0,0,0,0,0,0,0,0,0,0,0,13.65854230964813,0,0
3621,202.1567919846133,-25.00040643960998,130.01,-54.04,1.078142989914799,100,1,300,0,0,0,0,0,0,0,0,0,0,0,0,0,0,0,0
3629,1.905860758783553e-10,11.11718850948457,76.84999999999999,-22.64,1.065385772912308,100,1,160,0,0,0,0,0,0,0,0,0,0,0,0,0,6.017834494343961,0,0
3644,1.399319623308641e-11,12.13714508622954,22.35,-21.22,1.069085214205759,100,1,66.09,0,0,0,0,0,0,0,0,0,0,0,0,0,81.96237430202572,0,0
3656,-34.92999999744869,-33.31999998970589,116.07,-33.32,1.090487121137846,100,1,100,-34.93,0,0,0,0,0,0,0,0,0,0,0,0,0.4495427276601615,0,0.1114146211764633
3659,1999.99999999992,943.6399999690556,943.64,-282.01,1.098078836955035,100,1,2000,666.67,0,0,0,0,0,0,0,0,0,0,0,14.38500654565373,0,0.03706414546112346,0
3661,999.9999999999125,112.3912182051437,441.04,-172.05,1.094288800567693,100,1,1000,333.33,0,0,0,0,0,0,0,0,0,0,0,13.1067190355485,0,0,0
3673,599.9999999996886,98.78367778236927,257.61,-110.43,1.074752687801886,100,1,600,200,0,0,0,0,0,0,0,0,0,0,0,3.68336406790641,0,0,0
3689,9.936035891224011e-11,2.179999968982087,2.18,-1.05,1.075423994392019,100,1,6.2,0,0,0,0,0,0,0,0,0,0,0,0,0,11.54298684650952,0.0369753990603855,0
3691,100.0000000001248,133.389426864787,133.84,-49.89,1.099999999986941,100,1,300,100,0,0,0,0,0,0,0,0,0,0,0,0,9.191762244480422,0,0
3692,419.9999999996035,-6.437533190014411,180.11,-77.84,1.072958577760413,100,1,420,0,0,0,0,0,0,0,0,0,0,0,0,2.892710207185898,0,0,0
3698,-16.77999999975912,36.33999999098157,36.34,-13.47,1.088570764060306,100,1,100,-16.78,0,0,0,0,0,0,0,0,0,0,0,0,4.76125425289551,0.1271904531204475,0
3711,5.030581507555263e-11,32.73826461489164,38.36,-11.38,1.014870966532726,100,1,80,0,0,0,0,0,0,0,0,0,0,0,0,0,22.79886680227961,0,0
3723,400.0000000001095,16.44535914726396,514.15,-221.73,1.099999999923149,100,1,1200,400,0,0,0,0,0,0,0,0,0,0,0,0,10.47581480468788,0,0
3741,1199.999999998163,212.0277201719921,548.5700000000001,-187.16,1.054317532215277,100,1,1200,400,0,0,0,0,0,0,0,0,0,0,0,0.6243853680297845,0,0,0
3791,119.9999999997623,16.7704699622529,54.7,-19.97,1.017823875638617,100,1,120,0,0,0,0,0,0,0,0,0,0,0,0,4.826037793671764,0,0,0
3792,9.669625689144746e-10,-41.24999999271091,108.06,-41.25,1.086352949597213,100,1,240,0,0,0,0,0,0,0,0,0,0,0,0,0,1.186100704006529,0,0.1573468251754847
3809,699.9999999997717,27.27402579532024,313.01,-116.73,1.099999999999572,100,1,700,233.33,0,0,0,0,0,0,0,0,0,0,0,5.023619937348665,0,0,0
3821,133.3300000000553,22.01451158532472,165.76,-79.17,1.067139038901974,100,1,400,133.33,0,0,0,0,0,0,0,0,0,0,0,0,20.74622129336491,0,0
3825,300.0000000000117,58.88140604494001,388.17,-163.4,1.066828630250371,100,1,900,300,0,0,0,0,0,0,0,0,0,0,0,0,97.78754698189955,0,0
3840,-30.59999999975978,-35.41999992677845,36.29,-35.42,1.086282899239765,100,1,100,-30.6,0,0,0,0,0,0,0,0,0,0,0,0,4.774531208430003,0,0.01566347504362847
3869,333.3300000010746,165.0613227440581,440.69,-172.14,1.051628462006796,100,1,1000,333.33,0,0,0,0,0,0,0,0,0,0,0,0,1.067273184233058,0,0
3876,-33.4699999999314,34.26999998919631,34.27,-15.52,1.068210354439808,100,1,100,-33.47,0,0,0,0,0,0,0,0,0,0,0,0,16.71828442618702,0.1061627134175376,0
3916,99.9999999994794,38.01999997967015,38.02,-11.77,1.073718979808935,100,1,100,-28.37,0,0,0,0,0,0,0,0,0,0,0,2.20309059430876,0,0.05643001091145369,0
3951,-36.12999999970184,-4.140317979717559,126.16,-127.56,1.094137116271694,100,1,100,-36.13,0,0,0,0,0,0,0,0,0,0,0,0,3.84654227299975,0,0
3971,-179.3299999998863,0.2246428804890072,55.67,-19.09,1.099784262426296,100,1,100,-179.33,0,0,0,0,0,0,0,0,0,0,0,0,10.08475866938152,0,0
3983,100.000000000264,86.16763785079667,134.98,-48.75,1.068314445112389,100,1,300,100,0,0,0,0,0,0,0,0,0,0,0,0,4.344388488193601,0,0
3987,1.659917125060753e-10,0.003346508646623219,38.05,-11.72,1.034530884150519,100,1,80,0,0,0,0,0,0,0,0,0,0,0,0,0,6.909474373037398,0,0
4016,1.267791462398952e-10,20.44510476570814,52.25,-22.44,1.072446930979962,100,1,120,0,0,0,0,0,0,0,0,0,0,0,0,0,9.046562857312541,0,0
4024,4.654029255662571e-10,21.70305416696497,97.06999999999999,-27.44,1.042371041291776,100,1,200,0,0,0,0,0,0,0,0,0,0,0,0,0,2.464309424246028,0,0
4026,499.9999999999193,-63.22179948580532,223.07,-83.7,1.092669118450396,100,1,500,166.67,0,0,0,0,0,0,0,0,0,0,0,14.20436277083897,0,0,0
4056,99.99999999982103,-11.76999998688942,38.05,-11.77,1.085406605280876,100,1,100,-102.53,0,0,0,0,0,0,0,0,0,0,0,6.408387700775018,0,0,0.08747757742418204
4084,599.9999999987891,86.85615401848327,264.94,-103.74,1.099999999998595,100,1,600,0,0,0,0,0,0,0,0,0,0,0,0,0.9472074266672408,0,0,0
4118,79.99999999992842,-11.39999996463669,38.37,-11.4,1.067708353707556,100,1,80,0,0,0,0,0,0,0,0,0,0,0,0,16.02066882113352,0,0,0.03242369117659256
4125,1.304087023948356e-11,36.88999995074103,36.89,-13,1.043262821509152,100,1,80,0,0,0,0,0,0,0,0,0,0,0,0,0,87.94774170676588,0.02328779467051358,0
4128,5.142992471469526e-11,57.02999997694674,57.03,-17.63,1.090917440847056,100,1,120,0,0,0,0,0,0,0,0,0,0,0,0,0,22.30054997970991,0.04975068047097549,0
4182,799.999999999428,94.94825893735972,344.9,-146.06,1.074770746200909,100,1,800,266.67,0,0,0,0,0,0,0,0,0,0,0,2.005203786803636,0,0,0
4192,899.9999999999302,241.7226108118739,396.38,-154.99,1.099999999998754,100,1,900,300,0,0,0,0,0,0,0,0,0,0,0,16.43410635072141,0,0,0
4204,50.210929707573,1.82999994517122,1.83,-0.85,1.04882014661884,100,1,100,-64.20999999999999,0,0,0,0,0,0,0,0,0,0,0,0,0,0.02091051138226918,0
4231,4188.94999999994,132.6598630692217,99999,-99999,1.082302867547511,100,1,4188.95,1333.33,0,0,0,0,0,0,0,0,0,0,0,19.24670264303911,0,0,0
4259,39.99999999932273,15.50727803897669,18.41,-6.45,1.031766375618791,100,1,40,0,0,0,0,0,0,0,0,0,0,0,0,1.693437979637252,0,0,0
4279,599.9999999998812,-68.32309083149019,261.6,-106.39,1.038143796243157,100,1,600,200,0,0,0,0,0,0,0,0,0,0,0,9.655254121458556,0,0,0
4291,3.636494929099635e-10,2.951359697075264,196.08,-61.88,1.042631232866006,100,1,420,0,0,0,0,0,0,0,0,0,0,0,0,0,3.153903062297501,0,0
4331,79.99999999784981,12.10650703939054,36.73,-13.12,1.081768570018466,100,1,80,0,0,0,0,0,0,0,0,0,0,0,0,0.5333982756135746,0,0,0
4333,1.008866345221116e-10,-16.45828698373556,79.09999999999999,-31.46,1.006502645636911,100,1,180,0,0,0,0,0,0,0,0,0,0,0,0,0,11.36835927498958,0,0
4337,1676.77402809178,161.8177788476966,576.78,-158.19,1.046546278077777,100,1,2700,800,0,0,0,0,0,0,0,0,0,0,0,0,0,0,0
4338,-69.99999999867742,0.8801544043351438,16.93,-7.97,1.067334718593162,100,1,100,-70,0,0,0,0,0,0,0,0,0,0,0,0,0.8671881422036449,0,0
4393,299.9999999997279,-41.86999997415222,142,-41.87,1.091019877730919,100,1,300,100,0,0,0,0,0,0,0,0,0,0,0,4.215518894062553,0,0,0.04437190817471316
4395,99.9999999972889,38.4799999896703,38.48,-11.33,1.088383753764826,100,1,100,-172.13,0,0,0,0,0,0,0,0,0,0,0,0.4230734490794464,0,0.1110460496590365,0
4419,999.9999999993175,147.8991445815611,441.04,-172.05,1.094333210510291,100,1,1000,333.33,0,0,0,0,0,0,0,0,0,0,0,1.680382651743009,0,0,0
4428,1.590200252278641e-11,14.27509241097865,20.49,-19.24,1.066555975625169,100,1,60.24,0,0,0,0,0,0,0,0,0,0,0,0,0,72.12397183580478,0,0
4442,99.99999999995009,-17.49231895632644,34.61,-33.92,1.090215819224795,100,1,100,-14.98,0,0,0,0,0,0,0,0,0,0,0,22.98357526396843,0,0,0
4480,333.3300000002177,98.77514829916991,439.2,-173.43,1.099999999989553,100,1,1000,333.33,0,0,0,0,0,0,0,0,0,0,0,0,5.268964243731416,0,0
4482,79.99999999980632,38.84999971548111,38.85,-10.95,1.098230640074789,100,1,80,0,0,0,0,0,0,0,0,0,0,0,0,5.92147929503351,0,0.004031561707768264,0
4506,-229.0699999998811,37.85999998658781,37.86,-11.95,1.060457500860882,100,1,100,-229.07,0,0,0,0,0,0,0,0,0,0,0,0,9.645877428391872,0.0855160896262632,0
4566,-40.50999999991963,37.93999999069032,37.94,-11.87,1.094477186037734,100,1,100,-40.51,0,0,0,0,0,0,0,0,0,0,0,0,14.27089180085156,0.123219016913561,0
4586,-60.49274878151386,-29.8099999995857,92.95999999999999,-29.81,1.070969287763304,100,1,100,-727.6,0,0,0,0,0,0,0,0,0,0,0,0,0,0,2.768309963413513
4624,6.546203877575934e-11,30.25203918662637,35.62,-14.19,1.090925623163348,100,1,80,0,0,0,0,0,0,0,0,0,0,0,0,0,17.52027947109602,0,0
4657,1.20760988594364e-10,3.302173764437894,140.98,-43.31,1.041521785675681,100,1,300,0,0,0,0,0,0,0,0,0,0,0,0,0,9.497402570613508,0,0
4661,-105.199999999788,19.13999992340645,19.14,-5.77,1.091882941816395,100,1,100,-105.2,0,0,0,0,0,0,0,0,0,0,0,0,5.411115857517843,0.01498453938001391,0
4663,99.99999999979232,-19.62999996340125,55.07,-19.63,1.079267036237177,100,1,100,-154.67,0,0,0,0,0,0,0,0,0,0,0,5.522582921364908,0,0,0.03133754909263934
4690,899.999999999945,-21.38391627492696,417.98,-132.47,1.099999999997268,100,1,900,300,0,0,0,0,0,0,0,0,0,0,0,20.82244843648134,0,0,0
4701,6.116862530214913e-11,35.03833226375031,98.40000000000001,-86.29000000000001,1.08606014362331,100,1,281.85,0,0,0,0,0,0,0,0,0,0,0,0,0,18.7500564217567,0,0
4772,199.9999999988736,20.92221822600016,89.54000000000001,-34.98,1.080323023165107,100,1,200,0,0,0,0,0,0,0,0,0,0,0,0,1.018181128841879,0,0,0
4773,3.17050108007589e-10,-0.8801714608002504,22.15,-20.9,1.081206121756413,100,1,65.3,0,0,0,0,0,0,0,0,0,0,0,0,0,3.617457523583956,0,0
4776,899.9999999976335,113.703662102726,389.83,-161.16,1.099999999995502,100,1,900,300,0,0,0,0,0,0,0,0,0,0,0,0.4846652433866059,0,0,0
4783,952.9983551281983,1.770627909316858,439.2,-173.43,1.083989144528805,100,1,1000,333.33,0,0,0,0,0,0,0,0,0,0,0,0,0,0,0
4816,-34.769999999942,38.36999999030839,38.37,-11.44,1.074143246322333,100,1,100,-34.77,0,0,0,0,0,0,0,0,0,0,0,0,19.77419995161117,0.1183440228723777,0
4819,999.999999999938,194.1051084754841,440.69,-172.14,1.052715978260651,100,1,1000,333.33,0,0,0,0,0,0,0,0,0,0,0,18.4931586600982,0,0,0
4823,1.300001365867874e-10,-2.069999881104609,4.44,-2.07,1.092467007929132,100,1,10.46,0,0,0,0,0,0,0,0,0,0,0,0,0,8.822421428035911,0,0.009646405090439868
4843,8.021210492331805e-11,-3.809999977500707,5,-3.81,1.086292094301009,100,1,13.63,0,0,0,0,0,0,0,0,0,0,0,0,0,14.29853396876584,0,0.05097468327526076
4846,100.000000000041,130.5336940416299,133.84,-49.89,1.09999999998721,100,1,300,100,0,0,0,0,0,0,0,0,0,0,0,0,27.97684237174438,0,0
4850,1.937346018460469e-10,-6.29481266654307,76.52,-23.19,1.084451917920415,100,1,160,0,0,0,0,0,0,0,0,0,0,0,0,0,5.919999016278844,0,0
4880,-53.72999999980303,0.6076010943081799,75.62,-23.96,1.09639724798771,100,1,100,-53.73,0,0,0,0,0,0,0,0,0,0,0,0,5.822974235202327,0,0
4897,2.86235023563297e-10,19.27960293725343,37.58,-12.23,1.071010428692404,100,1,80,0,0,0,0,0,0,0,0,0,0,0,0,0,4.006900925774856,0,0
4918,79.99999999985081,37.26999970952887,37.27,-12.57,1.066211808596278,100,1,80,0,0,0,0,0,0,0,0,0,0,0,0,7.687798817419574,0,0.003973882603869232,0
4931,2.756356355520875e-10,-33.63999994942226,34.39,-33.64,1.07831546689749,100,1,102.79,0,0,0,0,0,0,0,0,0,0,0,0,0,4.16098311451434,0,0.02267549482603672
4945,499.9999999998913,20.65862290491233,224.4,-82.22,1.088762509917217,100,1,500,166.67,0,0,0,0,0,0,0,0,0,0,0,10.54879945960863,0,0,0
4952,-16.76999999994773,13.37268976570319,37.23,-12.61,1.092487564044973,100,1,100,-16.77,0,0,0,0,0,0,0,0,0,0,0,0,21.94282035033539,0,0
4954,119.9999999998697,9.045626049287318,54.46,-20.26,1.066027348138272,100,1,120,0,0,0,0,0,0,0,0,0,0,0,0,8.799984125713452,0,0,0
4957,1199.999999999944,-201.1199996192352,533.39,-201.12,1.082648682913215,100,1,1200,400,0,0,0,0,0,0,0,0,0,0,0,20.29353349897657,0,0,0.003007398618833384
4967,1.065246734924811e-10,-3.70934118750999,182.2,-75.83,1.07218804968279,100,1,420,0,0,0,0,0,0,0,0,0,0,0,0,0,10.76666447080563,0,0
5004,6.32015171458133e-10,24.96985573219276,74.73,-70.41,1.093813165548862,100,1,220.12,0,0,0,0,0,0,0,0,0,0,0,0,0,1.814699256032045,0,0
5019,1.8882477404011e-10,1.950530966115378,37.72,-12.09,1.095225020842377,100,1,80,0,0,0,0,0,0,0,0,0,0,0,0,0,6.073960197463885,0,0
5025,-206.799999999908,5.649999904675706,5.65,-4.3,1.055646583672746,100,1,100,-206.8,0,0,0,0,0,0,0,0,0,0,0,0,12.4706442796365,0.01203186487293152,0
5051,5.037331375150816e-11,65.60085121643728,74.55,-24.97,1.081856434716698,100,1,160,0,0,0,0,0,0,0,0,0,0,0,0,0,22.76830629637647,0,0
5060,1.529026243885533e-10,-12.42999998722817,14.22,-12.43,1.091618595213016,100,1,40.68,0,0,0,0,0,0,0,0,0,0,0,0,0,7.500953271293929,0,0.08979756400359511
5065,400.0000000001554,65.94397987210662,532.96,-203.19,1.099999999994528,100,1,1200,400,0,0,0,0,0,0,0,0,0,0,0,0,7.380940551877806,0,0
5067,8.041942380776641e-11,157.7460509328138,258.91,-109.58,1.038484014143755,100,1,600,0,0,0,0,0,0,0,0,0,0,0,0,0,14.26169957245614,0,0
5091,8.729010333512326e-11,-69.24999995809306,151.81,-69.25,1.084327909142611,100,1,360,0,0,0,0,0,0,0,0,0,0,0,0,0,13.13912441211419,0,0.02736393449441175
5097,7.08000000012918,8.909999997543366,8.91,-4.11,1.092142686083956,100,1,21.23,7.08,0,0,0,0,0,0,0,0,0,0,0,0,8.878466413736074,0.4668607592416527,0
5110,-70.00999999982993,5.292187912873574,38.28,-11.5,1.090055528509342,100,1,100,-70.01000000000001,0,0,0,0,0,0,0,0,0,0,0,0,6.743482443076695,0,0
5120,119.9999999999251,-7.817491376246334,56.35,-18.42,1.099999999989212,100,1,120,0,0,0,0,0,0,0,0,0,0,0,0,15.32037190140374,0,0,0
5144,1999.999999999712,626.7162137316676,882.86,-343.24,1.090879813796781,100,1,2000,666.67,0,0,0,0,0,0,0,0,0,0,0,3.98622238421117,0,0,0
5171,-116.7999999997913,24.33737493368552,32.89,-32.29,1.079880179739537,100,1,100,-116.8,0,0,0,0,0,0,0,0,0,0,0,0,5.496510486026536,0,0
5237,1.31276711990008e-10,-24.73999995950316,75.02,-24.74,1.085508473652104,100,1,160,0,0,0,0,0,0,0,0,0,0,0,0,0,8.736591075907102,0,0.0283218497856189
5239,-1792.52999999993,157.0148964327013,99999,-99999,1.057381821319379,100,1,100,-1792.53,0,0,0,0,0,0,0,0,0,0,0,0,16.35685050298275,0,0
5278,1.240577678882326e-10,51.29999999097976,51.3,-23.49,1.088791539148074,100,1,120,0,0,0,0,0,0,0,0,0,0,0,0,0,9.244980380053331,0.1271650295681069,0
5280,-258.5299999998778,2.289999925350175,2.29,-1.06,1.059393866722099,100,1,100,-258.53,0,0,0,0,0,0,0,0,0,0,0,0,9.383965335233277,0.01536003682529329,0
5290,8.167059659272934e-11,76.13194080248826,159.67,-61.42,1.039584782788857,100,1,360,0,0,0,0,0,0,0,0,0,0,0,0,0,14.04318789107408,0,0
5299,51.19000000179719,4.782651446998503,542.73,-582.6799999999999,1.099999999881185,100,1,1689.14,51.19,0,0,0,0,0,0,0,0,0,0,0,0,0.6381746133265449,0,0
5329,99.99999999970215,35.24999992328453,35.25,-34.6,1.082841642270918,100,1,100,-73.05,0,0,0,0,0,0,0,0,0,0,0,3.850854951799682,0,0.01495018328080831,0
5340,-211.999999999571,36.36999997611717,36.37,-13.43,1.092068317308696,100,1,100,-212,0,0,0,0,0,0,0,0,0,0,0,0,2.673118323478733,0.0480227148071932,0
5348,1.543919915492077e-11,11.35999984531838,11.36,-10.08,1.048530879856739,100,1,32.74,0,0,0,0,0,0,0,0,0,0,0,0,0,74.28595134287016,0.007414816385658487,0
5365,3.977271271064495e-11,-6.749999994600456,18.14,-6.75,1.099384319871621,100,1,40,0,0,0,0,0,0,0,0,0,0,0,0,0,28.83673743088971,0,0.2123972017894195
5379,1999.999999999935,439.2057610428384,926.47,-297.63,1.119810258242978,100,1,2000,666.67,0,0,0,0,0,0,0,0,0,0,0,17.63523086308121,0,0,0
5395,-527.7299999998687,57.90514843352653,58.06,-16.66,1.089687457563104,100,1,100,-527.73,0,0,0,0,0,0,0,0,0,0,0,0,8.73726844103607,0,0
5409,239.999999999815,16.18953186668965,102.6,-44.69,1.055158164002024,100,1,240,0,0,0,0,0,0,0,0,0,0,0,0,6.19892181920371,0,0,0
5425,239.999999995547,-39.19999997944858,108.27,-39.2,1.094597085194464,100,1,240,0,0,0,0,0,0,0,0,0,0,0,0,0.2575611442288852,0,0,0.0558074430717256
5461,79.99999999907266,38.25999997589527,38.26,-11.55,1.068856637543896,100,1,80,0,0,0,0,0,0,0,0,0,0,0,0,1.236775892713502,0,0.04758193740159575,0
5465,5.670395287746591e-11,22.64490262125514,31.09,-30.76,1.048687059599381,100,1,93.47,0,0,0,0,0,0,0,0,0,0,0,0,0,20.22637719362809,0,0
5481,1999.999999999624,-87.09181431297441,920.3099999999999,-305.64,1.049493725583674,100,1,2000,666.67,0,0,0,0,0,0,0,0,0,0,0,3.053342273339331,0,0,0
5482,9.194846050229265e-11,-48.11999993107315,101.32,-48.12,1.099999999996877,100,1,249.06,0,0,0,0,0,0,0,0,0,0,0,0,0,12.47346616141554,0,0.01664017334854609
5486,999.999999999899,112.0529605539316,441.04,-172.05,1.094247778785251,100,1,1000,333.33,0,0,0,0,0,0,0,0,0,0,0,11.37621003554881,0,0,0
5488,-128.5299999892585,37.48999999526952,37.49,-12.33,1.058796779348492,100,1,100,-128.53,0,0,0,0,0,0,0,0,0,0,0,0,0.1067595559255339,0.2424682009568422,0
5490,1333.330000000076,794.9524054632883,1765.36,-686.67,1.079373114940521,100,1,4000,1333.33,0,0,0,0,0,0,0,0,0,0,0,0,15.14624680367915,0,0
5512,1.19723701161653e-10,-1.390079216032351,69.67,-30,1.064483413852909,100,1,160,0,0,0,0,0,0,0,0,0,0,0,0,0,9.579685178839146,0,0
5533,3.33340550568363e-10,9.76648385997068,88.87,-35.71,1.099049727911217,100,1,200,0,0,0,0,0,0,0,0,0,0,0,0,0,3.440672384153028,0,0
5546,9.016662623095691e-11,-0.03379844605751328,19.16,-5.75,1.09999759721838,100,1,40,0,0,0,0,0,0,0,0,0,0,0,0,0,12.72000114461108,0,0
5564,1.025188609622178e-10,35.40302462157565,36.8,-12.99,1.099999999997124,100,1,80,0,0,0,0,0,0,0,0,0,0,0,0,0,11.18735513529108,0,0
5658,1.233564302158686e-10,103.1799999955283,103.18,-46.25,1.051928919372527,100,1,240,0,0,0,0,0,0,0,0,0,0,0,0,0,9.297569066499575,0.256490684904582,0
5664,1.987032684930815e-10,-4.601076413421828,72.70999999999999,-27.05,1.099828854521391,100,1,160,0,0,0,0,0,0,0,0,0,0,0,0,0,5.772006221222633,0,0
5669,599.9999999999044,34.4699999455051,34.47,-15.34,1.032047662330114,100,1,600,100,0,0,0,0,0,0,0,0,0,0,0,11.99329741304385,0,0.02104584663581719,0
5670,1.368673518172351e-11,-9.568174502496495,22.97,-21.7,1.077749463573023,100,1,67.76000000000001,0,0,0,0,0,0,0,0,0,0,0,0,0,83.79760304315322,0,0
5709,400.000000000102,59.13264113883434,550.6900000000001,-185.15,1.066862717373027,100,1,1200,400,0,0,0,0,0,0,0,0,0,0,0,0,11.24600020912949,0,0
5726,95.97999999985893,11.61335447883864,31.98,-31.54,1.082952243523208,100,1,95.98,0,0,0,0,0,0,0,0,0,0,0,0,8.130330908521382,0,0,0
5742,28.38000000004835,35.68999999192862,35.69,-16.43,1.052887912081529,100,1,85.14,28.38,0,0,0,0,0,0,0,0,0,0,0,0,23.72041621212815,0.1420965334794755,0
5781,600.0000000002409,549.0110996804275,779.29,-324.79,1.083890367133382,100,1,1800,600,0,0,0,0,0,0,0,0,0,0,0,0,4.760798975672937,0,0
5787,239.9999999998338,-32.55999993475779,114.67,-32.56,1.073535523589734,100,1,240,0,0,0,0,0,0,0,0,0,0,0,0,6.902037782323291,0,0,0.01757883402874828
5814,146.6700000002199,117.1234175006163,196.98,-77.17,1.07198454724548,100,1,440,146.67,0,0,0,0,0,0,0,0,0,0,0,0,5.214581222259499,0,0
5821,-98.93999999440115,1.753786725345213,45.83,-46.3,1.081741762376144,100,1,100,-98.94,0,0,0,0,0,0,0,0,0,0,0,0,0.2048476586923743,0,0
5823,499.9999999998921,-53.22129293585356,220.75,-85.54000000000001,1.099999999983895,100,1,500,166.67,0,0,0,0,0,0,0,0,0,0,0,10.63117652022852,0,0,0
5825,394.4425324868964,76.49999987903662,76.5,-34.05,1.020754066520809,100,1,600,100,0,0,0,0,0,0,0,0,0,0,0,0,0,0.009481448791808775,0
5828,2.064122968553397e-10,0.8565653822844302,13.93,-12.27,1.047843651314656,100,1,39.98,0,0,0,0,0,0,0,0,0,0,0,0,0,5.556429501847217,0,0
5831,-239.1999999999092,1.579999783229409,1.58,-0.74,1.096426360965035,100,1,100,-239.2,0,0,0,0,0,0,0,0,0,0,0,0,12.62624065154945,0.005291273258698853,0
5856,160.0000000000552,148.3736275672092,214.13,-85,1.095679406399781,100,1,480,160,0,0,0,0,0,0,0,0,0,0,0,0,20.78716135080154,0,0
5881,1.313283639884039e-10,-0.5485771755580631,36.72,-13.13,1.090762919062159,100,1,80,0,0,0,0,0,0,0,0,0,0,0,0,0,8.733192113922035,0,0
5940,99.99999999988327,17.20999997188941,17.21,-7.73,1.095533024109537,100,1,100,-99.87,0,0,0,0,0,0,0,0,0,0,0,9.825492564903586,0,0.04080029918266434,0
5970,1.036449147070634e-10,-4.294960188805983,172.47,-48.34,1.049623851303936,100,1,360,0,0,0,0,0,0,0,0,0,0,0,0,0,11.06581569559416,0,0
5971,666.6700000377372,396.0828147486277,934.54,-291.64,1.109012513482447,100,1,2000,666.67,0,0,0,0,0,0,0,0,0,0,0,0,0.03035526066619189,0,0
5983,99.99999999887771,37.26999999625598,37.27,-12.59,1.06862701128346,100,1,100,-136.67,0,0,0,0,0,0,0,0,0,0,0,1.021947857914399,0,0.3063340663306651,0
5991,1199.999999999833,77.61414681687666,517.55,-217.25,1.087808919756298,100,1,1200,400,0,0,0,0,0,0,0,0,0,0,0,6.86490895008365,0,0,0
5994,-116.3999999988286,17.37679226467137,60.51,-61.08,1.09377283431196,100,1,100,-116.4,0,0,0,0,0,0,0,0,0,0,0,0,0.9791252297836305,0,0
6000,899.999999999878,411.6599999909639,411.66,-139.21,1.125485905934323,100,1,900,300,0,0,0,0,0,0,0,0,0,0,0,9.400087412373841,0,0.1269266281774988,0
6036,300.000000000042,390.3999999737408,390.4,-161.16,1.078921341612443,100,1,900,300,0,0,0,0,0,0,0,0,0,0,0,0,27.2880268274139,0.04367742245171881,0
6090,6.725740577932561e-11,27.73567023983952,36.58,-13.23,1.077565413095883,100,1,80,0,0,0,0,0,0,0,0,0,0,0,0,0,17.05262794722807,0,0
6092,899.9999999996137,42.29870932080142,395.59,-155.88,1.098770945313446,100,1,900,300,0,0,0,0,0,0,0,0,0,0,0,2.969210484949174,0,0,0
6131,659.5740907764833,67.31284257955494,415.26,-136.33,1.05773059519168,100,1,900,300,0,0,0,0,0,0,0,0,0,0,0,0,0,0,0
6138,99.99999999983237,14.28252247397865,16.91,-7.99,1.0510434007777,100,1,100,-162.53,0,0,0,0,0,0,0,0,0,0,0,6.841958553307558,0,0,0
6145,239.9999999995502,7.394214858653241,104.76,-42.6,1.041700529226116,100,1,240,0,0,0,0,0,0,0,0,0,0,0,0,2.549904802929941,0,0,0
6153,32.08000000104897,14.54967343726042,249.65,-261.82,1.054221917798945,100,1,769.9400000000001,32.08,0,0,0,0,0,0,0,0,0,0,0,0,1.093379172448883,0,0
6168,53.7599999995203,-10.41675622562164,19.86,-14.93,1.099999999988992,100,1,53.76,0,0,0,0,0,0,0,0,0,0,0,0,2.390920504449725,0,0,0
6179,79.99999999993209,15.81048529813732,35.43,-14.41,1.095184619461413,100,1,80,0,0,0,0,0,0,0,0,0,0,0,0,16.88710478847261,0,0,0
6233,400.0000000001161,304.5659931612494,545.6799999999999,-189.97,1.047567447720236,100,1,1200,400,0,0,0,0,0,0,0,0,0,0,0,0,9.882651143434153,0,0
6239,1.319638188055469e-11,2.239999978327993,2.24,-1.07,1.07249264010605,100,1,5.32,0,0,0,0,0,0,0,0,0,0,0,0,0,86.91136609453126,0.05291992072399955,0
6280,1.783709158521154e-11,0.04237544994962311,51.25,-23.49,1.034530893198289,100,1,120,0,0,0,0,0,0,0,0,0,0,0,0,0,64.29947337303226,0,0
6291,2.125646680277521e-10,58.11999998520042,58.12,-16.6,1.091744789851613,100,1,120,0,0,0,0,0,0,0,0,0,0,0,0,0,5.395601209467639,0.07750256496381251,0
6329,100.0000000000571,-19.34945767234921,134.08,-49.15,1.008613645484941,100,1,300,100,0,0,0,0,0,0,0,0,0,0,0,0,20.09026960341944,0,0
6331,79.99999999985421,0.6157377224548269,37.76,-12.05,1.094334399891442,100,1,80,0,0,0,0,0,0,0,0,0,0,0,0,7.866665699305987,0,0,0
6332,199.9999999996757,-27.94999999622722,96.56,-27.95,1.099999999999668,100,1,200,0,0,0,0,0,0,0,0,0,0,0,0,3.536883729930624,0,0,0.3039819303364928
6351,1.267235224160771e-11,38.28999996272998,38.29,-11.56,1.09359028751403,100,1,80,0,0,0,0,0,0,0,0,0,0,0,0,0,90.50534771512108,0.0307731682691327,0
6368,99.99999999988441,51.10999988220786,51.11,-23.46,1.09246906287107,100,1,100,-193.73,0,0,0,0,0,0,0,0,0,0,0,9.921265954787254,0,0.009740458859521326,0
6376,99.99999999989035,24.59707340322996,148.65,-50.73,1.096748882062007,100,1,100,-37.07,0,0,0,0,0,0,0,0,0,0,0,10.45927992548758,0,0,0
6415,699.9999999998862,83.57999997828497,83.58,-38.78,1.012790288379412,100,1,700,200,0,0,0,0,0,0,0,0,0,0,0,10.08207902125428,0,0.05281616228359447,0
6429,5.306491109137049e-11,88.82999996881344,88.83,-35.69,1.081832365648444,100,1,200,0,0,0,0,0,0,0,0,0,0,0,0,0,21.61341457818601,0.03679547770856753,0
6436,-101.6977474022722,2.259999897890889,2.26,-1.04,1.067264479881788,100,1,100,-115.34,0,0,0,0,0,0,0,0,0,0,0,0,0,0.0112322442098839,0
6459,179.9999999996587,4.491396440411091,86.17,-24.25,1.022017496356359,100,1,180,0,0,0,0,0,0,0,0,0,0,0,0,3.360447964354513,0,0,0
6474,623.6072959800755,-15.90061996634154,438.72,-174.15,1.099995629803931,100,1,1000,333.33,0,0,0,0,0,0,0,0,0,0,0,0,0,0,0
6484,400.0000000009783,34.93326472648408,508.02,-227.3,1.099999998465508,100,1,1200,400,0,0,0,0,0,0,0,0,0,0,0,0,1.17236847769678,0,0
6516,1.452590756087343e-10,88.96858235705295,126.73,-47.83,1.099999999917848,100,1,280,0,0,0,0,0,0,0,0,0,0,0,0,0,7.895617342721092,0,0
6552,-272.2699999998644,37.57999997030455,37.58,-12.16,1.097677351231593,100,1,100,-272.27,0,0,0,0,0,0,0,0,0,0,0,0,8.455773786496914,0.03854937118160566,0
6632,2999.999999999846,-115.8419752832351,1378.19,-459.09,1.096016540995883,100,1,3000,1000,0,0,0,0,0,0,0,0,0,0,0,7.447097537395607,0,0,0
6654,799.9999999997647,-40.66951004163432,337.04,-153.26,1.069148731668907,100,1,800,266.67,0,0,0,0,0,0,0,0,0,0,0,4.873034098303918,0,0,0
6656,1.209001845342077e-10,-23.316149074456,131.88,-52.24,1.043233000366882,100,1,300,0,0,0,0,0,0,0,0,0,0,0,0,0,9.486465999262775,0,0
6681,1.583632725134447e-09,-35.49999998735183,36.22,-35.5,1.092848964472482,100,1,108.38,0,0,0,0,0,0,0,0,0,0,0,0,0,0.7242297311018272,0,0.09067629789762806
6734,719.999999999945,-132.089999978825,311.52,-132.09,1.099981803160358,100,1,720,0,0,0,0,0,0,0,0,0,0,0,0,20.82032676597324,0,0,0.05416247883720694
6798,333.3300000010515,25.45412527270333,429.61,-183.48,1.046794788721459,100,1,1000,333.33,0,0,0,0,0,0,0,0,0,0,0,0,1.090718528121738,0,0
6807,7.836197246784086e-11,59.94168207898694,77.14,-22.46,1.099999999905853,100,1,160,0,0,0,0,0,0,0,0,0,0,0,0,0,14.63612480010804,0,0
6816,159.9999999997583,-12.76011810556431,77.34999999999999,-22.26,1.097597112461145,100,1,160,0,0,0,0,0,0,0,0,0,0,0,0,4.745479181688244,0,0,0
6820,1.403973865832034e-11,-5.355811471916136e-07,11.99,-9.06,1.098665730353509,100,1,32.53,0,0,0,0,0,0,0,0,0,0,0,0,0,81.69067092466241,0,0
6831,99.99999999993182,34.43771116143437,35.62,-14.25,1.093559380053855,100,1,100,-76.67,0,0,0,0,0,0,0,0,0,0,0,16.8192235040297,0,0,0
6838,599.9999999998771,213.9369065610628,255.23,-112.31,1.086103369212939,100,1,600,200,0,0,0,0,0,0,0,0,0,0,0,9.327571492424097,0,0,0
6845,2.212368394333343e-10,53.23999997324022,53.24,-21.47,1.092263771113727,100,1,120,0,0,0,0,0,0,0,0,0,0,0,0,0,5.184109837255956,0.04285976808154545,0
6852,-459.8699999998983,18.5599999906095,18.56,-6.34,1.062191356087983,100,1,100,-459.87,0,0,0,0,0,0,0,0,0,0,0,0,11.27930124934316,0.1221363262730682,0
6857,3277.456367166044,601.7875649717101,1865.83,-585.95,1.062446617940489,100,1,4000,1333.33,0,0,0,0,0,0,0,0,0,0,0,0,0,0,0
6877,100.5099999999272,-32.94999996757589,33.57,-32.95,1.09855247314525,100,1,100.51,0,0,0,0,0,0,0,0,0,0,0,0,15.76271501153179,0,0,0.03537577870166617
6888,299.9999999999338,-30.86788390188965,189.31,-59.87,1.099999999997794,100,1,300,88.67,0,0,0,0,0,0,0,0,0,0,0,17.33283370792674,0,0,0
6936,300.0000000004334,27.56192013328186,388.7,-162.64,1.066159592756406,100,1,900,300,0,0,0,0,0,0,0,0,0,0,0,0,2.646382736361091,0,0
6947,279.9999999991969,0.7385263065922969,126.09,-48.29,1.095492386804995,100,1,280,0,0,0,0,0,0,0,0,0,0,0,0,1.428074767956558,0,0,0
6969,79.99999999982677,-11.26999999458683,38.53,-11.27,1.099999999998688,100,1,80,0,0,0,0,0,0,0,0,0,0,0,0,6.620616570611632,0,0,0.2118947243303215
6982,-16.79999999991153,56.21999850916319,56.22,-18.44,1.089312963701649,100,1,100,-16.8,0,0,0,0,0,0,0,0,0,0,0,0,12.9640776707619,0.0007700614231886325,0
7029,400.000000000075,-226.7299999665172,507.73,-226.73,1.087866830111139,100,1,1200,400,0,0,0,0,0,0,0,0,0,0,0,0,15.29101437823338,0,0.03425380614419476
7036,3.342870707296351e-10,29.38762410722246,36.16,-13.72,1.099999999997392,100,1,80,0,0,0,0,0,0,0,0,0,0,0,0,0,3.430923366668726,0,0
7049,4.40699269416872e-11,46.74289653942693,58.18,-16.56,1.086398543928173,100,1,120,0,0,0,0,0,0,0,0,0,0,0,0,0,26.0248675658824,0,0
7056,599.9999999999001,-57.15381961383197,267.36,-100.98,1.011441386417417,100,1,600,200,0,0,0,0,0,0,0,0,0,0,0,11.47346653409408,0,0,0
7058,1.247093941856981e-09,-12.19999993141557,37.59,-12.2,1.095028995897342,100,1,80,0,0,0,0,0,0,0,0,0,0,0,0,0,0.9196675212466513,0,0.01672641924562239
7075,-65.82999999990855,2.439901979376887,13.41,-11.89,1.062083233237081,100,1,100,-65.83,0,0,0,0,0,0,0,0,0,0,0,0,12.54228831512184,0,0
7104,299.9999999994427,5.6941631632168,133.02,-50.29,1.013473700183139,100,1,300,100,0,0,0,0,0,0,0,0,0,0,0,2.057877881329425,0,0,0
7115,6.069214225742665e-10,-0.01737301780729881,95.06,-83.34,1.099998529516804,100,1,272.28,0,0,0,0,0,0,0,0,0,0,0,0,0,1.889759585418363,0,0
7137,1199.999999999945,70.09676559920466,516.03,-219.17,1.099999999992101,100,1,1200,400,0,0,0,0,0,0,0,0,0,0,0,20.79546715569408,0,0,0
7159,999.9999999999388,147.9844738922489,441.04,-172.05,1.094346729326481,100,1,1000,333.33,0,0,0,0,0,0,0,0,0,0,0,18.7798236517428,0,0,0
7183,1999.999999999874,436.1964414917656,926.47,-297.63,1.119458419274313,100,1,2000,666.67,0,0,0,0,0,0,0,0,0,0,0,9.111237863082017,0,0,0
7209,3.904183366220981e-11,6.059926295011344e-07,3.12,-1.46,1.098665730352337,100,1,7.35,0,0,0,0,0,0,0,0,0,0,0,0,0,29.37658592491303,0,0
7257,1.893281396388103e-10,4.046955316035706,35.77,-35.23,1.086450900754069,100,1,107.29,0,0,0,0,0,0,0,0,0,0,0,0,0,6.057818222301655,0,0
7260,32.69999999987597,7.010909986102982,13.73,-6.28,1.075288203575768,100,1,32.7,10.9,0,0,0,0,0,0,0,0,0,0,0,9.246801859329619,0,0,0
7267,-52.92999999992109,-34.83999997575732,89.84,-34.84,1.012558486203968,100,1,100,-52.93,0,0,0,0,0,0,0,0,0,0,0,0,14.53442990890369,0,0.04728217373126067
7270,300.000000000294,60.97527735077466,394.86,-156.12,1.099999999994311,100,1,900,300,0,0,0,0,0,0,0,0,0,0,0,0,3.901388189022804,0,0
7279,-908.9299999999864,14.77999999776686,14.78,-6.64,1.060327998961188,100,1,100,-908.9299999999999,0,0,0,0,0,0,0,0,0,0,0,0,84.41183323548245,0.5135874969247571,0
7282,3454.352921172447,604.4291817833906,1862.29,-588.16,1.094285238681472,100,1,4000,1333.33,0,0,0,0,0,0,0,0,0,0,0,0,0,0,0
7303,899.9999999998474,6.047457852195317,384.34,-167.04,1.099999999995135,100,1,900,300,0,0,0,0,0,0,0,0,0,0,0,7.513860925626508,0,0,0
7327,1.243312731612565e-10,76.10999952476928,76.11,-23.62,1.09432239388467,100,1,160,0,0,0,0,0,0,0,0,0,0,0,0,0,9.224642060108971,0.002412931067352817,0
7328,6.807887721341007e-10,37.44999999675534,37.45,-12.39,1.03378799451568,100,1,80,0,0,0,0,0,0,0,0,0,0,0,0,0,1.684686231911894,0.3534819122519492,0
7329,9.740632103867906e-10,0.9859930782814209,36.26,-13.55,1.032245647608321,100,1,80,0,0,0,0,0,0,0,0,0,0,0,0,0,1.177454450735046,0,0
7431,899.9999999998341,-150.4682904069177,399.88,-151.38,1.036953978302966,100,1,900,300,0,0,0,0,0,0,0,0,0,0,0,6.913712884137156,0,0,0
7446,1.803919271873542e-11,14.27999996031729,14.28,-12.55,1.069772289735663,100,1,40.96,0,0,0,0,0,0,0,0,0,0,0,0,0,63.57909748282708,0.02890207011954609,0
7466,99.99999999990614,1.747358046491172,75.84999999999999,-77.06,1.085608386792051,100,1,100,-270.04,0,0,0,0,0,0,0,0,0,0,0,12.21975189037241,0,0,0
7474,119.9999999992204,51.95587600695709,56.27,-18.41,1.090593505453078,100,1,120,0,0,0,0,0,0,0,0,0,0,0,0,1.471195356294998,0,0,0
7495,50.53000000004546,96.20813565332155,214.23,-59.77,1.096439920249557,100,1,200,50.53,0,0,0,0,0,0,0,0,0,0,0,0,25.2295027918398,0,0
7504,5.299999999509918,-1.049999757370866,2.24,-1.05,1.050992466437516,100,1,5.3,0,0,0,0,0,0,0,0,0,0,0,0,2.34025488336579,0,0,0.004726977032902467
7508,899.9999999999442,-149.1699999613379,402.15,-149.17,1.089622634027845,100,1,900,300,0,0,0,0,0,0,0,0,0,0,0,20.57071474994986,0,0,0.02966502369797165
7520,799.9999999999109,350.3599999877076,350.36,-140.73,1.071600596727523,100,1,800,266.67,0,0,0,0,0,0,0,0,0,0,0,12.87553270930036,0,0.09330283106664621,0
7522,799.9999999992481,371.1099997729251,371.11,-119.67,1.024577849982914,100,1,800,266.67,0,0,0,0,0,0,0,0,0,0,0,1.525306003021084,0,0.005068480626052784,0
7628,100.0000000002439,107.4165335256587,133.78,-50.04,1.099999999998336,100,1,300,100,0,0,0,0,0,0,0,0,0,0,0,0,4.701544863417509,0,0
7630,131.8199999978769,4.609316849870222,45.85,-40.5,1.067698118233112,100,1,131.82,0,0,0,0,0,0,0,0,0,0,0,0,0.5402187211154119,0,0,0
7641,879.9999999999327,166.1848871149699,378.21,-162.35,1.097293519650421,100,1,880,200,0,0,0,0,0,0,0,0,0,0,0,17.03159941227759,0,0,0
7659,99.99999999978839,-18.81376825380787,74.7,-24.78,1.067152888283605,100,1,100,-52.67,0,0,0,0,0,0,0,0,0,0,0,5.419918430406068,0,0,0
7661,3.79365749116517e-10,-13.98661932713945,76.75,-33.79,1.032243737223751,100,1,180,0,0,0,0,0,0,0,0,0,0,0,0,0,3.023244450727084,0,0
7697,1.934453130810961e-10,77.65160355648777,126.73,-47.83,1.099999999991152,100,1,280,0,0,0,0,0,0,0,0,0,0,0,0,0,5.92884998631571,0,0
7755,3.864398959842391e-10,-3.569999975360596,4.78,-3.57,1.098574818660281,100,1,12.9,0,0,0,0,0,0,0,0,0,0,0,0,0,2.967899940583981,0,0.04655357868981343
7761,119.9999999998945,-19.36846746013411,52.75,-21.97,1.030878763335279,100,1,120,0,0,0,0,0,0,0,0,0,0,0,0,10.87381101929121,0,0,0
7776,666.6700000007575,262.5625942221008,934.73,-291.52,1.102358123321487,100,1,2000,666.67,0,0,0,0,0,0,0,0,0,0,0,0,1.514193505505319,0,0
7779,389.520810581453,19.32713439496532,281.92,-85.81999999999999,1.039413453007883,100,1,600,200,0,0,0,0,0,0,0,0,0,0,0,0,0,0,0
7808,666.6700000013324,234.0539030702427,926.35,-297.68,1.039522851071697,100,1,2000,666.67,0,0,0,0,0,0,0,0,0,0,0,0,0.8607457367853115,0,0
7819,1.509382355773757e-11,-14.43999997599693,18.9,-14.44,1.042504538514597,100,1,51.54,0,0,0,0,0,0,0,0,0,0,0,0,0,75.98575590034987,0,0.0477806611973961
7833,6.06468134824677e-11,-30.01902602119672,106.77,-42.81,1.066911783756221,100,1,240,0,0,0,0,0,0,0,0,0,0,0,0,0,18.91138852824586,0,0
7842,1.845882827826967e-10,90.07999984667124,90.08,-34.56,1.064691142196452,100,1,200,0,0,0,0,0,0,0,0,0,0,0,0,0,6.213371798855545,0.007480284730279544,0
7860,799.9999999999454,-109.9099999218926,380.36,-109.91,1.079979703754334,100,1,800,266.67,0,0,0,0,0,0,0,0,0,0,0,20.99647091479051,0,0,0.01468396002011705
7913,1151.41827293759,-91.68621100279772,920.41,-305.58,1.049372772645515,100,1,2000,666.67,0,0,0,0,0,0,0,0,0,0,0,0,0,0,0
7929,1599.999999999846,90.88011213267421,698.0700000000001,-282.17,1.099999999991438,100,1,1600,533.33,0,0,0,0,0,0,0,0,0,0,0,7.431814406502915,0,0,0
7960,200.0000000000932,28.98560735276708,274.2,-93.22,1.046671215428293,100,1,600,200,0,0,0,0,0,0,0,0,0,0,0,0,12.30194388392426,0,0
7998,300.0000000003776,337.0207006697534,391.57,-160.95,1.091343631597987,100,1,900,300,0,0,0,0,0,0,0,0,0,0,0,0,3.037188371204428,0,0
8043,-35.99999999993517,-23.95999995343355,75.67,-23.96,1.087490630672135,100,1,100,-36,0,0,0,0,0,0,0,0,0,0,0,0,17.69180162923701,0,0.02462961016555868
8044,200.0000000003496,164.6159353895962,281.63,-85.70999999999999,1.094412089686849,100,1,600,200,0,0,0,0,0,0,0,0,0,0,0,0,3.28045792094733,0,0
8066,-251.8699999999181,10.72999062548542,10.73,-9.529999999999999,1.062691329303749,100,1,100,-251.87,0,0,0,0,0,0,0,0,0,0,0,0,13.99655279397701,0.0001300358882057539,0
8087,419.9999999998313,41.60352455821491,177.22,-80.27,1.066011995819076,100,1,420,0,0,0,0,0,0,0,0,0,0,0,0,6.801655544853125,0,0,0
8109,4.682274785947728e-08,223.2632333325695,99999,-99999,1.060707973809284,100,1,1041.6,0,0,0,0,0,0,0,0,0,0,0,0,0,0.0244864643673356,0,0
8158,6.587023094944806e-11,-6.494906837336759e-08,91.67,-33.01,1.092371989995033,100,1,200,0,0,0,0,0,0,0,0,0,0,0,0,0,17.41174991045347,0,0
8159,236.6200000405042,-137.4099999873689,291.71,-137.41,1.096562985750881,100,1,709.87,236.62,0,0,0,0,0,0,0,0,0,0,0,0,0.0283147555050352,0,0.09081294005342734
8207,2.334738820219676e-10,-66.44999992331208,70.17,-66.45,1.072460759176927,100,1,207.27,0,0,0,0,0,0,0,0,0,0,0,0,0,4.912392769391105,0,0.01495539155686776
8210,533.3300000000149,-271.3099999782887,709.4400000000001,-271.31,1.079228108062083,100,1,1600,533.33,0,0,0,0,0,0,0,0,0,0,0,0,76.8307539138906,0,0.05282580678554395
8222,1.398615877931225e-11,35.75999999369747,35.76,-14.05,1.054767141929921,100,1,80,0,0,0,0,0,0,0,0,0,0,0,0,0,82.0036198419471,0.1819773632044158,0
8223,599.9999999995559,264.6820210013874,276.81,-90.88,1.099999999997562,100,1,600,200,0,0,0,0,0,0,0,0,0,0,0,2.582376963127394,0,0,0
8225,2.538965070104471e-09,-5.41999998943859,19.49,-5.42,1.090224577195081,100,1,40,0,0,0,0,0,0,0,0,0,0,0,0,0,0.4517285786897247,0,0.1085948101915133
8240,99.99999999807214,-35.58999982928231,36.34,-35.59,1.082927918804828,100,1,100,-20.85,0,0,0,0,0,0,0,0,0,0,0,0.5949163122407315,0,0,0.006718089254613403
8242,419.99999999993,55.8753157929436,177.81,-79.93000000000001,1.073536277164205,100,1,420,0,0,0,0,0,0,0,0,0,0,0,0,16.39335141445343,0,0,0
8247,7.788204930640368e-11,-56.84999997732886,164.3,-56.85,1.08592820751552,100,1,360,0,0,0,0,0,0,0,0,0,0,0,0,0,14.72631402936991,0,0.05058646887945431
8267,9.202650441257506e-11,106.8399993217645,106.84,-42.56,1.085737525493176,100,1,240,0,0,0,0,0,0,0,0,0,0,0,0,0,12.46287647704057,0.001691360169542582,0
8278,3.548695242209495e-10,0.8349126247276123,53.88,-20.8,1.010623955204492,100,1,120,0,0,0,0,0,0,0,0,0,0,0,0,0,3.231935441541469,0,0
8311,99.99999999982077,1.719842465453326,17.8,-7.13,1.098581445679453,100,1,100,-11.66,0,0,0,0,0,0,0,0,0,0,0,6.398827188672343,0,0,0
8312,2191.347530955078,69.99276596425298,1096.33,-374.64,1.050238566177827,100,1,2400,800,0,0,0,0,0,0,0,0,0,0,0,0,0,0,0
8378,1.092567413263163e-10,-7.109999832984569,17.78,-7.11,1.041198762902508,100,1,40,0,0,0,0,0,0,0,0,0,0,0,0,0,10.49743463927294,0,0.006866829834094961
8458,999.9999999998957,43.93311360571131,474.42,-138.49,1.087660175322921,100,1,1000,333.33,0,0,0,0,0,0,0,0,0,0,0,10.99796169590257,0,0,0
8473,-179.9999999999544,-34.44999998832377,90.20999999999999,-34.45,1.084872344860067,100,1,100,-180,0,0,0,0,0,0,0,0,0,0,0,0,25.12800802740936,0,0.09822392780427347
8486,2.897311967613165e-10,34.15999999225907,34.16,-15.67,1.059790765572574,100,1,80,0,0,0,0,0,0,0,0,0,0,0,0,0,3.958543005354934,0.1481645917729987,0
8515,5.01286114214434e-11,-28.19503235049529,93.03,-31.43,1.091883490210004,100,1,200,0,0,0,0,0,0,0,0,0,0,0,0,0,22.87945336667438,0,0
8522,98.9054731994126,3.60999997741446,3.61,-1.69,1.090775770097018,100,1,100,-100.92,0,0,0,0,0,0,0,0,0,0,0,0,0,0.05078096940813083,0
8564,-86.66999999768666,51.90999998906863,51.91,-22.86,1.074501621436874,100,1,100,-86.67,0,0,0,0,0,0,0,0,0,0,0,0,0.4957623964650608,0.1049215953916192,0
8605,200.0000000002987,-93.64999999575953,273.94,-93.65000000000001,1.02216219445972,100,1,600,200,0,0,0,0,0,0,0,0,0,0,0,0,3.839107114927225,0,0.2704704899100045
8625,103.0299999998619,2.196941359354613,34.48,-33.72,1.097647121924862,100,1,103.03,0,0,0,0,0,0,0,0,0,0,0,0,8.304142863472126,0,0,0
8630,299.9999999999156,-59.1899999808893,124.56,-59.19,1.087581140034159,100,1,300,100,0,0,0,0,0,0,0,0,0,0,0,13.59301920962229,0,0,0.06001436503197345
8670,-184.3999999999622,37.39999994264078,37.4,-12.46,1.096141231015993,100,1,100,-184.4,0,0,0,0,0,0,0,0,0,0,0,0,30.33737588145238,0.01999579828494524,0
8676,-345.469999999935,34.91999999482518,34.92,-14.96,1.068510008054116,100,1,100,-345.47,0,0,0,0,0,0,0,0,0,0,0,0,17.62626020271164,0.2216353271030111,0
8683,-49.6999999985306,54.3199999910582,54.32,-20.39,1.088683642715899,100,1,100,-49.7,0,0,0,0,0,0,0,0,0,0,0,0,0.7804974041871064,0.128280399308498,0
8702,359.9999999999129,-1.199139493197227,173.2,-47.67,1.08385409024775,100,1,360,0,0,0,0,0,0,0,0,0,0,0,0,13.16900027215627,0,0,0
8721,666.6700000001232,339.2586519086148,932.6799999999999,-293.14,1.085959653478856,100,1,2000,666.67,0,0,0,0,0,0,0,0,0,0,0,0,9.303210261995927,0,0
8729,1.835409389260378e-10,20.45778376653026,34.95,-30.8,1.039106873747627,100,1,100.36,0,0,0,0,0,0,0,0,0,0,0,0,0,6.248826194236114,0,0
8771,39.99999999944151,0.02470815064252124,19.07,-5.8,1.019377027842818,100,1,40,0,0,0,0,0,0,0,0,0,0,0,0,2.053565889891771,0,0,0
8795,1.014898598173442e-10,-1.260578219500012,111.7,-37.85,1.09235997553769,100,1,240,0,0,0,0,0,0,0,0,0,0,0,0,0,11.30079591045715,0,0
8807,99.9999999999072,23.37714836001491,35.84,-14.07,1.095235538426651,100,1,100,-405.33,0,0,0,0,0,0,0,0,0,0,0,12.35939195816653,0,0,0
8818,1.691063530128661e-10,1.560959363724053,76.87,-22.75,1.094241905742845,100,1,160,0,0,0,0,0,0,0,0,0,0,0,0,0,6.782218471410602,0,0
8858,1.417006443854562e-10,130.8622074136986,163.91,-56.98,1.077847963050909,100,1,360,0,0,0,0,0,0,0,0,0,0,0,0,0,8.093932868582785,0,0
8871,-311.729999999946,-40.74999997673484,106.62,-40.75,1.081012524774742,100,1,100,-311.73,0,0,0,0,0,0,0,0,0,0,0,0,21.21489497223364,0,0.04929677510424903
8872,1776.999869302059,0.6815425175410406,932.6799999999999,-293.14,1.084962923712415,100,1,2000,666.67,0,0,0,0,0,0,0,0,0,0,0,0,0,0,0
8875,505.2215326689729,42.4287983266109,272.77,-95.02,1.042009305294021,100,1,600,200,0,0,0,0,0,0,0,0,0,0,0,0,0,0,0
8903,1.077702682604929e-10,28.98999993747143,28.99,-28.41,1.079528852242388,100,1,86.73,0,0,0,0,0,0,0,0,0,0,0,0,0,10.64222857712767,0.01834265162858143,0
8927,1.284209404944985e-11,1.615914640869191,38.64,-11.12,1.022899240496987,100,1,80,0,0,0,0,0,0,0,0,0,0,0,0,0,89.30908038909682,0,0
8946,799.9999999998662,11.49379262694644,339.05,-151.21,1.095115631416465,100,1,800,266.67,0,0,0,0,0,0,0,0,0,0,0,8.568305740846865,0,0,0
8950,-340.9399999988058,38.22999990310026,38.23,-11.61,1.084595509864332,100,1,100,-340.94,0,0,0,0,0,0,0,0,0,0,0,0,0.9604064665918757,0.01183628985480308,0
8956,599.9999999994894,80.74157512149031,266.17,-101.5,1.099999999995276,100,1,600,200,0,0,0,0,0,0,0,0,0,0,0,2.246499645206864,0,0,0
8961,-82.39999999991785,10.16824066247134,53.52,-50.38,1.097299276282955,100,1,100,-82.40000000000001,0,0,0,0,0,0,0,0,0,0,0,0,13.95974655335949,0,0
8973,666.6700000003664,-151.7190798441059,859,-367.12,1.081052186080732,100,1,2000,666.67,0,0,0,0,0,0,0,0,0,0,0,0,3.130190822091657,0,0
8976,199.9999999998519,12.98417545760783,95.65000000000001,-28.95,1.091843299495465,100,1,200,0,0,0,0,0,0,0,0,0,0,0,0,7.74259695595812,0,0,0
8981,1.354010448743759e-10,-32.17999989137827,32.66,-32.18,1.06678837664064,100,1,97.98,0,0,0,0,0,0,0,0,0,0,0,0,0,8.47050600545432,0,0.01055975627992166
8987,99.9999999999243,-29.91999997050388,31.68,-29.92,1.079202881465209,100,1,100,-29.27,0,0,0,0,0,0,0,0,0,0,0,15.1491168685932,0,0,0.038883574133124
8993,-61.57999999986078,-5.170752895408305,38.98,-10.82,1.041279364784632,100,1,100,-61.58,0,0,0,0,0,0,0,0,0,0,0,0,8.237923028175466,0,0
8997,7.737427745224016e-11,42.15402754128203,107.59,-101.48,1.061812645289165,100,1,317.09,0,0,0,0,0,0,0,0,0,0,0,0,0,14.82295734780334,0,0
9001,499.9999999996176,35.8656339628785,220.49,-86.14,1.077418593205165,100,1,500,166.67,0,0,0,0,0,0,0,0,0,0,0,2.99896472144373,0,0,0
9039,99.99999999302587,-1.069999860271534,2.23,-1.07,1.067511243793121,100,1,100,-53.13,0,0,0,0,0,0,0,0,0,0,0,0.1644544904655365,0,0,0.008209236963294566
9043,99.99999999931582,-7.089999973806019,17.82,-7.09,1.04298263889329,100,1,100,-14.07,0,0,0,0,0,0,0,0,0,0,0,1.676320588031385,0,0,0.0437839842766842
9055,-119.9999999993422,11.59999998567563,11.6,-10.23,1.033373933691836,100,1,100,-120,0,0,0,0,0,0,0,0,0,0,0,0,1.743410648966855,0.08006732863353409,0
9067,439.9999999997707,51.97283625216492,198.07,-76.34,1.044865468875982,100,1,440,146.67,0,0,0,0,0,0,0,0,0,0,0,5.000295917532978,0,0,0
9097,5.502502029039813e-11,16.931956044153,17.03,-7.9,1.062867291662521,100,1,41.16,0,0,0,0,0,0,0,0,0,0,0,0,0,20.84352796704174,0,0
9101,999.9999999998746,104.4225510440818,442.99,-169.92,1.063640336847506,100,1,1000,333.33,0,0,0,0,0,0,0,0,0,0,0,9.15016119327144,0,0,0
9108,-318.9699999998825,-14.15999979015427,18.65,-14.16,1.084529062022294,100,1,100,-318.97,0,0,0,0,0,0,0,0,0,0,0,0,9.761341624216293,0,0.005465806023708066
9137,28.47000000006663,81.28772950002615,335.96,-93.23,1.094099227102499,100,1,100,28.47,0,0,0,0,0,0,0,0,0,0,0,0,17.21384105811325,0,0
9140,99.99999999987274,73.18999997729988,73.19,-26.48,1.098794805042376,100,1,100,-49.6,0,0,0,0,0,0,0,0,0,0,0,9.012227000149148,0,0.0505249814434351,0
9150,999.9999999999233,248.6384339705421,439.38,-173.28,1.080068483105173,100,1,1000,333.33,0,0,0,0,0,0,0,0,0,0,0,14.94743186238535,0,0,0
9174,-441.8699999995372,174.9999999943585,175,-49.16,1.068275578298955,100,1,100,-441.87,0,0,0,0,0,0,0,0,0,0,0,0,2.477972628961176,0.2033032836507033,0
9180,3.290623277202945e-11,7.09731861270364,77.69,-21.97,1.089306385154375,100,1,160,0,0,0,0,0,0,0,0,0,0,0,0,0,34.85405457338119,0,0
9239,599.999999998887,30.90399788417779,274.2,-93.22,1.046911947949107,100,1,600,200,0,0,0,0,0,0,0,0,0,0,0,1.030506747800173,0,0,0
