1268,77.30602404380829,-19.01561973091238,27,-9,1.002921684311397,100,1,45,44,0,0,0,0,0,0,0,0,0,0,0,6727.687420078795,2541.790240881625,2838.581085865339,5633.627849969862
1268,77.29796735636708,-19.01561973091238,27,-9,1.002921684311397,100,1,45,44,0,0,0,0,0,0,0,0,0,0,0,6726.879451262361,2541.846548131608,2838.581085865339,5633.627849969862
1356,-85.70322163533571,-101.1456081509413,7,-12,0.9756702613946625,100,1,22,4.4,0,0,0,0,0,0,0,0,0,0,0,821.701561006933,24076.04035565675,1816.838817609141,81638.60792617631
89,22.60980418312688,58.71419590654457,13,-9,1.140609764879675,100,1,25,5,0,0,0,0,0,0,0,0,0,0,0,4007.15338917078,3817.810105350874,1849.984933841403,3613.893180307157
125,80.57230137889238,-85.93508918206187,8,-17,0.9468332182399238,100,1,23.4,4.68,0,0,0,0,0,0,0,0,0,0,0,2116.115844023283,122.2779187569381,1583.748495210853,1117.695589177041
908,7.990738455598397,-8.709112868550482,2,1.9,0.9859846590082715,100,1,20,4,0,0,0,0,0,0,0,0,0,0,0,3767.513511022829,4107.240877946465,3464.856324737215,4551.396085624372
817,0,0,1,0.9,1.004235,100,0,12,2.4,0,0,0,0,0,0,0,0,0,0,0,0,0,0,0
817,7.288126913402956,-1.20643712085711,1,0.9,0.9828783907306898,100,1,14,2.8,0,0,0,0,0,0,0,0,0,0,0,3880.338956598858,3982.869920868086,3785.574147646449,4092.0696249974
817,0,0,1,0.9,1.004235,100,0,12,2.4,0,0,0,0,0,0,0,0,0,0,0,0,0,0,0
1335,24.64334978914782,48.34086564505646,10,-10,1.155709511928548,100,1,30,6,0,0,0,0,0,0,0,0,0,0,0,4020.31075905842,3820.275808826175,2248.251608732162,3764.092536266801
396,7.363192352647465,6.819609020254449,5,1,1.108638746360548,100,1,11,2.2,0,0,0,0,0,0,0,0,0,0,0,3982.408282157045,3881.622548300149,3616.249042124959,4207.896231747248
396,7.34866113757824,6.819609020254449,5,1,1.108638746360548,100,1,11,2.2,0,0,0,0,0,0,0,0,0,0,0,3981.820822023832,3882.180309019223,3616.249042124959,4207.896231747248
975,26.7545318074682,40.92577499998232,15,-15,1.025194383121659,100,1,35,7,0,0,0,0,0,0,0,0,0,0,0,4178.546361173172,3704.169243968059,6088.943061117615,2897.031048466794
858,33.62522583577373,0,0,0,1.001123254299077,100,1,55.4,11.08,0,0,0,0,0,0,0,0,0,0,0,3754.812359716952,4046.181037053283,0,2197.728568376411
921,25.18355536341168,7.935000988102897,25,-20,1.050647003037058,100,1,42,8.4,0,0,0,0,0,0,0,0,0,0,0,3925.34194998157,3925.944850758866,3941.916970610635,3892.412790266081
921,25.18682049482883,7.935000988102897,25,-20,1.050647003037058,100,1,42,8.4,0,0,0,0,0,0,0,0,0,0,0,3925.47020761431,3925.816521926133,3941.916970610635,3892.412790266081
1255,-2.394274801593189,-92.35434022702262,26.1,-24.36,0.965490446150209,100,1,87,17.4,0,0,0,0,0,0,0,0,0,0,0,2171.652068545451,2329.870750271687,1737.418345633663,4755.808210150333
169,24.25639327988134,92.92839005119259,8.300000000000001,-8.300000000000001,1.141888323766071,100,1,8.300000000000001,1.66,0,0,0,0,0,0,0,0,0,0,0,5117.802175153276,3109.933430054093,43411.13737951955,1891.10726512006
448,13.24910544370309,0,0,0,1.019757910622656,100,1,4,0,0,0,0,0,0,0,0,0,0,0,0,4281.073707067757,3630.592001715605,5236.146035571206,0
241,8.187287153722611,2.247312101436667,5,-5,1.112701881228252,100,1,13,2.6,0,0,0,0,0,0,0,0,0,0,0,3959.5339308724,3903.083383935,3757.321654581685,4091.665244020563
241,8.184661760280397,2.247312101436667,5,-5,1.112701881228252,100,1,13,2.6,0,0,0,0,0,0,0,0,0,0,0,3959.428979659843,3903.185320150253,3757.321654581685,4091.665244020563
241,8.187072706383596,2.247312101436667,5,-5,1.112701881228252,100,1,13,2.6,0,0,0,0,0,0,0,0,0,0,0,3959.525358036306,3903.091710079023,3757.321654581685,4091.665244020563
241,8.187143943716721,2.247312101436667,5,-5,1.112701881228252,100,1,13,2.6,0,0,0,0,0,0,0,0,0,0,0,3959.528205845384,3903.088944210355,3757.321654581685,4091.665244020563
270,53.20861765623993,7.453996380558917,27,-9,1.029056106016097,100,1,50,10,0,0,0,0,0,0,0,0,0,0,0,5897.44827749487,2792.169233933298,3763.217030083442,4047.551506374796
885,2.543906593620794,0,0,0,0.9668384209436556,100,1,8,1.6,0,0,0,0,0,0,0,0,0,0,0,4144.362284601266,3719.8012233356,0,8123.734118129984
885,2.546728192609461,0,0,0,0.9668384209436556,100,1,8,1.6,0,0,0,0,0,0,0,0,0,0,0,4144.484216136297,3719.703358933124,0,8123.734118129984
876,114.1886725336258,0,0,0,1.068439228284251,100,1,54,10.8,0,0,0,0,0,0,0,0,0,0,0,12933.16413213491,5306.474907161062,41784.30766422729,0
46,16.55641394085572,0.1216193935612207,10,-4,0.9838182836336445,100,1,30,6,0,0,0,0,0,0,0,0,0,0,0,3863.591455065152,3994.597211549198,3741.084824603567,4138.484123768895
803,4.249176523551382,-70.08086876965382,4.63,-5.56,0.9502370556374441,100,1,13.8,2.76,0,0,0,0,0,0,0,0,0,0,0,1818.993097873259,3163.551839761803,1780.784392982053,22049.77415375092
356,24.46710336585364,19.92276654831677,12.42,-11.59,0.9948811031439492,100,1,41.4,8.279999999999999,0,0,0,0,0,0,0,0,0,0,0,3574.515126847159,4183.428969470283,1479.79852245568,4517.43406428237
100,77.37488803136407,106.4678040868116,59,-26,1.019048703067517,100,1,130,26,0,0,0,0,0,0,0,0,0,0,0,3987.184191065117,3827.306138507068,6973.924146452352,1576.975411279401
707,67.02456383634637,-94.7853995020089,8,-8,0.9715115294179411,100,1,21,4.2,0,0,0,0,0,0,0,0,0,0,0,3145.168005421679,3365.569851595502,1323.570554480041,18562.96569318622
973,0,0,0,0,1.01855,100,0,0,-8,0,0,0,0,0,0,0,0,0,0,0,0,0,0,0
973,35.0131043230297,19.05922789139715,17,-10,1.037789504938472,100,1,53,10.6,0,0,0,0,0,0,0,0,0,0,0,4072.936488107547,3784.799960257495,4581.427374714282,3436.957318820563
1118,34.06592295569169,0,0,0,1.003512603508095,100,1,55,11,0,0,0,0,0,0,0,0,0,0,0,3944.506959222667,3900.613475971379,995.0624683039188,0
897,15.97235304868269,6.783171671984404,10,-3,1.055892513700268,100,1,27,5.4,0,0,0,0,0,0,0,0,0,0,0,3922.163127062491,3934.892546532526,3932.351829644485,3924.257343374104
897,15.98833393799424,6.783171671984404,10,-3,1.055892513700268,100,1,27,5.4,0,0,0,0,0,0,0,0,0,0,0,3922.789983654318,3934.261694388413,3932.351829644485,3924.257343374104
58,0,0,2,1.9,1.00431,100,0,6,1.2,0,0,0,0,0,0,0,0,0,0,0,0,0,0,0
82,82.22085883991139,0,0,0,1.014509695170737,100,1,25.3,5.06,0,0,0,0,0,0,0,0,0,0,0,11461.50420486331,2354.607383514621,85835.76293588636,0
474,77.2318244017615,-100.4356995041727,10,-13,0.9578553348130461,100,1,52,10.4,0,0,0,0,0,0,0,0,0,0,0,0.07834270784865538,5465.142859039045,1405.843019314997,17147.39854047596
1221,54.14399865176455,67.84055435065576,35,-35,1.05540337347017,100,1,58,11.6,0,0,0,0,0,0,0,0,0,0,0,5101.55872648577,3184.971850080507,13537.71091018279,2279.927522880436
355,43.24844491535018,92.14213207500791,40,-40,0.9759945859724188,100,1,62,12.4,0,0,0,0,0,0,0,0,0,0,0,4220.07654671541,2768.717555508839,27264.85739957678,1738.978693478307
471,117.1021522126879,59.17361142275281,1,0,1.082851473300282,100,1,78,15.6,0,0,0,0,0,0,0,0,0,0,0,9028.625613876096,2531.115122985761,11563.94195080737,2144.244954684234
1321,5.406313359840667,-1.390239069881244,1,0.9,0.9830208318080098,100,1,11,2.2,0,0,0,0,0,0,0,0,0,0,0,3877.56021853666,3986.96807926367,3775.387877178189,4104.10907719328
1321,0.04671903338741615,-2.340269746192937,0.1,-0.1,0.9830208318080098,100,1,2.5,0,0,0,0,0,0,0,0,0,0,0,0,3878.620808237335,3988.859381151806,3775.364649872193,4104.085849887285
1829,28.98616555830118,62.15288262957499,8,-8,1.030920417566077,100,1,23.5,4.7,0,0,0,0,0,0,0,0,0,0,0,4791.040250259373,3266.716838572856,14756.60211599666,2065.83911556243
1005,23.90747752570973,4.663024210682981,19,-19,1.002295752739172,100,1,39,7.8,0,0,0,0,0,0,0,0,0,0,0,3950.198632252446,3902.681575647692,4042.182483307798,3813.585867609985
14,32.88272910972005,0,0,0,1.017666735100834,100,1,27.6,5.52,0,0,0,0,0,0,0,0,0,0,0,5585.433334146631,2903.884657598778,29555.24973919733,0
14,30.71550097834887,0,0,0,1.017666735100834,100,1,24,4.8,0,0,0,0,0,0,0,0,0,0,0,5585.947892287687,2904.523428554071,29555.24973919733,0
1628,420.8369398052629,-137.4435560152735,155.3,-217.55,0.9584861009008898,100,1,670,200,0,0,0,0,0,0,0,0,0,0,0,1629.079235071472,1799.633064574898,1381.091190996475,4480.452487214875
1629,401.0187515396928,-102.7086553345436,231.39,-190.58,0.9551189565366373,100,1,700,140,0,0,0,0,0,0,0,0,0,0,0,1384.70812808838,1524.006873459029,1225.156425734275,3978.007497272376
1844,16.13088769054355,5.489127492924049,24.62,-15.38,1.025121161538199,100,1,27,5.4,0,0,0,0,0,0,0,0,0,0,0,3925.714786105332,3931.190963515964,3781.543201594611,4066.096133128367
1630,52.45280081616858,22.14939966199016,43.86,-8.5,0.9878816315263493,100,1,86,17.2,0,0,0,0,0,0,0,0,0,0,0,4151.149696551007,3676.970352559752,4424.313489242469,3206.214678569778
1631,29.99003544873748,5.13909109423802,22.19,-9.73,0.9814854950518009,100,1,49,9.800000000000001,0,0,0,0,0,0,0,0,0,0,0,4092.437383198248,3752.412383968165,4120.463898999021,3546.306318357666
1846,22.20218519574856,25.17660641918933,8.359999999999999,-8.359999999999999,1.089350027085827,100,1,32,6.4,0,0,0,0,0,0,0,0,0,0,0,4078.224709408901,3787.477065135434,5214.693946576886,3148.03984473693
1632,22.20206203024524,25.17660607691682,8.359999999999999,-8.359999999999999,1.089350030575907,100,1,32,6.4,0,0,0,0,0,0,0,0,0,0,0,4078.219436854734,3787.481606102881,5214.69392110015,3148.039853423592
1847,22.54779097214341,25.02654443808151,8.15,-8.57,1.089556072054145,100,1,32,6.4,0,0,0,0,0,0,0,0,0,0,0,4093.214321217334,3774.657795294389,5218.043700999573,3146.968785209619
1848,22.54967349187566,25.02655012255672,8.15,-8.57,1.08955601350133,100,1,32,6.4,0,0,0,0,0,0,0,0,0,0,0,4093.295507969006,3774.588870583458,5218.044118701722,3146.968643604854
1852,63.59417191359369,98.4150638446236,54.57,-35.43,1.15838327355237,100,1,92,18.4,0,0,0,0,0,0,0,0,0,0,0,4365.325269403836,3533.710591012607,25352.96919367444,1865.144768466836
1854,68.09869067393069,105.4209595741936,56.48,-33.52,1.157702382164499,100,1,92,18.4,0,0,0,0,0,0,0,0,0,0,0,4627.727729646655,3369.818448139174,51497.95615060878,1958.804190883172
1633,601.5312544455792,46.3761078058694,421.39,-376.62,1.018947979485345,100,1,945.08,255.07,0,0,0,0,0,0,0,0,0,0,0,1219.937191158695,1174.473078682822,1103.422050302145,997.9394564818361
1634,634.3083905524021,53.36830098490443,428.83,-369.21,1.018115179671958,100,1,978.04,288.05,0,0,0,0,0,0,0,0,0,0,0,1219.364434736566,1175.06652715682,1102.251391666977,998.8312610557176
1635,617.6244737559646,53.06376977187334,428.07,-369.92,1.018171395709462,100,1,976.08,256.08,0,0,0,0,0,0,0,0,0,0,0,1173.540587178943,1129.369426737306,1103.355423177027,998.0212651495458
1636,599.5241109724111,46.81654112880197,420.86,-377.13,1.017775680369299,100,1,943.08,253.07,0,0,0,0,0,0,0,0,0,0,0,1219.902055287537,1174.505994319581,1106.546261615942,995.4173483793331
1637,205.1192513055132,4.522362314886079,153.03,-90.23,0.9415959645611603,100,1,252,156,0,0,0,0,0,0,0,0,0,0,0,4002.76688889455,3822.865918027034,3352.064710983208,3526.198436504908
1638,203.1176186168115,3.624351385280034,152.44,-90.81,0.9415071422991498,100,1,250,154,0,0,0,0,0,0,0,0,0,0,0,4002.622304178588,3823.008700895884,3346.19691447375,3535.164302533638
1639,200.4728886244681,12.61090320955968,105.68,-58.28,0.9582947845176499,100,1,250,154,0,0,0,0,0,0,0,0,0,0,0,3841.769063876459,3984.686696393072,3419.597233901148,4546.80089990081
1640,211.9305040998249,3.891555318666585,228.81,-159.91,0.9524811598497304,100,1,305,122,0,0,0,0,0,0,0,0,0,0,0,3821.410024289986,3965.238717673061,1696.275761705582,2589.394238912971
1641,120.533519568955,-0.2530633030546812,94.31999999999999,-74.64,0.9603509005852013,100,1,155,89,0,0,0,0,0,0,0,0,0,0,0,3850.780488838979,3989.308236321866,3444.959918852276,4500.0265678125
1642,32.9898087140373,5.487976648622929,21.65,-18.77,0.9915968476065531,100,1,58,11.6,0,0,0,0,0,0,0,0,0,0,0,3888.128260886261,3957.199918176577,3981.707580277965,3850.475699358611
1643,33.08174129868345,6.266365082315524,16.01,-10.66,0.9915520367286661,100,1,58,11.6,0,0,0,0,0,0,0,0,0,0,0,3889.310679165731,3956.097256867694,3974.776225595563,3865.559045555714
1855,32.98893399335674,5.308782887601747,21.47,-18.95,0.9915946695672141,100,1,58,11.6,0,0,0,0,0,0,0,0,0,0,0,3888.094967928143,3957.23441901693,3981.739683099461,3850.446219501341
1644,33.09012277727877,6.306158312459985,16.05,-10.62,0.9915525705903158,100,1,58,11.6,0,0,0,0,0,0,0,0,0,0,0,3889.630323495059,3955.766487169146,3974.768122954024,3865.56658644962
1645,33.09115202466069,6.067356103649959,15.81,-10.86,0.991549574847332,100,1,58,11.6,0,0,0,0,0,0,0,0,0,0,0,3889.669547740971,3955.725906462883,3974.815702206,3865.522355219136
1646,209.7831344770856,95.31693127094339,146.45,-90.18000000000001,1.02417426125618,100,1,263,133,0,0,0,0,0,0,0,0,0,0,0,4414.675643491038,3499.011544789778,6991.72112974936,2114.734579540075
1647,30.44979674991676,36.58943338516166,50.67,-38.09,1.108464760516478,100,1,44.96,8.99,0,0,0,0,0,0,0,0,0,0,0,4089.080822450875,3769.358231611484,5359.531196132998,2646.548242925198
1861,23.17817669912406,79.17609709678244,19.75,-16.25,1.323292513637653,100,1,32,6.4,0,0,0,0,0,0,0,0,0,0,0,4121.568744564544,3749.19763370442,14393.20213538683,1719.934233124279
1648,572.208341076992,238.7532329390212,530.99,-158.23,1.011268644265146,100,1,936.29,266.29,0,0,0,0,0,0,0,0,0,0,0,1054.885245176094,1456.185415950746,994.7097137629603,1457.438404975814
1649,586.648464267411,275.6729383494949,533.6900000000001,-156.07,1.01424766747669,100,1,942.8200000000001,272.82,0,0,0,0,0,0,0,0,0,0,0,1107.169776426852,1377.192720574701,1252.901599739749,1140.155925124818
1650,570.8727535403765,246.7636700636564,537.6799999999999,-152.82,1.008371311158253,100,1,924.28,274.28,0,0,0,0,0,0,0,0,0,0,0,1083.964331697998,1498.581847942683,998.0396370777578,1445.37933961453
1651,577.3273504624469,266.8657507757272,529.89,-160.89,1.018516140186598,100,1,922.8,272.8,0,0,0,0,0,0,0,0,0,0,0,1138.322888366723,1416.408526382641,1236.625828363147,1150.584310101096
1652,795.3864293593364,235.895412730925,681.04,-153,0.9762113271496292,100,1,1308,318,0,0,0,0,0,0,0,0,0,0,0,853.3141049209939,874.7005076962569,975.9353907874638,1026.240223563488
1862,795.5622088279621,226.7772626880776,681.03,-153,0.9765830166288371,100,1,1308,318,0,0,0,0,0,0,0,0,0,0,0,853.2317937292253,874.8083296744497,954.474740628427,1051.968801446201
1653,24.43336652798799,17.57236379792791,6.08,-1.92,1.031080469459125,100,1,35,7,0,0,0,0,0,0,0,0,0,0,0,4115.825559427386,3754.445532660375,4675.152305541979,3386.314037755485
1654,24.43270176972618,17.7016466011554,6.21,-1.79,1.031082106237554,100,1,35,7,0,0,0,0,0,0,0,0,0,0,0,4115.797346922775,3754.468935578962,4675.113229293504,3386.334590409112
1655,24.43957998973233,17.70166407196689,6.21,-1.79,1.031082063972553,100,1,35,7,0,0,0,0,0,0,0,0,0,0,0,4116.089532299625,3754.226581301941,4675.11443309676,3386.333967218699
1656,24.43327529575338,17.60226463141105,6.11,-1.89,1.031080974148899,100,1,35,7,0,0,0,0,0,0,0,0,0,0,0,4115.82155070498,3754.44882698382,4675.147685328311,3386.316377959688
1657,24.43976653964997,17.60228112383006,6.11,-1.89,1.03108093424783,100,1,35,7,0,0,0,0,0,0,0,0,0,0,0,4116.097299487699,3754.220109517117,4675.14882166951,3386.315789708627
1658,24.43758109747407,17.60227557065059,6.11,-1.89,1.031080947679072,100,1,35,7,0,0,0,0,0,0,0,0,0,0,0,4116.0044575055,3754.297109782545,4675.148439072556,3386.315987767313
1863,21.81128105121293,-5.047357362880827,18.45,-13.16,0.9470562393078414,100,1,36.97,7.39,0,0,0,0,0,0,0,0,0,0,0,3901.123063444896,3952.433526713908,3514.904577699099,4439.559990946042
1659,21.80764226628392,-5.047358518989185,18.45,-13.16,0.947056235832149,100,1,36.97,7.39,0,0,0,0,0,0,0,0,0,0,0,3900.979306976861,3952.581049088846,3514.904679414039,4439.559843070607
1660,21.81026445188476,-4.148876075376057,18.45,-11.35,0.9470712870011444,100,1,36.97,7.39,0,0,0,0,0,0,0,0,0,0,0,3901.082801361709,3952.474840716068,3515.048501564012,4440.39618050622
1661,21.81155437197924,-4.491152633408727,18.11,-11.7,0.9470663677739889,100,1,36.97,7.39,0,0,0,0,0,0,0,0,0,0,0,3901.133790488498,3952.422519229161,3515.130943109582,4440.26154057612
1662,21.82065306585262,-4.417870352046608,18.21,-13.41,0.9516854031098455,100,1,36.97,7.39,0,0,0,0,0,0,0,0,0,0,0,3902.956107841223,3950.604409921296,3558.665281141743,4373.132154829384
1663,21.82535120426493,-4.070637576920955,18.55,-13.05,0.9516903429157749,100,1,36.97,7.39,0,0,0,0,0,0,0,0,0,0,0,3903.141487965599,3950.414546111815,3558.581130069354,4373.268189702417
1865,14.77406881731551,10.69962614722232,12.32,-7.68,1.017303366175909,100,1,20,4,0,0,0,0,0,0,0,0,0,0,0,4058.729183383594,3798.622017648198,3344.634910748176,4309.160635295452
1866,18.23114278635326,-5.760075730642068,17.85,-13.79,0.9503381109906903,100,1,30.98,6.2,0,0,0,0,0,0,0,0,0,0,0,3902.148224886218,3953.636308460638,3511.232543697866,4445.276394911631
1664,18.23552188494647,-5.76007461761369,17.85,-13.79,0.9503381158630059,100,1,30.98,6.2,0,0,0,0,0,0,0,0,0,0,0,3902.321373356377,3953.458639375971,3511.23240817043,4445.27659389179
1665,18.23417629208414,-5.596375304073478,18.01,-13.62,0.9503404719782904,100,1,30.98,6.2,0,0,0,0,0,0,0,0,0,0,0,3902.268153798186,3953.513244835938,3511.194147686625,4445.342496674304
1867,18.23395504020621,-5.596375360184302,18.01,-13.62,0.9503404717311985,100,1,30.98,6.2,0,0,0,0,0,0,0,0,0,0,0,3902.259405417296,3953.522221346264,3511.194154538062,4445.342486614176
1666,18.26033290372354,-4.78043684057209,17.89,-13.75,0.952637819915176,100,1,30.98,6.2,0,0,0,0,0,0,0,0,0,0,0,3905.03932636332,3950.725354076938,3557.145697914129,4375.355580469898
1868,18.25546768092946,-4.934212170195996,17.74,-13.91,0.9526356262885405,100,1,30.98,6.2,0,0,0,0,0,0,0,0,0,0,0,3904.847128166441,3950.922040285132,3557.182774225634,4375.294875018878
1667,820.0674354307071,150.9171164237612,656.0599999999999,-184.89,0.9494747943335383,100,1,1330,337,0,0,0,0,0,0,0,0,0,0,0,843.9033287020513,880.2011943670675,844.1222732839892,1129.696586489994
1668,836.578751263207,7.783770495250873,656.92,-183.9,0.9095405126568071,100,1,1360,367,0,0,0,0,0,0,0,0,0,0,0,825.1737410152696,901.8663045576344,645.6707985892886,1931.446389519549
1669,836.5762165640879,0.03027772080855313,648.03,-192.8,0.9076483565351384,100,1,1360,367,0,0,0,0,0,0,0,0,0,0,0,825.1355530692052,901.9138894265627,646.9678792107808,1921.829273978443
1670,3.440173911399062,94.33368117798763,281.46,-103.91,1.0190193269294,100,1,1.5,1.4,0,0,0,0,0,0,0,0,0,0,0,4084.132794654788,3791.806377270756,2184.713881285812,1949.446494697518
1873,155.8411246462585,115.1416079515385,94.03,-45.97,1.076923869990526,100,1,240,48,0,0,0,0,0,0,0,0,0,0,0,4542.23085130228,3361.499044368196,30714.57636400172,1880.321428230095
1874,155.8410669164592,116.2215101095227,95.11,-44.89,1.076930084512982,100,1,240,48,0,0,0,0,0,0,0,0,0,0,0,4542.228391826339,3361.500081633548,30714.11443380629,1880.319335936151
1671,585.9849143767701,213.0331279636751,524.6,-107.2,1.004911811542678,100,1,942.72,232.72,0,0,0,0,0,0,0,0,0,0,0,1193.597823524114,1138.439498817065,1475.63053207808,1125.148148497232
1673,597.0643278648482,210.9259235557477,511.64,-99.08,1.004941713213131,100,1,953.74,243.74,0,0,0,0,0,0,0,0,0,0,0,1194.828112632195,1137.239746110901,1531.217192272863,1153.591134392518
1674,596.0568880513458,233.0260698575812,555.41,-99.31999999999999,1.004608580962395,100,1,952.74,242.74,0,0,0,0,0,0,0,0,0,0,0,1194.810043559402,1137.255682787823,1434.634243797853,1083.236687698695
1675,948.7928136719514,252.9668801815486,682.28,-126.36,0.9700393628666543,100,1,1503,403,0,0,0,0,0,0,0,0,0,0,0,794.8862797381921,780.2901129310078,993.7460684447822,1065.672075069557
1676,948.1930311643204,216.9704257606053,687.17,-121.66,0.9699705041143702,100,1,1503,403,0,0,0,0,0,0,0,0,0,0,0,793.1505131672981,782.0100143083162,902.4639549220249,1195.199215035022
1875,943.1019792687468,100.329160279614,409.45,-352.29,1.017421152567566,100,1,1498,398,0,0,0,0,0,0,0,0,0,0,0,800.3743776387571,774.7109804241721,1492.53079647333,843.7274477990802
1677,943.1362530388377,100.2922079082789,409.42,-352.33,1.017443159656388,100,1,1498,398,0,0,0,0,0,0,0,0,0,0,0,800.4177810842652,774.6702605778578,1492.469544144859,843.7352349442943
2022,63.08756956746782,103.3326934035205,51.88,-38.44,1.15331667630777,100,1,75,15,0,0,0,0,0,0,0,0,0,0,0,4921.049967680632,3237.509329371394,108598.8697729635,2017.417942612196
1876,63.08543726265056,103.3326927909,51.88,-38.44,1.153316742784653,100,1,75,15,0,0,0,0,0,0,0,0,0,0,0,4920.965659121503,3237.532805941494,108598.843319874,2017.417945145872
1877,63.08811262708384,103.3326935594852,51.88,-38.44,1.153316659392026,100,1,75,15,0,0,0,0,0,0,0,0,0,0,0,4921.071439783654,3237.503349986376,108598.8765085805,2017.417941968512
1878,63.08792479263671,103.3326935055425,51.88,-38.44,1.153316665242198,100,1,75,15,0,0,0,0,0,0,0,0,0,0,0,4921.064012962971,3237.50541816189,108598.8741789223,2017.417942191078
1678,51.03340343281219,23.18121039060649,104.12,-61.4,0.9986875620842558,100,1,95,8.5,0,0,0,0,0,0,0,0,0,0,0,3886.045959011228,3941.350783751433,3741.131791391244,4029.174453272904
1679,51.03062941904088,23.00169035094814,103.94,-61.58,0.9986864844171643,100,1,95,8.5,0,0,0,0,0,0,0,0,0,0,0,3885.940821154348,3941.459059923947,3741.153107849762,4029.153129630835
1680,72.42347937733385,21.57176681535618,86.67,-10.65,0.9592258950199145,100,1,148.2,4.2,0,0,0,0,0,0,0,0,0,0,0,3778.491958257852,4030.413221266418,3038.292646650585,5241.894697603879
1681,435.5751258871959,88.20917117831358,220.22,-59.17,1.007626778321413,100,1,685,180,0,0,0,0,0,0,0,0,0,0,0,1652.848963102547,1547.89099088805,3021.627662483927,2622.249294166436
1682,461.2450546401851,90.00580754324272,330.28,-165.24,0.9883130962022662,100,1,610,310,0,0,0,0,0,0,0,0,0,0,0,2694.157325698168,2557.301038148283,1718.562934773296,1541.845974254454
1683,461.1921427948311,61.00470536789557,297.67,-191.83,0.9881200646568327,100,1,610,310,0,0,0,0,0,0,0,0,0,0,0,2693.405529847772,2557.972748373938,1743.809559959396,1555.258830084156
1684,450.9819849194583,-55.95761965229272,254.82,-293.65,0.9965696153118707,100,1,700,205,0,0,0,0,0,0,0,0,0,0,0,1641.005267591852,1618.009999885508,1329.92817370216,1667.069861623353
1881,29.15738488014702,-0.214571357943547,15.6,-13.8,0.9810178079996517,100,1,50,10,0,0,0,0,0,0,0,0,0,0,0,3912.705000419879,3935.748911837308,3791.350182695673,4058.043190049711
1882,29.15730220784016,-0.6119214938537495,15.2,-14.2,0.9810126223674324,100,1,50,10,0,0,0,0,0,0,0,0,0,0,0,3912.701736291297,3935.752214609719,3791.445547647779,4057.935286050561
1685,29.15798673926547,-0.01093028657523505,15.81,-13.6,0.9810204665225527,100,1,50,10,0,0,0,0,0,0,0,0,0,0,0,3912.728516668007,3935.725119452533,3791.299067281409,4058.096103603031
1883,29.15589683500567,-0.010929222130867,15.81,-13.6,0.9810204584910968,100,1,50,10,0,0,0,0,0,0,0,0,0,0,0,3912.646924675549,3935.807671543344,3791.299084610915,4058.096083579854
1884,29.15693619551384,-0.01092975152732029,15.81,-13.6,0.9810204624844155,100,1,50,10,0,0,0,0,0,0,0,0,0,0,0,3912.687501935821,3935.766615919777,3791.299075993052,4058.096093537359
1885,29.15822659875441,-0.2145717866769526,15.6,-13.8,0.9810178112354785,100,1,50,10,0,0,0,0,0,0,0,0,0,0,0,3912.737862545623,3935.715664202928,3791.350175714686,4058.043198115376
1686,619.3133722063535,117.5365223388399,532.91,-90.14,0.9737267136747488,100,1,1000,280,0,0,0,0,0,0,0,0,0,0,0,1100.214073768674,1205.529006476011,1021.588023597033,1776.292179199824
1687,619.3096657431847,120.0546857833645,535.45,-87.61,0.9737336944974868,100,1,1000,280,0,0,0,0,0,0,0,0,0,0,0,1100.205251303624,1205.539309532874,1021.535303553888,1776.366294580998
1688,619.31778120128,130.9191640206123,567.71,-88.3,0.97314476453633,100,1,1000,280,0,0,0,0,0,0,0,0,0,0,0,1100.215092688859,1205.528197901872,975.3500819969895,1690.606080276541
1689,0,0,559.16,-96.84999999999999,1,100,0,930,280,0,0,0,0,0,0,0,0,0,0,0,0,0,0,0
1888,35.1801409227177,40.48076945245923,17.35,-17.35,1.024119903217989,100,1,57,11.4,0,0,0,0,0,0,0,0,0,0,0,5306.914312128152,2856.452198873109,11770.85120714352,1503.978431233572
1690,345.8149930547743,61.10474203147042,219.77,-155.72,0.9927084731326706,100,1,451,239,0,0,0,0,0,0,0,0,0,0,0,3874.898812492655,3465.80128552016,2651.393278293347,1582.599748361948
1691,42.3148000890185,22.03764191263393,51.25,-10.63,1.000882436347011,100,1,63,21,0,0,0,0,0,0,0,0,0,0,0,4014.933736675393,3831.439133182585,4121.50366582357,3666.11253553895
1692,347.2351276079385,68.61834450010419,258.1,-182.18,0.984351044965326,100,1,433.8,248.8,0,0,0,0,0,0,0,0,0,0,0,3841.349808263889,3916.156285263787,1317.236791421705,2400.318141344781
1693,110.4839482480548,46.13697764484966,71.20999999999999,-44.25,1.0392614974683,100,1,168.17,81.81,0,0,0,0,0,0,0,0,0,0,0,3444.978613476224,4530.75115665557,5838.688804651809,2915.753326565372
1694,110.9244584900825,50.45425376071798,73.34,-37.69,1.03930349370113,100,1,168.6,82.28,0,0,0,0,0,0,0,0,0,0,0,3444.698291425439,4531.263664837505,5838.577892695936,2916.931223440532
1695,135.1870084948084,71.55446770942963,113.53,-43.7,1.031752399635207,100,1,248.21,53.91,0,0,0,0,0,0,0,0,0,0,0,3386.419118391252,4567.459364283318,6170.363854527415,2829.055880879072
1696,125.1844558917621,57.45370532656452,100.92,-59.36,1.031654150959561,100,1,238.09,43.97,0,0,0,0,0,0,0,0,0,0,0,3387.261357284571,4566.032574899404,6171.865376774696,2827.996398812596
1697,556.2251284448184,148.914135817141,525.14,-88.61,0.968095990456481,100,1,919.6900000000001,229.69,0,0,0,0,0,0,0,0,0,0,0,1175.427486219835,1217.591081759251,1146.667760877081,1477.401163209099
1698,556.2368550901829,148.9141228365769,525.14,-88.61,0.9680959940427386,100,1,919.6900000000001,229.69,0,0,0,0,0,0,0,0,0,0,0,1175.466237262687,1217.549340970785,1146.667755170889,1477.401130349457
1699,563.1803158980628,150.5286149524907,526.77,-86.98999999999999,0.9680972070479955,100,1,926.6900000000001,236.69,0,0,0,0,0,0,0,0,0,0,0,1175.278163618066,1217.752302615743,1146.619140896191,1477.43182006546
1700,584.7101980485364,114.0335815909055,530.29,-83.48,0.9626725656553673,100,1,941.6900000000001,251.69,0,0,0,0,0,0,0,0,0,0,0,1176.101250621272,1218.174955623901,1005.081889141011,1927.470199712289
1701,28.4781561387024,53.7187342066966,10.32,-9.68,1.170394885182221,100,1,32,6.4,0,0,0,0,0,0,0,0,0,0,0,4368.007191380528,3568.718150073399,8102.325175689483,2596.622508715882
1702,34.65134234617429,-9.799151475927088,19.22,-17.67,0.9879870626506809,100,1,39.88,7.98,0,0,0,0,0,0,0,0,0,0,0,4691.853913617669,3329.936468621987,3538.46267148218,4401.195392387338
1703,34.65202655629461,-9.774409776064351,19.34,-17.74,0.9879871261275244,100,1,39.88,7.98,0,0,0,0,0,0,0,0,0,0,0,4691.890583321147,3329.918207065684,3538.418773989364,4401.152581115367
1889,34.65240637471729,-9.784243067416057,19.24,-17.66,0.9879872223305642,100,1,39.88,7.98,0,0,0,0,0,0,0,0,0,0,0,4691.910960049196,3329.908057022458,3538.4582516748,4401.196441555096
1704,840.8976667919619,11.02407051624126,398.39,-396.86,1.005508511330881,100,1,1380,340,0,0,0,0,0,0,0,0,0,0,0,801.9096802834495,854.3956418889649,1058.858712034431,1043.630762776358
1705,840.88230704587,-15.97457184940805,371.08,-424.16,1.005495140900918,100,1,1380,340,0,0,0,0,0,0,0,0,0,0,0,801.886146813586,854.4223133574691,1059.684239861144,1042.851920918455
1890,14.16085805162216,6.569503460134856,5.35,-2.57,1.025012018537257,100,1,24,4.8,0,0,0,0,0,0,0,0,0,0,0,3911.36044383885,3947.085220554821,4125.825535302895,3756.834380138017
1891,14.15678536643578,6.703388643277548,5.48,-2.43,1.025014383259867,100,1,24,4.8,0,0,0,0,0,0,0,0,0,0,0,3911.203954796057,3947.244609212814,4125.780499000368,3756.875316813906
1892,14.15629986780428,6.217447419148892,5,-2.93,1.025005636863359,100,1,24,4.8,0,0,0,0,0,0,0,0,0,0,0,3911.185341245572,3947.26356889935,4125.949676864237,3756.728759401021
1706,14.15620270537469,6.510004583032656,5.29,-2.63,1.025010900367453,100,1,24,4.8,0,0,0,0,0,0,0,0,0,0,0,3911.181584786771,3947.267395658119,4125.847354871833,3756.816509684131
1707,14.41647298637905,8.242309552141256,10,-4.98,1.035402641455895,100,1,23.99,4.8,0,0,0,0,0,0,0,0,0,0,0,3922.982436180005,3935.296591750337,4154.045929418194,3731.027138131367
2026,14.41694022448587,6.481994847886297,8.26,-6.79,1.035372951465306,100,1,23.99,4.8,0,0,0,0,0,0,0,0,0,0,0,3923.000577201424,3935.278337691123,4154.664994402504,3730.503371801107
1898,14.41675343987063,8.415861180624965,10.17,-4.8,1.035405566933942,100,1,23.99,4.8,0,0,0,0,0,0,0,0,0,0,0,3922.993258368893,3935.285702763988,4153.985673716055,3731.079463016506
1708,14.41960371226128,7.540310347533525,1.81,1.8,1.035377958365563,100,1,23.99,4.8,0,0,0,0,0,0,0,0,0,0,0,3923.103364642005,3935.174922646297,4158.069739213426,3734.054813597004
1709,14.41608529377962,8.405943737713031,10.16,-4.81,1.035405397277366,100,1,23.99,4.8,0,0,0,0,0,0,0,0,0,0,0,3922.967454041579,3935.31166679091,4153.989282392454,3731.076575296882
1710,17.01448615171325,-4.433591416704563,12.23,-7.55,0.9498464790521615,100,1,28.98,5.8,0,0,0,0,0,0,0,0,0,0,0,3899.202075470268,3957.318655121799,3517.404201255478,4439.02232180017
1711,17.01023570527815,-4.349271469922777,12.31,-7.46,0.949847905999827,100,1,28.98,5.8,0,0,0,0,0,0,0,0,0,0,0,3899.033320012255,3957.492407736408,3517.385226461368,4439.057627273333
1712,802.3769134314565,87.68213412607399,615.09,-439.22,1.004554802735687,100,1,1308,288,0,0,0,0,0,0,0,0,0,0,0,853.9743411738258,829.5164094556183,741.5505281447454,898.1180991353269
1713,802.4364443392377,86.16064223138353,614.63,-439.67,1.0064015131342,100,1,1308,288,0,0,0,0,0,0,0,0,0,0,0,854.0857593453802,829.4111459974157,739.7963097665427,900.5753203564133
1714,285.0317751143683,174.8033162645724,255.9,-84.09999999999999,1.047586836946615,100,1,458.26,89.26000000000001,0,0,0,0,0,0,0,0,0,0,0,2389.26468165713,1950.25810142489,4935.912824002266,1503.317662088424
1715,579.7148717949206,175.7575234381723,524.88,-98.23,0.9878446350011557,100,1,947,237,0,0,0,0,0,0,0,0,0,0,0,1124.797140358202,1210.296326520348,1125.137527456868,1571.564578158001
1716,594.647531963893,182.9239366953714,528.27,-94.91,0.9883719476910113,100,1,947,267,0,0,0,0,0,0,0,0,0,0,0,1168.179760640737,1261.542557458765,1135.538507078908,1550.799526056076
1717,578.9200376113491,249.3594165811291,529.5,-93.67,0.9909151202998979,100,1,947,237,0,0,0,0,0,0,0,0,0,0,0,1121.664862522783,1213.924821834633,1352.84540157648,1266.892328324257
1718,579.4052466697445,201.6070703193082,528.59,-94.53,0.9896339788049453,100,1,947,237,0,0,0,0,0,0,0,0,0,0,0,1123.556619794158,1211.72821648254,1189.41925782198,1458.803706975696
1719,579.6867078721543,181.8623088116142,529.53,-93.65000000000001,0.9880552365275485,100,1,947,237,0,0,0,0,0,0,0,0,0,0,0,1124.68281735053,1210.427995699807,1129.107806922007,1563.273279331421
1720,580.2693800708779,124.6680529113487,504.13,-118.98,0.9836489138200522,100,1,947,237,0,0,0,0,0,0,0,0,0,0,0,1127.079095130358,1207.678977640746,1048.212525277087,1757.765892347737
1721,193.5079714888536,84.58623277895681,104.81,-37.31,1.015791511863888,100,1,240,125,0,0,0,0,0,0,0,0,0,0,0,4382.842826355595,3524.170288330667,7389.781453030471,2580.834032087123
1906,101.231761182015,20.02464142715813,69.06,-76.42,1.048318489639003,100,1,169.4,33.88,0,0,0,0,0,0,0,0,0,0,0,3972.328328977029,3831.744700087549,5250.945195557064,3031.650778721195
1907,101.2302552909295,19.9949304345295,69.08,-76.5,1.048318436310463,100,1,169.4,33.88,0,0,0,0,0,0,0,0,0,0,0,3972.26969282543,3831.799165135724,5250.924672868332,3031.629388978274
1908,101.2293911973226,19.91968843345435,68.92,-76.48999999999999,1.048317547715022,100,1,169.4,33.88,0,0,0,0,0,0,0,0,0,0,0,3972.236034485551,3831.830431413001,5250.976426211257,3031.660086677378
1909,101.2314810930026,19.84541180210912,68.97,-76.69,1.048317411047418,100,1,169.4,33.88,0,0,0,0,0,0,0,0,0,0,0,3972.317409112987,3831.754843724857,5250.925246352288,3031.60656824939
1910,101.2290725781722,19.9652194899595,69.09999999999999,-76.58,1.048318382797667,100,1,169.4,33.88,0,0,0,0,0,0,0,0,0,0,0,3972.22364168973,3831.841942677653,5250.904157427569,3031.607997057072
1911,101.2173269475051,19.98508624871809,69.09999999999999,-76.54000000000001,1.048318473474609,100,1,169.4,33.88,0,0,0,0,0,0,0,0,0,0,0,3971.766362022109,3832.266824319603,5250.911023760228,3031.61700722913
1912,101.2317350936674,19.61554618534265,68.67,-76.84999999999999,1.048315368586699,100,1,169.4,33.88,0,0,0,0,0,0,0,0,0,0,0,3972.327270570599,3831.745685683662,5250.990504343541,3031.624242757813
1913,101.2327565867007,19.59080267609339,68.69,-76.92,1.048315334810001,100,1,169.4,33.88,0,0,0,0,0,0,0,0,0,0,0,3972.367046246095,3831.708741267744,5250.971816628149,3031.605064557016
1722,337.0065460625414,48.6040728047524,272.9,-127.1,0.9976180827541002,100,1,456.8,216.8,0,0,0,0,0,0,0,0,0,0,0,3301.539382209983,3211.283279857224,1783.490194149234,2256.612460689386
1723,193.541461082138,45.69327528987566,159.71,-80.29000000000001,1.005538852398477,100,1,260,130,0,0,0,0,0,0,0,0,0,0,0,3849.623726222623,3958.947626088535,3140.851262670435,3325.69187176024
1724,0,0,198.66,-190.41,1,100,0,585,250,0,0,0,0,0,0,0,0,0,0,0,0,0,0,0
1725,413.0264731702648,-32.12348441026785,199.31,-189.68,0.9880573740921308,100,1,585,250,0,0,0,0,0,0,0,0,0,0,0,2300.207170256952,2424.490804158865,1642.43395234194,2687.04174610296
1919,22.40123031582777,-2.283902467090763,20.64,-19.15,1.012699653952157,100,1,19.98,4,0,0,0,0,0,0,0,0,0,0,0,4670.309869736617,3349.789828991327,3790.599063460224,4061.924949752911
1920,24.77934974075117,-2.501863438957485,20.43,-19.38,1.012697215614194,100,1,23.98,4.8,0,0,0,0,0,0,0,0,0,0,0,4668.176267687964,3349.843524542086,3790.669738774518,4061.834405822317
1921,24.77888850351962,-1.862063901261215,21,-18.66,1.012705125234747,100,1,23.98,4.8,0,0,0,0,0,0,0,0,0,0,0,4668.152687549024,3349.855010880345,3790.514147268195,4062.086241568848
1922,24.77991992986831,-2.164580510076731,20.73,-19,1.012701391716074,100,1,23.98,4.8,0,0,0,0,0,0,0,0,0,0,0,4668.207117533037,3349.827550520779,3790.589302737093,4061.965844423241
1923,24.26966187940065,-2.086770915382214,21.26,-18.37,1.013203966892385,100,1,23.98,4.8,0,0,0,0,0,0,0,0,0,0,0,4628.353091792947,3374.578403741566,3773.058393501959,4082.712011540435
1924,24.2570382309356,-1.642085215640734,21.26,-18.37,1.01236403687198,100,1,23.98,4.8,0,0,0,0,0,0,0,0,0,0,0,4627.568984105617,3375.032109776178,3789.061501989215,4064.152400676858
1726,20.11853720301966,-1.009549498874806,9.31,-8.35,0.9766904429166963,100,1,35,7,0,0,0,0,0,0,0,0,0,0,0,3894.379954803194,3960.19728741363,3745.799518208783,4127.343861256231
1727,20.12354272502817,-1.198026391815118,9.119999999999999,-8.539999999999999,0.9766880128596179,100,1,35,7,0,0,0,0,0,0,0,0,0,0,0,3894.575914276812,3959.994574049615,3745.853314737463,4127.279708713362
1728,20.12419843090309,-2.939414493812718,10.16,-13.09,0.9766641974992241,100,1,35,7,0,0,0,0,0,0,0,0,0,0,0,3894.60159276997,3959.968015280941,3745.125779155632,4125.310923212045
1928,20.1191925304388,-1.009549373204721,9.31,-8.35,0.97669044278516,100,1,35,7,0,0,0,0,0,0,0,0,0,0,0,3894.405609321898,3960.170746257838,3745.79951800919,4127.343862058338
1729,231.5872176297327,-42.51993492907191,104.52,-144.76,0.9789132113366656,100,1,235,120,0,0,0,0,0,0,0,0,0,0,0,9488.152491722125,2285.851145811271,2686.102400117496,3760.171873440658
1931,54.23230079208057,97.37746355290058,47.31,-36.19,1.200924471148387,100,1,73,14.6,0,0,0,0,0,0,0,0,0,0,0,4481.711833472358,3465.536910044164,32600.96512698648,1784.997837612067
1932,49.26380732123869,99.4170904487995,51.14,-32.55,1.23299339138807,100,1,69,13.8,0,0,0,0,0,0,0,0,0,0,0,4329.138123305216,3573.24512929727,27165.21632533953,1725.471492840139
1934,56.91685426980572,97.48916176305997,46.31,-34.94,1.200913406221189,100,1,77.5,15.5,0,0,0,0,0,0,0,0,0,0,0,4479.841717738048,3465.377578822042,32602.32941133904,1785.242612300663
1935,19.5031824454235,3.037296647806123,13.16,-10.68,0.9973273249297065,100,1,31,6.2,0,0,0,0,0,0,0,0,0,0,0,3978.807731785804,3877.549385359284,3731.320564545827,4124.308566120716
1936,19.50767661254186,3.186094539098446,13.31,-10.53,0.9973292068314672,100,1,31,6.2,0,0,0,0,0,0,0,0,0,0,0,3978.995822821796,3877.370967938972,3731.278566750229,4124.358077910175
1937,19.50259188417914,3.344793091682111,13.47,-10.37,0.9973312748199774,100,1,31,6.2,0,0,0,0,0,0,0,0,0,0,0,3978.783125480224,3877.572727793113,3731.232481230842,4124.412420055128
1938,40.05445660019183,42.43350066019475,28.9,-16.53,1.040790327540201,100,1,50,10,0,0,0,0,0,0,0,0,0,0,0,4393.661421465416,3531.587073339823,4109.048627763232,3357.608557130628
1730,193.401152855208,38.29018180440787,158.82,-22.05,0.9306053392632576,100,1,250,137,0,0,0,0,0,0,0,0,0,0,0,3919.35254931574,3891.830069426882,4917.544178753151,3815.175904924267
1731,193.3968837086204,36.75802114046031,157.29,-23.58,0.930597937998578,100,1,250,137,0,0,0,0,0,0,0,0,0,0,0,3919.218989387552,3891.965406282151,4917.415802215187,3815.298537795597
1944,15.75340657419646,15.97072474866133,11.15,-8.85,1.054969288049674,100,1,19,3.8,0,0,0,0,0,0,0,0,0,0,0,4115.266561970183,3761.063294716447,4445.450308762699,3518.181162977514
1732,311.7632630697607,-50.24537455606774,198.93,-170.35,0.9634731290392881,100,1,419.9,201.9,0,0,0,0,0,0,0,0,0,0,0,3630.798637186441,3517.807485720774,1519.708423000528,3678.9591924666
1733,93.09276867702249,-22.53403039703673,83.81999999999999,-43.79,0.95219110631867,100,1,185,5,0,0,0,0,0,0,0,0,0,0,0,3895.265501157407,3887.313027541241,2494.311820674366,7880.837539320002
1734,93.09234494968194,-22.53385300065017,83.81999999999999,-43.79,0.9521948164535785,100,1,185,5,0,0,0,0,0,0,0,0,0,0,0,3895.247777284992,3887.330716827003,2494.316187753318,7880.805033191412
1950,151.4730330743342,47.22831297728548,163.7,-87.81999999999999,0.9983609567353042,100,1,227,45.4,0,0,0,0,0,0,0,0,0,0,0,4664.074261504155,3308.181457355849,3374.955108410678,2576.913565566899
1951,151.5166452302838,63.58775347381415,179.99,-71.56999999999999,0.9985705734673921,100,1,227,45.4,0,0,0,0,0,0,0,0,0,0,0,4666.66469697407,3306.742866918193,3376.494523789197,2573.239992453642
1952,151.4280234689051,41.30196913280555,157.76,-93.8,0.9983780868925314,100,1,227,45.4,0,0,0,0,0,0,0,0,0,0,0,4661.412427260282,3309.692236911277,3375.86751957263,2577.848776941441
1953,151.4300977930977,41.64680849148358,158.1,-93.47,0.9983985105323028,100,1,227,45.4,0,0,0,0,0,0,0,0,0,0,0,4661.527557426698,3309.641333439994,3376.032779515403,2577.600616873648
1735,584.3418043117402,386.7936942417485,501.44,-91.78,1.034209084192163,100,1,950,237,0,0,0,0,0,0,0,0,0,0,0,1104.873778744503,1225.072611165148,4649.541936188087,695.9196613669899
1736,584.3461390176193,391.1030974330615,505.62,-87.61,1.033978320120891,100,1,950,237,0,0,0,0,0,0,0,0,0,0,0,1104.873869246613,1225.073337287358,4655.003782505248,695.70825765634
1737,22.62882731003803,7.529598963390482,19.48,-19.3,1.030003968090259,100,1,37.84,7.57,0,0,0,0,0,0,0,0,0,0,0,3913.636734005434,3939.736131397755,4198.386270752294,3688.909135174704
1738,22.62749597964168,8.075071568213028,19.6,-18.32,1.030009622738278,100,1,37.84,7.57,0,0,0,0,0,0,0,0,0,0,0,3913.585439861514,3939.788119184423,4198.414044947007,3689.237376476827
1739,22.63004265681309,7.722773329780427,19.12,-18.55,1.030005321487192,100,1,37.85,7.57,0,0,0,0,0,0,0,0,0,0,0,3913.488740243361,3939.88146212739,4198.601143405013,3689.19674112896
1740,222.1496286607542,-65.85236607617007,175.05,-169.39,0.9668338601421185,100,1,316,168,0,0,0,0,0,0,0,0,0,0,0,3219.238717420412,4850.675018719005,1618.667933335598,3860.960927127902
1741,231.7631742669914,32.16851340726905,158.67,-184.58,1.007882899375422,100,1,304,156,0,0,0,0,0,0,0,0,0,0,0,4180.352240285779,3616.548344647528,3372.250057793187,1515.17115335254
1742,773.0075073807694,-30.84826862589883,674.3200000000001,-130.17,0.9469316387639442,100,1,1360,289,0,0,0,0,0,0,0,0,0,0,0,735.1063118705951,891.07015241367,533.9134568120375,5018.813042698581
1958,30.53154564620323,-45.00431752333481,27.09,-26.13,0.8873452031532143,100,1,61,12.2,0,0,0,0,0,0,0,0,0,0,0,3986.301031235299,3770.205268255731,2052.565765781829,6858.829485384958
1959,30.52899951823903,-44.84458085803747,27.25,-25.97,0.8873479347142886,100,1,61,12.2,0,0,0,0,0,0,0,0,0,0,0,3986.198188631371,3770.29310748136,2052.568392591978,6858.870911216593
1743,31.97617043139005,-0.8064328435593938,19.17,-14.98,1.013717419126262,100,1,35.95,7.19,0,0,0,0,0,0,0,0,0,0,0,4673.090110748741,3342.593496082787,3791.509642000325,4062.721556905853
1744,852.0419706654581,278.1689179751643,644.47,-185.53,1.005366503581021,100,1,1380,350,0,0,0,0,0,0,0,0,0,0,0,807.5222462396632,862.7945951884595,932.7446770231195,1030.929907820957
1745,852.3344233437218,272.6836332990508,646.63,-183.29,1.004496085442296,100,1,1380,350,0,0,0,0,0,0,0,0,0,0,0,808.2577604107182,861.9823097362926,925.2195432895546,1046.034425906979
1746,852.3085948874934,268.353082459317,637.86,-181.25,1.005259867066495,100,1,1380,350,0,0,0,0,0,0,0,0,0,0,0,808.2103646678225,862.0355954824148,934.7816176699276,1059.985217356669
1961,808.7708759504563,181.0127582463748,644.28,-185.67,0.9967683438702357,100,1,1290,350,0,0,0,0,0,0,0,0,0,0,0,880.0412746673911,930.9292044229973,833.7048696360852,1252.795557398706
1747,27.01994223547677,68.47421866499104,26.57,-21.43,1.302454915522505,100,1,51,0.8,0,0,0,0,0,0,0,0,0,0,0,3958.301963810487,3886.196029678956,10996.09407481591,1962.70731871565
1748,848.8266617715084,324.6659405632626,637.77,-152.22,1.009047577167411,100,1,1380,340,0,0,0,0,0,0,0,0,0,0,0,799.9191137905472,856.0885367915521,977.6993047870643,1025.552777491517
1749,848.7221733642255,316.4703572050277,629.9299999999999,-160.06,1.008995585342649,100,1,1380,340,0,0,0,0,0,0,0,0,0,0,0,799.7847884975901,856.2445361500071,977.6056242437791,1026.192228445371
1750,374.6470839525511,56.28986323136252,232.65,-116.23,0.9906874861933851,100,1,585,175,0,0,0,0,0,0,0,0,0,0,0,1922.413494813281,1972.284422053616,2115.351187142864,2425.581015522984
1751,374.6500480903669,56.28986321764645,232.65,-116.23,0.9906874886533025,100,1,585,175,0,0,0,0,0,0,0,0,0,0,0,1922.440843865141,1972.25549606302,2115.351195031838,2425.58100609404
1752,387.6020679067189,138.513927233828,314.58,-33.18,0.9908458944199424,100,1,598,188,0,0,0,0,0,0,0,0,0,0,0,1922.010063734753,1972.71161052968,2119.155727386913,2436.749758997824
1753,374.6390079290501,56.38412150316658,231.39,-116.61,0.9908311633771666,100,1,585,175,0,0,0,0,0,0,0,0,0,0,0,1922.416577138836,1972.281070003215,2128.689788620036,2419.624509224601
2058,22.25373180956109,5.459443903970545,1,0.9,0.9935249949934756,100,1,38,7.6,0,0,0,0,0,0,0,0,0,0,0,3742.935991192601,4091.627514299473,2918.203912000454,4774.801591722088
1754,159.2179613234944,19.95763791686635,117.72,-80.39,0.9781151298643355,100,1,245,85,0,0,0,0,0,0,0,0,0,0,0,4380.007811411341,3144.232490408812,4627.87703143165,1322.91526381765
1755,438.4020070632965,92.49544765821398,219.39,-168.09,0.9909895390456566,100,1,605,295,0,0,0,0,0,0,0,0,0,0,0,2979.512958830044,1796.734613766555,3269.869608063332,79.25921503618653
1756,33.51793316476371,19.63587789591721,59.63,-30.37,1.106757309999542,100,1,58,11.6,0,0,0,0,0,0,0,0,0,0,0,3953.142146084997,3891.304003262011,4459.236701543839,3389.273304014216
1757,350.0749395653113,125.9275998064894,187.44,-1.27,1.025634785468858,100,1,439.8,230.8,0,0,0,0,0,0,0,0,0,0,0,4309.879530465932,3281.447651208915,5624.348051946406,2925.614301088637
1758,76.25281813466771,4.799883571126378,8.16,-16.52,1.045740782001128,100,1,80,16,0,0,0,0,0,0,0,0,0,0,0,5682.530534210981,2984.616619780587,4364.404948871035,3574.546102405284
1759,76.25419041361016,4.799768954668902,8.16,-16.52,1.045739758329847,100,1,80,16,0,0,0,0,0,0,0,0,0,0,0,5682.63920358422,2984.587508225389,4364.347714841791,3574.581704775001
1760,76.2552290525195,4.759611851153218,8.119999999999999,-16.56,1.045743992034006,100,1,80,16,0,0,0,0,0,0,0,0,0,0,0,5682.712746464241,2984.568269054662,4364.29517547135,3574.614657776592
1970,23.15527676797983,57.1385428078696,19.16,-10.84,1.398949873932324,100,1,32,6.4,0,0,0,0,0,0,0,0,0,0,0,4122.115826492024,3748.688349689199,9161.177259155365,2206.918363035494
1971,23.1554696125514,53.75792270525388,15.75,-14.25,1.398925805447937,100,1,32,6.4,0,0,0,0,0,0,0,0,0,0,0,4122.126842630646,3748.678801240701,9166.968985078553,2206.524856967882
1972,23.15173754530379,57.13861274010755,19.16,-10.84,1.398950088473677,100,1,32,6.4,0,0,0,0,0,0,0,0,0,0,0,4121.979198750127,3748.799482904567,9161.190775687983,2206.916898896187
1973,23.15273334678837,53.75797673800113,15.75,-14.25,1.398925971243072,100,1,32,6.4,0,0,0,0,0,0,0,0,0,0,0,4122.021209394631,3748.764721546712,9166.979441551264,2206.523725914218
1974,108.3763401195192,17.03242848654813,110.99,-94.45,0.9792890290483691,100,1,180,36,0,0,0,0,0,0,0,0,0,0,0,3984.032361229564,3819.237486142095,4132.083496702535,3462.084206352021
1975,108.4296452179538,13.13829404763172,105.25,-101.33,0.9815607038416763,100,1,180,36,0,0,0,0,0,0,0,0,0,0,0,3988.872237607591,3814.681975277629,4216.623172065016,3369.930072699573
1976,108.3741936573962,16.73758299525274,110.69,-94.73999999999999,0.9792863430659013,100,1,180,36,0,0,0,0,0,0,0,0,0,0,0,3983.947499609986,3819.315626526152,4132.301160969103,3462.23560150709
1977,108.3746891902537,16.51804898244603,110.67,-94.76000000000001,0.9805813349119198,100,1,180,36,0,0,0,0,0,0,0,0,0,0,0,3983.976583739211,3819.288427416513,4123.719167805606,3468.216861966519
1761,22.685514150357,6.815823161602554,11.32,-8.109999999999999,1.022754296907841,100,1,37.65,7.53,0,0,0,0,0,0,0,0,0,0,0,3921.502497503824,3931.728747520809,4122.373575508862,3756.501527622882
1762,22.68578474183157,6.756277268799082,11.25,-8.16,1.022753577738978,100,1,37.65,7.53,0,0,0,0,0,0,0,0,0,0,0,3921.512922656155,3931.718269089904,4122.39813464274,3756.489815207123
1978,22.67640559098035,6.637187698039665,11.12,-8.27,1.02275214380642,100,1,37.64,7.53,0,0,0,0,0,0,0,0,0,0,0,3921.346583627119,3931.890123048066,4122.442341268638,3756.461964994166
1769,19.68474600290611,-14.88838773216907,7.16,-12.41,0.9571069428382625,100,1,39.97,1,0,0,0,0,0,0,0,0,0,0,0,3856.639725121909,3993.405848841703,3153.46382249407,5121.680154555967
1770,19.68614982097085,-14.64011640884674,7.4,-12.15,0.9571105927637226,100,1,39.97,1,0,0,0,0,0,0,0,0,0,0,0,3856.693685720461,3993.348046230372,3153.423037801299,5121.797025443659
1979,27.08745849289673,9.910364534324348,10.62,-10.08,0.9848861660017308,100,1,44,8.800000000000001,0,0,0,0,0,0,0,0,0,0,0,4375.504369201533,3538.490697582457,4842.40762222374,3260.765761677446
1980,19.53894347294862,5.833374241553853,18.75,-13.93,1.002288689575671,100,1,31,6.2,0,0,0,0,0,0,0,0,0,0,0,3979.702864437051,3876.581195074558,3773.021836826612,4066.902254780347
1771,19.39577332915848,7.142971862798896,16.72,-13.28,1.076531796603107,100,1,33,6.6,0,0,0,0,0,0,0,0,0,0,0,3995.633749555362,3859.786243617396,4499.265322710582,3384.865358150371
1993,70.37108529482758,6.635092605939663,26.99,-17.46,0.9520048910824737,100,1,130,26,0,0,0,0,0,0,0,0,0,0,0,5119.482471863111,2897.345534299611,7494.500122397541,1994.188627081294
1772,787.9505787794803,292.1159597230708,640.85,-149.37,1.008245960208457,100,1,1332,282,0,0,0,0,0,0,0,0,0,0,0,776.7584371820381,868.2624450411982,1015.354088302845,1097.41863057641
1995,787.9425108241259,286.4226027158654,634.52,-155.7,1.007197312570493,100,1,1332,282,0,0,0,0,0,0,0,0,0,0,0,776.7528333975523,868.269208582079,1016.744899943538,1095.85390583879
1773,216.1880136502286,60.51225382433266,164.14,14.19,0.9362284722751179,100,1,285,150,0,0,0,0,0,0,0,0,0,0,0,3728.972968812407,4079.533205747702,2210.925830729905,8536.322682211552
1774,406.4304029500714,-67.60408713897091,221.3,-146.7,0.9228653394183068,100,1,595,225,0,0,0,0,0,0,0,0,0,0,0,2043.404322864287,2253.745863420054,1151.79739086091,7836.242989740938
1775,278.9621116090165,27.32278411441666,89.22,29.22,0.9317475852928245,100,1,443,127,0,0,0,0,0,0,0,0,0,0,0,2404.571682047722,2595.419736682209,2815.784367312625,6115.813495738178
1776,0,0,97.27,37.27,0.9944205,100,0,443,127,0,0,0,0,0,0,0,0,0,0,0,0,0,0,0
1996,30.8208221542566,9.919791326345893,25.51,-26.68,1.018414812249925,100,1,50,10,0,0,0,0,0,0,0,0,0,0,0,4008.998957306152,3840.54992639682,4218.642632215715,3662.638164808957
1997,30.82195265590396,10.5405955554509,26.13,-26.05,1.01842260054082,100,1,50,10,0,0,0,0,0,0,0,0,0,0,0,4009.04569514656,3840.507064277126,4218.458305183036,3662.780947657436
2000,57.2007647116349,42.5603626345584,50.47,-24.65,1.030381188446231,100,1,85,17,0,0,0,0,0,0,0,0,0,0,0,4120.911241228482,3712.726935569543,2217.836543767189,4222.596393977929
1777,587.3974201980838,259.6654443781458,543.74,-110.4,0.9948741296447702,100,1,953.37,233.37,0,0,0,0,0,0,0,0,0,0,0,1253.023963445989,1051.48587572445,2157.179371316398,589.1699110558149
1778,590.4355069955456,254.4340927979727,540.34,-113.8,0.9970557407308343,100,1,956.37,236.37,0,0,0,0,0,0,0,0,0,0,0,1252.917868997657,1051.610924814815,2141.948551399631,592.3189178611769
1779,32.27236404450385,14.28777599449093,18.53,-19.03,1.016594375897894,100,1,49,9.800000000000001,0,0,0,0,0,0,0,0,0,0,0,4045.88159583557,3801.619640949257,3564.276850068657,4039.791237544505
2002,32.26909429463134,14.28776889842848,18.53,-19.03,1.016594394359698,100,1,49,9.800000000000001,0,0,0,0,0,0,0,0,0,0,0,4045.736929468979,3801.746173092042,3564.276245611473,4039.79182653896
1780,14.05517126570974,17.7683115211047,8.619999999999999,-1.44,1.078020177368887,100,1,23.69,4.74,0,0,0,0,0,0,0,0,0,0,0,3915.072524782992,3943.425026954568,4554.204623422586,3462.088146036216
2028,14.05505584146068,17.73543420342756,8.619999999999999,-1.44,1.078099463322157,100,1,23.69,4.74,0,0,0,0,0,0,0,0,0,0,0,3915.068553359225,3943.429052315229,4552.485549061353,3463.069734224567
1781,14.0548154054022,17.74682025817322,8.619999999999999,-1.44,1.078072016016083,100,1,23.69,4.74,0,0,0,0,0,0,0,0,0,0,0,3915.059150290944,3943.438593549192,4553.080764796448,3462.729713570228
1782,14.05988686342275,17.67875408683902,8.550000000000001,-1.52,1.0780556534684,100,1,23.69,4.74,0,0,0,0,0,0,0,0,0,0,0,3915.25402822811,3943.240899524742,4553.439868732265,3462.521182171073
2004,125.9918291743677,105.149510523924,86.73999999999999,-73.26000000000001,1.030964962004053,100,1,161,32.2,0,0,0,0,0,0,0,0,0,0,0,5744.068862466636,2927.470925226068,223163.4293565638,2017.17469352477
2023,125.9914846702042,105.149510476825,86.73999999999999,-73.26000000000001,1.030964972452071,100,1,161,32.2,0,0,0,0,0,0,0,0,0,0,0,5744.053523072503,2927.471102390246,223163.4194391396,2017.174693202532
2024,125.9914814624802,105.1495104763865,86.73999999999999,-73.26000000000001,1.030964972549365,100,1,161,32.2,0,0,0,0,0,0,0,0,0,0,0,5744.053380244988,2927.471104039095,223163.4193467946,2017.174693199532
2005,125.9913645219724,105.149510460398,86.73999999999999,-73.26000000000001,1.030964976096502,100,1,161,32.2,0,0,0,0,0,0,0,0,0,0,0,5744.048173332845,2927.471164139865,223163.4159801689,2017.17469309017
1783,618.2450099938821,149.4709154868141,414.21,-99.12,0.9827360231870356,100,1,985,275,0,0,0,0,0,0,0,0,0,0,0,1140.95651481099,1191.890967090772,1516.479248408957,1637.631612482871
1784,636.1104485522964,139.4889038927473,403.28,-110.08,0.9829750540759327,100,1,985,275,0,0,0,0,0,0,0,0,0,0,0,1193.968485302434,1139.158613396488,1522.704667649799,1630.367341268796
1785,634.6506821798293,153.5767953791693,416.57,-96.77,0.9832226182743907,100,1,985,275,0,0,0,0,0,0,0,0,0,0,0,1189.822886667238,1142.922218079523,1527.45568186716,1625.115567961306
1786,608.4189954339407,153.2794216961481,416.79,-96.56,0.983026231897045,100,1,985,275,0,0,0,0,0,0,0,0,0,0,0,1113.061742894106,1224.147358403449,1524.367724210505,1628.437915409473
1787,125.1200630065129,9.160797371546307,83.56,-45.77,0.9778286519659387,100,1,185,72,0,0,0,0,0,0,0,0,0,0,0,3791.698050136715,4030.382562663499,3181.963311589021,4822.970700620299
1788,125.1215627990219,10.11164587132659,83.56,-43.87,0.9778349412397913,100,1,185,72,0,0,0,0,0,0,0,0,0,0,0,3791.752277709467,4030.321110666046,3182.352235386691,4823.464715775006
1789,125.319454162187,13.49020524629335,83.56,-43.87,0.9830030422159218,100,1,185,72,0,0,0,0,0,0,0,0,0,0,0,3798.650693901726,4022.301946397916,3231.934203157807,4612.152452083715
1790,198.9513505630781,18.78409689153352,140.78,-68.25,0.9654075252324419,100,1,268,138,0,0,0,0,0,0,0,0,0,0,0,3773.707074530438,4042.952016427827,2902.948347170398,4979.773244792852
1791,198.9515448320215,13.96753111749641,135.78,-73.25,0.9620414830737718,100,1,268,138,0,0,0,0,0,0,0,0,0,0,0,3773.712656093326,4042.945498315604,2904.85943708869,4971.623665941468
1792,28.61258965469878,-13.01327423734294,12.09,-19.97,0.9858285701043378,100,1,34.97,6.99,0,0,0,0,0,0,0,0,0,0,0,4449.942981757137,3488.982253546527,3594.22611035671,4323.842001311655
2011,28.61317015215227,-13.01326384959626,12.09,-19.97,0.9858285579690951,100,1,34.97,6.99,0,0,0,0,0,0,0,0,0,0,0,4449.971414067137,3488.964849214519,3594.22662552729,4323.841271210606
2012,20.96249793078239,3.913201694908611,12.08,-20,1.036633369036674,100,1,34.96,6.99,0,0,0,0,0,0,0,0,0,0,0,3915.58662057385,3939.002877037944,4187.970172802266,3702.912601610805
1793,87.97652058712721,-7.876160993307693,106.95,-73.05,0.9624880346266692,100,1,136,27.2,0,0,0,0,0,0,0,0,0,0,0,4427.115622592627,3400.27164122317,2932.949824930779,5534.521570059425
1794,83.18801299100649,-9.125601368177289,100.68,-69.31999999999999,0.9625287668206762,100,1,128,25.6,0,0,0,0,0,0,0,0,0,0,0,4429.428984209235,3401.162417306669,2934.834203619424,5537.259413748835
