37,9001,6e-05,0.00046,0,9900,63230,63230,1.0082,0,1,-30,30,17.86913472325768,-26.53954314369592,-17.86855563455379,26.54398282380373,0,0,0,0
9001,9005,0.0008,0.00348,0,8215,8215,8215,0,0,1,-30,30,-30.64343665737955,-39.15724716128538,30.66208081150196,39.23834923171788,0,0,0,0
9001,9006,0.02439,0.43682,0,68,68,68,0.9668,0,1,-30,30,29.84984818216746,11.56419191510087,-29.62963151288882,-7.620155610291718,0,0,0,0
9001,9012,0.03624,0.64898,0,46,46,46,0.9796,0,1,-30,30,18.66214410984837,1.049072422283366,-18.54761160400913,1.001956982781414,0,0,0,0
9005,9051,0.01578,0.37486,0,79,79,79,1.0435,0,1,-30,30,36.0720260828147,-17.92861936700173,-35.8099999964012,24.15315033994017,0,0,0,0
9005,9052,0.01578,0.37486,0,79,79,79,0.9391,0,1,-30,30,34.18510139286736,29.29758606655707,-33.91999999999997,-22.99999999999999,0,0,0,0
9005,9053,0.01602,0.38046,0,78,78,78,1.0435,0,1,-30,30,28.08078846521598,-7.474041009157125,-27.94235994239753,10.76158881137364,0,0,0,0
9005,9054,0,0.152,0,193,193,193,1.0435,0,1,-30,30,-128.9999961675478,-34.30221431696139,128.9999961675478,62.01707938223006,0,0,0,0
9005,9055,0,0.8,0,37,37,37,1.0435,0,1,-30,30,-5.873602897457642e-07,-8.831060605318266,5.873602954703516e-07,9.469522078574846,0,0,0,0
9006,9007,0.05558,0.24666,0,117,117,117,0,0,1,-30,30,10.68327370696875,2.820565155362165,-10.61781578354222,-2.530067649201889,0,0,0,0
9006,9003,0.11118,0.49332,0,59,59,59,0,0,1,-30,30,9.47317890295977,2.399795227465006,-9.370754927759846,-1.945326838855311,0,0,0,0
9006,9003,0.11118,0.49332,0,59,59,59,0,0,1,-30,30,9.47317890295977,2.399795227465006,-9.370754927759846,-1.945326838855311,0,0,0,0
9012,9002,0.07622,0.43286,0,67,67,67,0,0,1,-30,30,7.101202162367239,-1.221026642490215,-7.064954018676365,1.426882998801313,0,0,0,0
9012,9002,0.07622,0.43286,0,67,67,67,0,0,1,-30,30,7.101202162367239,-1.221026642490215,-7.064954018676365,1.426882998801313,0,0,0,0
9002,9021,0.0537,0.07026,0,332,332,332,0,0,1,-30,30,8.313321876045814,2.590028875714793,-8.276049208994488,-2.541262067762718,0,0,0,0
9021,9023,1.1068,0.95278,0,21,21,21,0,0,1,-30,30,1.078217280352975,0.3539007431597752,-1.065017834146655,-0.3425381046013561,0,0,0,0
9021,9022,0.44364,2.8152,0,11,11,11,1,0,1,-30,30,1.827831928934983,0.627361324501637,-1.812489012622539,-0.5299999999980022,0,0,0,0
9002,9024,0.50748,3.2202,0,9,9,9,1,0,1,-30,30,1.616586161144127,0.5561581590537259,-1.603008264567057,-0.4699999999982354,0,0,0,0
9023,9025,0.66688,3.944,0,8,8,8,1,0,1,-30,30,0.5325760631100827,0.1717679316124696,-0.5305862562556557,-0.1599999999997953,0,0,0,0
9023,9026,0.6113,3.6152,0,8,8,8,1,0,1,-30,30,0.5324417709869005,0.1707701729803743,-0.5306206250632955,-0.1599999999998137,0,0,0,0
9007,9071,0.4412,2.9668,0,10,10,10,1,0,1,-30,30,1.205972671145876,0.397282109182251,-1.198941234388693,-0.3499999999999998,0,0,0,0
9007,9072,0.30792,2.057,0,15,15,15,1,0,1,-30,30,1.204316881397408,0.3824665005075395,-1.199456849877584,-0.3500000000000084,0,0,0,0
9007,9003,0.0558,0.24666,0,116,116,116,0,0,1,-30,30,8.207526230998848,1.750319039512058,-8.168678752915341,-1.578596477790231,0,0,0,0
9003,9031,0.73633,4.6724,0,7,7,7,1,0,1,-30,30,2.211291584180747,0.9085861324632252,-2.168964722842538,-0.6399999999999956,0,0,0,0
9003,9032,0.76978,4.8846,0,6,6,6,1,0,1,-30,30,1.658426989420228,0.6349262356066693,-1.63401166009023,-0.4799999999999951,0,0,0,0
9003,9033,0.75732,4.8056,0,7,7,7,1,0,1,-30,30,2.274540478976876,0.9430397973568813,-2.228360002171832,-0.6499999999999917,0,0,0,0
9003,9044,0.07378,0.06351999999999999,0,302,302,302,0,0,1,-30,30,4.97867611444501,1.616596314636409,-4.958343170035557,-1.599090911696744,0,0,0,0
9044,9004,0.03832,0.02894,0,611,611,611,0,0,1,-30,30,4.958343170035779,1.599090911695943,-4.947782605793841,-1.591115370747047,0,0,0,0
9004,9041,0.36614,2.456,0,12,12,12,1,0,1,-30,30,1.193552299432629,0.3894968046269827,-1.187664123518084,-0.3500000000000021,0,0,0,0
9004,9042,1.0593,5.4536,0,6,6,6,1,0,1,-30,30,0.9684155570011321,0.3385580360457619,-0.9570413220768116,-0.2800000000000011,0,0,0,0
9004,9043,0.1567,1.6994,0,18,18,18,1,0,1,-30,30,1.815814749359839,0.5830605300747111,-1.809999999999645,-0.5199999999999559,0,0,0,0
9003,9034,0.13006,1.3912,0,21,21,21,1,0,1,-30,30,1.837955332268783,-1.152795181661832,-1.831798022103539,1.218657475233167,0,0,0,0
9003,9035,0.54484,3.4572,0,9,9,9,1,0,1,-30,30,1.988079537990636,0.7362840437568603,-1.963449838117764,-0.5799999999999903,0,0,0,0
9003,9036,0.15426,1.6729,0,18,18,18,1,0,1,-30,30,3.450806146255328,1.22563595275275,-3.429999999999338,-0.9999999999999655,0,0,0,0
9003,9037,0.3849,2.5712,0,12,12,12,1,0,1,-30,30,2.215442978633541,0.7827739858001788,-2.194070192722493,-0.6400000000000007,0,0,0,0
9003,9038,0.4412,2.9668,0,10,10,10,1,0,1,-30,30,3.095773535123365,1.220418494346011,-3.046636202069076,-0.8899999999999905,0,0,0,0
9012,9121,0.23552,0.99036,0,29,29,29,0,0,1,-30,30,4.345207279056061,1.4400963022475,-4.299999999780462,-1.25000000000827,0,0,0,0
9053,9533,0,0.75,0,40,40,40,0.9583,0,1,-30,30,1.462359943373485,0.4253964784653824,-1.462359943373487,-0.409999999983147,0,0,0,0
1,5,0.001,0.006,0,4823,4823,4823,0,0,1,-30,30,123.2021455344806,72.32162844099307,-123.0162091341173,-71.20601003881352,0,0,0,0
2,6,0.001,0.008999999999999999,0,3240,3240,3240,0,0,1,-30,30,162.440642964715,21.84081108033116,-162.2009647005634,-19.68370670296685,0,0,0,0
2,8,0.006,0.027,0.054,1061,1061,1061,0,0,1,-30,30,370.7628276976164,-71.75801409810551,-363.1512290025111,99.95141146862554,0,0,0,0
3,7,0,0.003,0,9778,9778,9778,0,0,1,-30,30,306.9852112879888,134.0096919730714,-306.9852112879888,-130.7971942620575,0,0,0,0
3,19,0.008,0.06900000000000001,0.139,423,423,423,0,0,1,-30,30,198.7532934386277,-8.38822656655916,-195.7370488062658,19.923318674285,0,0,0,0
3,150,0.001,0.007,0,4149,4149,4149,0,0,1,-30,30,-446.2043793651181,134.9980623814012,448.2785276203844,-120.4790245945376,0,0,0,0
4,16,0.002,0.019,1.127,1536,1536,1536,0,0,1,-30,30,593.4586367653375,-65.50030623891502,-587.1526988272448,0.1506030692807331,0,0,0,0
5,9,0.006,0.029,0.018,991,991,991,0,0,1,-30,30,13.09174035910501,15.53322259948805,-13.06722220979245,-17.36054298149256,0,0,0,0
7,12,0.001,0.008999999999999999,0.07000000000000001,3240,3240,3240,0,0,1,-30,30,455.1071438081707,-95.26929746319411,-453.0345008633486,106.6124925607043,0,0,0,0
7,131,0.001,0.007,0.014,4149,4149,4149,0,0,1,-30,30,-410.8164956857517,98.01197057264432,412.5333209746025,-87.44662408077971,0,0,0,0
8,11,0.013,0.0595,0.033,482,482,482,0,0,1,-30,30,21.96385223497866,12.09646013667621,-21.88549270714574,-15.40781070100946,0,0,0,0
8,14,0.013,0.042,0.081,668,668,668,0,0,1,-30,30,269.957362493526,10.07400204182394,-261.4975044960267,8.44328804922605,0,0,0,0
9,11,0.006,0.027,0.013,1061,1061,1061,0,0,1,-30,30,-95.48277748032812,-25.6394570469098,96.02611726494004,26.66973871422466,0,0,0,0
11,13,0.008,0.034,0.018,840,840,840,0,0,1,-30,30,240.7391192144751,-40.16866333107716,-236.4167879333078,56.56139093438595,0,0,0,0
12,21,0.002,0.015,0.118,1939,1939,1939,0,0,1,-30,30,652.3047612355906,17.91155446034378,-644.180517167604,30.78478978080283,0,0,0,0
13,20,0.006,0.034,0.016,850,850,850,0,0,1,-30,30,170.8367885090703,-66.56139105228324,-169.0025130806204,75.18010608836707,0,0,0,0
14,15,0.014,0.042,0.097,663,663,663,0,0,1,-30,30,80.5875243367208,-68.4432920188781,-79.19111906556364,62.25771201512209,0,0,0,0
15,37,0.065,0.248,0.121,115,115,115,0,0,1,-30,30,22.47084498493579,-10.25786166887944,-22.16044377324266,-1.649712338676444,0,0,0,0
15,89,0.099,0.248,0.035,110,110,110,0,0,1,-30,30,35.46911551209998,-7.865995671770394,-34.28967363290906,7.076290182152675,0,0,0,0
15,90,0.096,0.363,0.048,79,79,79,0,0,1,-30,30,34.33408147320637,-3.788448461426286,-33.29065460838898,2.622599191809188,0,0,0,0
16,42,0.002,0.022,1.28,1328,1328,1328,0,0,1,-30,30,305.0003040058579,-122.4743433977413,-303.269429507706,-0.9716544130917228,0,0,0,0
19,21,0.002,0.018,0.036,1620,1620,1620,0,0,1,-30,30,64.71857910569942,21.33611663261592,-64.62730149462649,-24.22366650508643,0,0,0,0
19,87,0.013,0.08,0.151,362,362,362,0,0,1,-30,30,131.0184699278653,-41.25943522196393,-128.7234426160477,39.50948659748482,0,0,0,0
20,22,0.016,0.033,0.015,800,800,800,0,0,1,-30,30,70.8001225843868,15.7149329635371,-70.04728342111292,-15.82288862676104,0,0,0,0
20,27,0.06900000000000001,0.186,0.098,148,148,148,0,0,1,-30,30,59.72495660359489,2.951681929625928,-57.4905030970134,-7.444082438383193,0,0,0,0
21,24,0.004,0.034,0.28,857,857,857,0,0,1,-30,30,-23.85474704120805,-59.42792486579292,23.95626762292768,31.13373480732309,0,0,0,0
22,23,0.052,0.111,0.05,240,240,240,0,0,1,-30,30,-21.5427165786347,-7.177111373165721,21.77342850473428,2.133971353872238,0,0,0,0
23,25,0.019,0.039,0.018,677,677,677,0,0,1,-30,30,108.7960499424345,7.078010974125094,-106.7834266824706,-4.928223883347926,0,0,0,0
24,319,0.007,0.068,0.134,430,430,430,0,0,1,-30,30,116.7342531659212,-29.23239926636548,-115.799999937154,23.99999999134557,0,0,0,0
25,26,0.036,0.07099999999999999,0.034,369,369,369,0,0,1,-30,30,55.90342668254188,-7.071776116642449,-54.85053858109416,5.535932589996693,0,0,0,0
26,27,0.045,0.12,0.065,229,229,229,0,0,1,-30,30,20.71718163598802,-0.6692935237477392,-20.52949690287475,-5.555917561614055,0,0,0,0
26,320,0.043,0.13,0.014,215,215,215,0,0,1,-30,30,2.473356945173466,-13.86663906625271,-2.399999999993583,12.59999999999289,0,0,0,0
33,34,0,0.063,0,466,466,466,1,0,1,-30,30,-132.0415251015899,-20.37221547842077,132.0415251015899,30.77473513546394,0,0,0,0
33,38,0.0025,0.012,0.013,2393,2393,2393,0,0,1,-30,30,71.86722090467956,24.27989404551727,-71.73334405063801,-25.03645083183682,0,0,0,0
33,40,0.006,0.029,0.02,991,991,991,0,0,1,-30,30,56.62523168628304,-5.627136163431906,-56.44612100417748,4.334662972401284,0,0,0,0
33,41,0.007,0.043,0.026,674,674,674,0,0,1,-30,30,-58.64092745552053,-4.280542397020108,58.86413171115885,2.826287668211644,0,0,0,0
34,42,0.001,0.008,0.042,3639,3639,3639,0,0,1,-30,30,-132.0415250740272,-30.77473513316598,132.2054009894084,27.39473364195359,0,0,0,0
35,72,0.012,0.06,0.008,480,480,480,0,0,1,-30,30,-8.12972782424859,20.81796867699848,8.188669185267862,-21.35629463228289,0,0,0,0
35,76,0.006,0.014,0.002,1926,1926,1926,0,0,1,-30,30,138.8311215411706,-18.60359918753182,-137.7133503946627,21.00224327764494,0,0,0,0
35,77,0.01,0.029,0.003,957,957,957,0,0,1,-30,30,-65.94571480585748,9.25875692844809,66.36714414610535,-8.353720523218417,0,0,0,0
36,88,0.004,0.027,0.043,1075,1075,1075,0,0,1,-30,30,-64.75567843713974,-13.40359309178859,64.91463158901225,9.781849659192646,0,0,0,0
37,38,0.008,0.047,0.008,616,616,616,0,0,1,-30,30,14.43705063395971,4.138041768566106,-14.42003475883629,-4.897917732888107,0,0,0,0
37,40,0.022,0.064,0.007,434,434,434,0,0,1,-30,30,21.37618825271516,-6.822082046570091,-21.27446629550191,6.363672485987306,0,0,0,0
37,41,0.01,0.036,0.02,786,786,786,0,0,1,-30,30,-73.35260435370292,0.4885140536953617,73.85192171658844,-0.8613784420157117,0,0,0,0
37,49,0.017,0.081,0.048,355,355,355,0,0,1,-30,30,-120.8205920183821,5.694594148928905,123.1332652497853,0.06105801803822225,0,0,0,0
37,89,0.102,0.254,0.033,108,108,108,0,0,1,-30,30,14.07963613672307,-2.364951962295371,-13.89175528060479,-0.6846616312859759,0,0,0,0
37,90,0.047,0.127,0.016,217,217,217,0,0,1,-30,30,52.46163072585137,-4.944860507278477,-51.25450948561341,6.509110237784588,0,0,0,0
38,41,0.008,0.037,0.02,775,775,775,0,0,1,-30,30,-90.55420591192109,-8.104499429593114,91.17011404204732,8.789224337175296,0,0,0,0
38,43,0.032,0.08699999999999999,0.04,317,317,317,0,0,1,-30,30,1.447584724827464,20.03886799754377,-1.300017169190965,-23.84552299153875,0,0,0,0
39,42,0.0005999999999999999,0.0064,0.404,4564,4564,4564,0,0,1,-30,30,5.381806264417692e-07,1.103903202324578,0.003024397444537433,-46.40357569792473,0,0,0,0
40,48,0.026,0.154,0.022,188,188,188,0,0,1,-30,30,31.72058738661261,10.30166454314987,-31.445864022438,-10.98993765245944,0,0,0,0
41,42,0,0.029,0,1012,1012,1012,1,0,1,-30,30,-236.6955367530384,-41.0159566128811,236.6955367530383,56.33656321215224,0,0,0,0
41,49,0.065,0.191,0.02,146,146,146,0,0,1,-30,30,-35.66953660072446,6.389107781457202,36.45995003259072,-6.273896089447477,0,0,0,0
41,51,0.031,0.089,0.036,312,312,312,0,0,1,-30,30,-37.52109406663025,23.8727152836521,38.11011305814522,-26.07614793819892,0,0,0,0
42,46,0.002,0.014,0.806,2075,2075,2075,0,0,1,-30,30,-65.63453219580249,-36.35606664194477,65.71280360129909,-53.42243759333949,0,0,0,0
43,44,0.026,0.07199999999999999,0.035,384,384,384,0,0,1,-30,30,-74.80379336373409,6.350398123717897,76.22974997435784,-6.068135784618097,0,0,0,0
43,48,0.095,0.262,0.032,106,106,106,0,0,1,-30,30,20.34759639041733,-7.516350527386403,-19.93496929210884,5.357942999985245,0,0,0,0
43,53,0.013,0.039,0.016,714,714,714,0,0,1,-30,30,11.65621424392775,16.0114753694737,-11.60340770805631,-17.49201998100744,0,0,0,0
44,47,0.027,0.08400000000000001,0.039,333,333,333,0,0,1,-30,30,83.24401140124763,2.921709366130877,-81.47719064057246,-1.475637776643383,0,0,0,0
44,54,0.028,0.08400000000000001,0.037,332,332,332,0,0,1,-30,30,11.0403006660393,14.93035810791903,-10.9329711448962,-18.47720713270889,0,0,0,0
45,60,0.007,0.041,0.312,706,706,706,0,0,1,-30,30,-353.7474278324863,79.65632075411089,362.4170535954314,-62.62254981733484,0,0,0,0
45,74,0.008999999999999999,0.054,0.411,536,536,536,0,0,1,-30,30,87.08245045196824,-16.94936514597646,-86.45144643715999,-23.48948280094353,0,0,0,0
46,81,0.005,0.042,0.6899999999999999,694,694,694,0,0,1,-30,30,-44.05191637897842,-30.8130190393464,44.14123974781356,-45.70686951131482,0,0,0,0
47,73,0.052,0.145,0.073,191,191,191,0,0,1,-30,30,-24.60480952095926,1.136919495036491,24.92711727941332,-7.691698151213108,0,0,0,0
47,113,0.043,0.118,0.013,234,234,234,0,0,1,-30,30,40.50200024217754,-11.46128171348097,-39.75726306623039,12.19040018648859,0,0,0,0
48,107,0.025,0.062,0.007,439,439,439,0,0,1,-30,30,5.020833669721187,-13.36800542544342,-4.973544456659848,12.76099582801309,0,0,0,0
49,51,0.031,0.094,0.043,297,297,297,0,0,1,-30,30,36.38678375215037,9.577743141336406,-35.97883017268508,-13.04136490363943,0,0,0,0
51,52,0.037,0.109,0.049,255,255,255,0,0,1,-30,30,2.868717119308686,34.11751284079993,-2.39961541858106,-37.78751509672242,0,0,0,0
52,55,0.027,0.08,0.036,348,348,348,0,0,1,-30,30,-66.57038456622125,9.787515093786075,67.81459122576517,-9.70493610044651,0,0,0,0
53,54,0.025,0.073,0.035,381,381,381,0,0,1,-30,30,-66.41659228295021,14.49201997931088,67.56681154171676,-14.71178462257181,0,0,0,0
54,55,0.035,0.103,0.047,270,270,270,0,0,1,-30,30,-67.94384036127514,32.18899174484845,69.92233604969705,-31.16046151774736,0,0,0,0
55,57,0.065,0.169,0.082,162,162,162,0,0,1,-30,30,-14.21070810376444,9.057599693586342,14.45253526567514,-16.62057366364796,0,0,0,0
57,58,0.046,0.08,0.036,318,318,318,0,0,1,-30,30,-125.538887682328,64.5131887380486,134.9364973501894,-51.76929499529281,0,0,0,0
57,63,0.159,0.537,0.07099999999999999,53,53,53,0,0,1,-30,30,0.2763543476150959,-12.73333289998514,-0.1388887906939133,5.83483385934977,0,0,0,0
58,59,0.008999999999999999,0.026,0.005,1067,1067,1067,0,0,1,-30,30,-150.7664964500006,50.76929506347378,153.016497762429,-44.77659256310519,0,0,0,0
59,61,0.002,0.013,0.015,2231,2231,2231,0,0,1,-30,30,-399.5064973458636,-61.22340732440922,402.7207657124252,80.566513360342,0,0,0,0
60,62,0.008999999999999999,0.065,0.485,447,447,447,0,0,1,-30,30,-362.4170502854578,62.6225497017867,374.0463295387299,-31.02334514733256,0,0,0,0
62,64,0.016,0.105,0.203,277,277,277,0,0,1,-30,30,238.3038332915253,8.792193871489884,-229.85582652579,25.25497952363926,0,0,0,0
62,144,0.001,0.007,0.013,4149,4149,4149,0,0,1,-30,30,-341.7409364700877,90.53475829757156,342.8962128145147,-83.85218228276841,0,0,0,0
63,526,0.0265,0.172,0.026,169,169,169,0,0,1,-30,30,150.8447165427194,-1.718943382719314,-145.2999978022397,34.89999960951488,0,0,0,0
69,211,0.051,0.232,0.028,124,124,124,0,0,1,-30,30,-12.94543768480179,-13.31083280661182,13.10444243385451,11.15460109494457,0,0,0,0
69,79,0.051,0.157,0.023,178,178,178,0,0,1,-30,30,-33.06771438274706,-6.164453906339414,33.64211335983334,5.587720708376426,0,0,0,0
70,71,0.032,0.1,0.062,280,280,280,0,0,1,-30,30,-91.667551558274,1.790128562111577,94.40291708191847,0.4650466573608391,0,0,0,0
70,528,0.02,0.1234,0.028,235,235,235,0,0,1,-30,30,28.34755188727726,-21.79012859976201,-28.09999981371208,20.49999993766168,0,0,0,0
71,72,0.036,0.131,0.068,216,216,216,0,0,1,-30,30,73.22322715393219,-14.41881201336429,-71.33396647758349,14.24273995466998,0,0,0,0
71,73,0.034,0.099,0.047,281,281,281,0,0,1,-30,30,112.7292409814127,-25.74681556379913,-108.4146798089791,33.44126960755784,0,0,0,0
72,77,0.018,0.08699999999999999,0.011,331,331,331,0,0,1,-30,30,-17.19974429175607,-14.87680103271487,17.28726434420135,14.14992636255449,0,0,0,0
72,531,0.0256,0.193,0,151,151,151,0,0,1,-30,30,15.89504191158424,2.990355680485258,-15.8299999149397,-2.500000002657299,0,0,0,0
73,76,0.021,0.057,0.03,483,483,483,0,0,1,-30,30,7.989536291742672,-17.00046307302564,-7.927649033542457,14.06425086032275,0,0,0,0
73,79,0.018,0.052,0.018,534,534,534,0,0,1,-30,30,-43.07945617856321,-3.080245994675393,43.40536721947153,2.155721862703669,0,0,0,0
74,88,0.004,0.027,0.05,1075,1075,1075,0,0,1,-30,30,-106.2584701004552,-42.96319403543726,106.7429171594673,40.82355965713346,0,0,0,0
74,562,0.0286,0.2013,0.379,145,145,145,0,0,1,-30,30,58.0073999510109,-15.92065447710685,-57.09999984380745,-17.39999999483077,0,0,0,0
76,77,0.016,0.043,0.004,640,640,640,0,0,1,-30,30,-89.54900094604885,12.74235033213714,90.80618054498156,-9.784282134315504,0,0,0,0
77,78,0.001,0.006,0.007,4823,4823,4823,0,0,1,-30,30,-320.7264501229639,-15.79969722528221,321.6981245006367,20.88396092099174,0,0,0,0
77,80,0.014,0.07000000000000001,0.038,411,411,411,0,0,1,-30,30,39.24670393422357,-4.705397931017624,-39.04252249834223,1.706473028161146,0,0,0,0
77,552,0.0891,0.2676,0.029,104,104,104,0,0,1,-30,30,-10.99256336945574,-4.204979066507616,11.0999999620472,1.400000006410546,0,0,0,0
77,609,0.07820000000000001,0.2127,0.022,130,130,130,0,0,1,-30,30,34.34172126688328,0.698150389991729,-33.46999987274602,-0.6000000277693235,0,0,0,0
78,79,0.006,0.022,0.011,1287,1287,1287,0,0,1,-30,30,138.4618727452093,18.06837828292806,-137.3670163750053,-15.21746143124113,0,0,0,0
78,84,0,0.036,0,815,815,815,0,0,1,-30,30,-460.1599977163572,-38.95233907311376,460.1599977163572,110.7239070432606,0,0,0,0
79,211,0.099,0.375,0.051,76,76,76,0,0,1,-30,30,6.049535929911381,-6.525981138465078,-6.000795683966752,1.331665329533772,0,0,0,0
80,211,0.022,0.107,0.058,269,269,269,0,0,1,-30,30,7.382522615573965,-8.706473031003354,-7.364498327415536,2.651482208759735,0,0,0,0
81,194,0.0035,0.033,0.53,884,884,884,0,0,1,-30,30,-189.9894450531275,-11.15578782100966,191.1292324420748,-37.52446742352757,0,0,0,0
81,195,0.0035,0.033,0.53,884,884,884,0,0,1,-30,30,-25.80934305678918,0.4209170926057172,25.8584674750282,-58.78659553480146,0,0,0,0
85,86,0.008,0.064,0.128,455,455,455,0,0,1,-30,30,-10.36825231851847,2.828937142462919,10.38317660362706,-16.65393607728303,0,0,0,0
86,87,0.012,0.093,0.183,313,313,313,0,0,1,-30,30,-45.54239488421876,6.254114440379291,45.80096005789433,-23.92915745290302,0,0,0,0
86,323,0.006,0.048,0.092,607,607,607,0,0,1,-30,30,-14.86119908622589,16.9256639862295,14.89999999692643,-26.49999999808831,0,0,0,0
89,91,0.047,0.119,0.014,230,230,230,0,0,1,-30,30,3.981429075529474,-6.391628601719866,-3.960099569891602,4.963575165036245,0,0,0,0
90,92,0.032,0.174,0.024,166,166,166,0,0,1,-30,30,18.54516487079881,-9.131709460005867,-18.42070141725009,7.283121050940452,0,0,0,0
91,94,0.1,0.253,0.031,108,108,108,0,0,1,-30,30,-15.10489892751759,7.171722676571429,15.39258220149306,-9.721704414957868,0,0,0,0
91,97,0.022,0.077,0.039,367,367,367,0,0,1,-30,30,1.665006777746196,-7.517897841673922,-1.658302349374694,3.378728111240763,0,0,0,0
92,103,0.019,0.144,0.017,202,202,202,0,0,1,-30,30,-1.386532121534185,3.55910500642327,1.390440923237002,-5.322093663869194,0,0,0,0
92,105,0.017,0.092,0.012,314,314,314,0,0,1,-30,30,4.007235756418194,5.866441878032502,-3.997884059092517,-7.080604864535084,0,0,0,0
94,97,0.278,0.427,0.043,58,58,58,0,0,1,-30,30,7.229900804964452,-9.02126819847534,-6.970774790347852,4.85613196486336,0,0,0,0
97,100,0.022,0.053,0.007,512,512,512,0,0,1,-30,30,-49.82957780494572,-0.1503613274285026,50.33954749771629,0.6212426317212707,0,0,0,0
97,102,0.038,0.092,0.012,295,295,295,0,0,1,-30,30,-23.83775316906848,-1.166832439616391,24.03943305590972,0.3579325829006455,0,0,0,0
97,103,0.048,0.122,0.015,224,224,224,0,0,1,-30,30,42.39640905357346,-6.917666418033155,-41.57420828454287,7.417788215848536,0,0,0,0
98,100,0.024,0.064,0.007,430,430,430,0,0,1,-30,30,63.14242861533413,0.6368832929069951,-62.29058691121266,0.8586658819574516,0,0,0,0
98,102,0.034,0.121,0.015,234,234,234,0,0,1,-30,30,38.15756892234631,2.84784735239934,-37.71286235803723,-2.92600127805663,0,0,0,0
99,107,0.053,0.135,0.017,203,203,203,0,0,1,-30,30,42.60185356738589,4.400209202203331,-41.71172466916055,-3.951151889451189,0,0,0,0
99,108,0.002,0.004,0.002,6559,6559,6559,0,0,1,-30,30,-211.6249474192312,-10.26403250145962,212.4429020931904,11.67949143653915,0,0,0,0
99,109,0.045,0.354,0.044,83,83,83,0,0,1,-30,30,30.55765037842446,3.19639247901165,-30.16190043317843,-4.789214318049269,0,0,0,0
99,110,0.05,0.174,0.022,163,163,163,0,0,1,-30,30,65.33369633938601,-0.2121459125099798,-63.3887303886893,4.627619953441559,0,0,0,0
100,102,0.016,0.038,0.004,712,712,712,0,0,1,-30,30,11.95104031354591,-1.479908694363976,-11.92991167585119,1.093206651952808,0,0,0,0
102,104,0.043,0.064,0.027,381,381,381,0,0,1,-30,30,-2.17624090060957,-6.177775050955623,2.186835369066158,3.237747869506856,0,0,0,0
103,105,0.019,0.062,0.008,453,453,453,0,0,1,-30,30,8.183767782948758,-2.095694454226959,-8.171120167351683,1.298694703864893,0,0,0,0
104,108,0.076,0.13,0.044,195,195,195,0,0,1,-30,30,-13.19800893335937,2.285986029454862,13.33380029000685,-6.906086830349444,0,0,0,0
104,322,0.044,0.124,0.015,223,223,223,0,0,1,-30,30,2.411173696694453,-5.52373393985189,-2.399999999152601,3.899999999418219,0,0,0,0
105,107,0.012,0.08799999999999999,0.011,331,331,331,0,0,1,-30,30,-41.87339001786385,9.214737037853867,42.08526908592151,-8.809843813684322,0,0,0,0
105,110,0.157,0.4,0.047,69,69,69,0,0,1,-30,30,4.442395217892614,-3.432826981975086,-4.411396794072378,-1.397022475190634,0,0,0,0
108,324,0.074,0.208,0.026,133,133,133,0,0,1,-30,30,25.12328582870446,-2.851169824213985,-24.69999995273193,1.199999988517548,0,0,0,0
109,110,0.07000000000000001,0.184,0.021,149,149,149,0,0,1,-30,30,3.509505849302767,-2.409636612450496,-3.500064119016749,0.2472329537238892,0,0,0,0
109,113,0.1,0.274,0.031,101,101,101,0,0,1,-30,30,-13.26283554794408,9.820477971404433,13.55726311703298,-12.19040020240539,0,0,0,0
109,114,0.109,0.393,0.036,72,72,72,0,0,1,-30,30,9.215230136538668,-2.621627038893172,-9.125775100922054,-0.7822612323478442,0,0,0,0
110,112,0.142,0.404,0.05,69,69,69,0,0,1,-30,30,8.300191456283509,-3.477830471901421,-8.205222020858802,-1.42139070424568,0,0,0,0
112,114,0.017,0.042,0.006,648,648,648,0,0,1,-30,30,-11.39477800089106,1.421390715134293,11.4167819163749,-1.983507262530965,0,0,0,0
115,122,0.0036,0.0199,0.004,1451,1451,1451,0,0,1,-30,30,-65.66056255747122,-77.71260405183227,66.05859501114038,79.53221855236063,0,0,0,0
116,120,0.002,0.1049,0.001,280,280,280,0,0,1,-30,30,203.0770126462588,101.0880936995002,-202.1301141637609,-51.52357112214291,0,0,0,0
117,118,0.0001,0.0018,0.017,9900,16271,16271,0,0,1,-30,30,-266.3884901784026,331.9219700478782,266.5914456019876,-329.7805635940215,0,0,0,0
118,119,0,0.0271,0,1083,1083,1083,0,0,1,-30,30,-369.1180415046305,-302.4545484450729,369.1180415046305,372.2983520422586,0,0,0,0
118,1201,0,0.6163,0,48,48,48,0,0,1,-30,30,30.90701293206481,-5.783169233944837,-30.9070129320648,12.67914837085583,0,0,0,0
1201,120,0,-0.3697,0,80,80,80,0,0,1,-30,30,30.90701293785396,-12.67914835923172,-30.90701293785396,8.54245602260978,0,0,0,0
118,121,0.0022,0.2915,0,101,101,101,0,0,1,-30,30,55.67958297847176,-11.98171869487435,-55.59881893859951,22.68295397794514,0,0,0,0
119,120,0,0.0339,0,866,866,866,0,0,1,-30,30,545.5228726844047,277.100338554461,-545.5228726844047,-158.0944816029082,0,0,0,0
119,121,0,0.0582,0,504,504,504,0,0,1,-30,30,483.670618503398,141.6994443341977,-483.670618503398,-3.074851255104016,115.9329454219318,0,0,0
122,123,0.0808,0.2344,0.029,119,119,119,0,0,1,-30,30,-38.6252372781147,-2.90143493145295,39.87039891622783,3.587478567909624,0,0,0,0
122,125,0.0965,0.3669,0.054,78,78,78,0,0,1,-30,30,-0.59928531806065,-22.63946685955175,0.9986195993354947,18.50620941657916,0,0,0,0
123,124,0.036,0.1076,0.117,259,259,259,0,0,1,-30,30,-193.7911434463377,46.82009597353505,207.6487231645786,-18.10794707873025,0,0,0,0
123,125,0.0476,0.1414,0.149,197,197,197,0,0,1,-30,30,65.73074478714196,-51.80757391542171,-62.89045677685221,44.06296881214094,0,0,0,0
125,126,0.0005999999999999999,0.0197,0,1489,1489,1489,0,0,1,-30,30,-520.1981626151853,187.9559527169324,521.8318413419876,-134.3168345202609,0,0,0,0
126,127,0.0059,0.0405,0.25,717,717,717,1,0,1,-30,30,-200.5889976280029,50.28982221854748,203.0391158135739,-59.86899900113924,0,0,0,0
126,129,0.0115,0.1106,0.185,264,264,264,1,0,1,-30,30,-144.3590337267625,9.262650839206032,146.6458839607203,-7.140072934638352,0,0,0,0
126,132,0.0198,0.1688,0.321,173,173,173,1,0,1,-30,30,-103.5338309616701,-13.00591160824766,105.5272917742855,-5.131775872395278,0,0,0,0
126,157,0.005,0.05,0.33,584,584,584,1,0,1,-30,30,51.83959655871499,43.64679774112,-51.53773431744482,-74.74732921162342,0,0,0,0
126,158,0.0077,0.0538,0.335,540,540,540,1,0,1,-30,30,-88.50675357741041,19.17019854972609,89.17141339159033,-49.85300596102743,0,0,0,0
126,169,0.0165,0.1157,0.171,251,251,251,1,0,1,-30,30,-102.1528215707029,19.85327768314732,103.8973400883425,-25.69385393472893,0,0,0,0
127,128,0.0059,0.0577,0.095,506,506,506,0,0,1,-30,30,-132.9327928212871,-12.64130316170977,133.9333800788841,12.35117200010047,0,0,0,0
127,134,0.0049,0.0336,0.208,864,864,864,0,0,1,-30,30,-367.837715562897,48.0851688868642,374.34227944619,-25.350007970733,0,0,0,0
127,168,0.0059,0.0577,0.095,506,506,506,0,0,1,-30,30,-132.8386073007556,-12.57486625830034,133.8377245922136,12.27081610336487,0,0,0,0
128,130,0.0078,0.07729999999999999,0.126,378,378,378,0,0,1,-30,30,-28.80088468069711,-30.25255787936574,28.90099224188205,17.42890747248534,0,0,0,0
128,133,0.0026,0.0193,0.03,1507,1507,1507,0,0,1,-30,30,-105.1324954130394,17.90138593438663,105.4088490503947,-19.0746184710643,0,0,0,0
129,130,0.0076,0.0752,0.122,389,389,389,0,0,1,-30,30,-31.12145841088387,-26.52569637761584,31.21739267197102,14.06033973329106,0,0,0,0
129,133,0.0021,0.0186,0.03,1568,1568,1568,0,0,1,-30,30,-115.52442555283,33.66576949637393,115.807658447518,-34.39097210383166,0,0,0,0
130,132,0.0016,0.0164,0.026,1781,1781,1781,0,0,1,-30,30,66.18899661630722,-23.72230116364443,-66.11915582648481,21.52637619070469,0,0,0,0
130,151,0.0017,0.0165,0.026,1769,1769,1769,0,0,1,-30,30,-10.79336606756003,-19.49547477135439,10.80009212521805,16.64762882898909,0,0,0,0
130,167,0.007900000000000001,0.0793,0.127,369,369,369,0,0,1,-30,30,127.1418288696174,47.39487229145502,-125.788887424257,-47.39611751039394,0,0,0,0
130,168,0.0078,0.0784,0.125,373,373,373,0,0,1,-30,30,28.53230240003584,17.24180772540879,-28.43449905960763,-29.96425100328984,0,0,0,0
133,137,0.0017,0.0117,0.289,2481,2481,2481,0,0,1,-30,30,-1511.885076761189,254.3880299467632,1549.21779969004,-28.76464326709494,0,0,0,0
133,168,0.0026,0.0193,0.03,1507,1507,1507,0,0,1,-30,30,105.6807863948546,-18.85756203256197,-105.4032255474314,17.69343495451655,0,0,0,0
133,169,0.0021,0.0186,0.03,1568,1568,1568,0,0,1,-30,30,320.0906533833096,42.82258197296493,-318.0487636459029,-27.91955598590339,0,0,0,0
133,171,0.0002,0.0101,0,2904,2904,2904,1,0,1,-30,30,864.897129470295,-224.8874588879131,-863.4099999956476,299.987497357606,0,0,0,0
134,135,0.0043,0.0293,0.18,991,991,991,0,0,1,-30,30,69.02225258198023,-24.5254339325923,-68.81931508631529,6.849317457855281,0,0,0,0
134,184,0.0039,0.0381,0.258,766,766,766,0,0,1,-30,30,-443.3645320314596,49.87544222849385,450.7649246801382,-5.035693283835352,0,0,0,0
135,136,0.0091,0.0623,0.385,466,466,466,0,0,1,-30,30,-122.5006848734054,-48.44931700164499,123.8558513629626,15.68378540904947,0,0,0,0
136,137,0.0125,0.089,0.54,327,327,327,0,0,1,-30,30,-107.9695798165431,7.304297655827519,109.4240948306756,-56.79588636823154,0,0,0,0
136,152,0.0056,0.039,0.953,745,745,745,0,0,1,-30,30,-78.29627141420585,-41.18808160358595,78.60940886965099,-63.71005454011404,0,0,0,0
137,140,0.0015,0.0114,0.284,2551,2551,2551,0,0,1,-30,30,743.2251451999715,31.72562989363916,-735.6136698339037,-4.544910061904561,0,0,0,0
137,181,0.0005,0.0034,0.021,8536,8536,8536,0,0,1,-30,30,-824.8553016368583,-5.659848447349747,827.9679057464941,24.52053039438744,0,0,0,0
137,186,0.0007,0.0151,0.126,1941,1941,1941,0,0,1,-30,30,-832.8918305944323,-21.60808921272253,837.3360578919129,103.5119283851499,0,0,0,0
137,188,0.0005,0.0034,0.021,8536,8536,8536,0,0,1,-30,30,-1301.792882681871,74.31164564932793,1309.571383955046,-23.72331805930843,0,0,0,0
139,172,0.0562,0.2248,0.081,127,127,127,0,0,1,-30,30,-16.65833511558046,-3.298065439310296,16.81198203329829,-4.395881923883081,0,0,0,0
140,141,0.012,0.08359999999999999,0.123,348,348,348,0,0,1,-30,30,-163.6205266634232,3.334566884974288,166.6434688976538,4.355493136267063,0,0,0,0
140,142,0.0152,0.1132,0.6840000000000001,257,257,257,0,0,1,-30,30,-83.68078661681325,9.891006541155045,84.98508399281033,-70.79714911604609,0,0,0,0
140,145,0.0468,0.3369,0.519,87,87,87,0,0,1,-30,30,-44.40748454085026,-10.55395025179117,45.40141845111023,-36.37079451772386,0,0,0,0
140,146,0.043,0.3031,0.463,96,96,96,0,0,1,-30,30,-75.02837448736412,-15.15579695527156,77.33441940676079,-19.29299854644833,0,0,0,0
140,147,0.0489,0.3492,0.538,84,84,84,0,0,1,-30,30,-57.25670500684457,-23.31206475382771,58.7729423514276,-24.77739069584199,0,0,0,0
140,182,0.0013,0.0089,0.119,3262,3262,3262,0,0,1,-30,30,721.2375475776961,-74.35885087343048,-714.841190745464,105.4723034024415,0,0,0,0
141,146,0.0291,0.2267,0.342,129,129,129,0,0,1,-30,30,-41.69683832137527,-15.35093547058025,42.15711943058674,-19.21203867938099,0,0,0,0
142,143,0.006,0.057,0.767,512,512,512,0,0,1,-30,30,-377.815459326825,-38.34043884993128,386.3949027350818,39.73464289193274,0,0,0,0
143,145,0.0075,0.07729999999999999,0.119,378,378,378,0,0,1,-30,30,214.3131957925058,37.229581207673,-211.0233204882783,-15.86469164906458,0,0,0,0
143,149,0.0127,0.09089999999999999,0.135,320,320,320,0,0,1,-30,30,70.93717427406681,-32.94990623792866,-70.27497715681943,22.74372452026853,0,0,0,0
145,146,0.008500000000000001,0.0588,0.08699999999999999,494,494,494,0,0,1,-30,30,-120.9067514628177,-71.63075708686841,122.5054492933488,73.37674901373632,0,0,0,0
145,149,0.0218,0.1511,0.223,193,193,193,0,0,1,-30,30,-69.15403312137811,-32.53407517993045,70.27498392112189,16.43234264142133,0,0,0,0
146,147,0.0073,0.0504,0.074,576,576,576,0,0,1,-30,30,59.00301012997274,-11.89201488084188,-58.77294052031785,5.165803230836586,0,0,0,0
148,178,0.0523,0.1526,0.074,182,182,182,1,0,1,-30,30,143.4314354291737,37.14402031154833,-133.0615604882882,-14.3710299251702,0,0,0,0
148,179,0.1371,0.3919,0.076,71,71,71,1,0,1,-30,30,66.92209689519014,6.437994964886428,-61.31751649282331,1.79176515025915,0,0,0,0
152,153,0.0137,0.09569999999999999,0.141,304,304,304,0,0,1,-30,30,9.395455155066543,-9.227304228470071,-9.384483934095044,-6.538815797985102,0,0,0,0
153,161,0.0055,0.0288,0.19,1001,1001,1001,0,0,1,-30,30,230.8094997221991,-34.6410081882853,-228.1736781880922,27.16563979144206,0,0,0,0
154,156,0.1746,0.3161,0.04,82,82,82,0,0,1,-30,30,-21.29722258966183,7.479209573101395,22.25275260218846,-9.762482220808739,0,0,0,0
154,183,0.0804,0.3054,0.045,93,93,93,0,0,1,-30,30,-57.85277740848775,21.76064630309459,61.03054205985375,-14.12421073810228,0,0,0,0
155,161,0.011,0.0568,0.388,507,507,507,0,0,1,-30,30,-185.0564997100849,17.31940777068329,188.6036781716924,-42.16563967555423,0,0,0,0
157,159,0.0008,0.0098,0.06900000000000001,2984,2984,2984,0,0,1,-30,30,-358.2801048212489,15.94910600324041,359.3085294006844,-10.27194390373274,0,0,0,0
158,159,0.0029,0.0285,0.19,1024,1024,1024,0,0,1,-30,30,130.7938821437207,46.36149986234575,-130.2300391980462,-60.26994906716723,0,0,0,0
158,160,0.0066,0.0448,0.277,648,648,648,0,0,1,-30,30,-219.9652952740252,3.491506956886037,223.0482755451811,-11.7596085615753,0,0,0,0
162,164,0.0024,0.0326,0.236,898,898,898,0,0,1,-30,30,-96.1689235901961,23.09689193701293,96.40789909625276,-44.5604235062354,0,0,0,0
162,165,0.0018,0.0245,1.662,1195,1195,1195,0,0,1,-30,30,0.05892358992226482,-47.09689193698052,-0.03076842746332631,-126.3415590819033,0,0,0,0
163,164,0.0044,0.0514,3.597,569,569,569,0,0,1,-30,30,247.4696995011554,-124.7671809083018,-244.8374358210752,-233.2949132132115,0,0,0,0
165,166,0.0002,0.0123,0,2385,2385,2385,0,0,1,-30,30,0.03076842700740767,126.3415590819167,4.814727773416738e-05,-124.4463397633806,0,0,0,0
167,169,0.0018,0.0178,0.029,1640,1640,1640,0,0,1,-30,30,-213.3111125709198,-48.30388247080846,214.1514235671986,53.61341007731944,0,0,0,0
172,173,0.0669,0.4843,0.063,60,60,60,0,0,1,-30,30,21.95179190540819,4.950335753301516,-21.59642783105761,-8.589001337633446,0,0,0,0
172,174,0.0558,0.221,0.031,129,129,129,0,0,1,-30,30,-65.26377391586419,-0.5544538096593082,67.56295765063368,6.3162734261411,0,0,0,0
173,174,0.08069999999999999,0.3331,0.049,86,86,86,0,0,1,-30,30,-72.55275329308691,-2.709600228479059,77.08252275101364,16.35634960053981,0,0,0,0
173,175,0.07389999999999999,0.3071,0.043,93,93,93,0,0,1,-30,30,-46.17760033720111,15.92704160518152,48.11161158111241,-11.88858732180501,0,0,0,0
173,176,0.1799,0.5017,0.06900000000000001,56,56,56,0,0,1,-30,30,-44.5432182825327,2.075990400276231,48.40339167317159,1.638857948190109,0,0,0,0
175,176,0.09039999999999999,0.3626,0.048,79,79,79,0,0,1,-30,30,-22.13844473835633,-20.32524701333593,22.94066927086195,18.6764994962582,0,0,0,0
175,179,0.077,0.3092,0.054,93,93,93,0,0,1,-30,30,2.561997836558327,-3.867285738196037,-2.554930159377037,-1.095592574891212,0,0,0,0
176,177,0.0251,0.0829,0.047,339,339,339,0,0,1,-30,30,-76.99401801547174,14.85502885398552,78.40882019976972,-15.4119955425579,0,0,0,0
177,178,0.0222,0.0847,0.05,335,335,335,0,0,1,-30,30,130.93116859671,104.6905115899545,-125.2414144336376,-88.02930652021523,0,0,0,0
178,179,0.0498,0.1855,0.029,153,153,153,0,0,1,-30,30,20.10392173282137,-13.50886201308756,-19.79755330184596,12.00270679230044,0,0,0,0
178,180,0.0061,0.029,0.08400000000000001,990,990,990,0,0,1,-30,30,-245.0609453939647,-57.69080145693589,249.3325474498869,70.16312027808287,0,0,0,0
181,138,0.0004,0.0202,0,1452,1452,1452,0,0,1,-30,30,535.8123860036164,-36.94888715745732,-534.7656066295857,89.81124554600409,0,0,0,0
181,187,0.0004,0.0083,0.115,3530,3530,3530,0,0,1,-30,30,-1437.180291749985,12.42835676306449,1444.676918818505,130.327863879405,0,0,0,0
184,185,0.0025,0.0245,0.164,1192,1192,1192,0,0,1,-30,30,-605.4449246834079,-11.56430671606814,613.9999940018895,77.40653812414679,0,0,0,0
186,188,0.0007,0.0086,0.115,3400,3400,3400,0,0,1,-30,30,950.0439411605909,72.6746506865703,-944.3818537813261,-15.91314593412041,0,0,0,0
187,188,0.0007,0.0086,0.115,3400,3400,3400,0,0,1,-30,30,1199.703076514504,73.03142129983672,-1190.696984096764,24.81357390098076,0,0,0,0
188,138,0.0004,0.0202,0,1452,1452,1452,0,0,1,-30,30,619.0374539228334,-28.77710990750404,-617.6443933699265,99.12666782929556,0,0,0,0
189,208,0.033,0.095,0,292,292,292,0,0,1,-30,30,8.914381098459749,1.553145287471709,-8.888800280854888,-1.479503539821356,0,0,0,0
189,209,0.046,0.06900000000000001,0,354,354,354,0,0,1,-30,30,-4.35690394028032,0.02279741786146844,4.365171104352531,-0.01039667175315364,0,0,0,0
190,231,0.0004,0.0022,6.2,9900,13118,13118,0,0,1,-30,30,-61.82754432482446,-494.7808955402896,61.92628516299538,-190.5629441152626,0,0,0,0
190,240,0,0.0275,0,1067,1067,1067,1,0,1,-30,30,-33.09427192411473,118.9072832182532,33.09427192411473,-115.1078952654037,0,0,0,0
191,192,0.003,0.048,0,610,610,610,0,0,1,-30,30,568.9205762299025,220.0667558053195,-558.2564324346897,-49.44045508191684,42.39870686481122,0,0,0
192,225,0.002,0.008999999999999999,0,3182,3182,3182,0,0,1,-30,30,-346.3035675517208,-22.55954491784938,349.0295767391149,34.82658626112256,0,0,0,0
193,205,0.045,0.063,0,379,379,379,0,0,1,-30,30,2.265384829557004,7.649575124727003,-2.237865833507808,-7.611048530258127,0,0,0,0
193,208,0.048,0.127,0,217,217,217,0,0,1,-30,30,6.015051479473629,-4.871998115869483,-5.987418459660113,4.945110480792741,0,0,0,0
194,219,0.0031,0.0286,0.5,1020,1020,1020,0,0,1,-30,30,-77.78688622474807,-4.682221785866222,77.96894428547485,-49.61613442284217,0,0,0,0
194,664,0.0024,0.0355,0.36,825,825,825,0,0,1,-30,30,-113.3423457827853,42.20668926899134,113.6999999999999,-76.70000000000013,0,0,0,0
195,219,0.0031,0.0286,0.5,1020,1020,1020,0,0,1,-30,30,-263.5884571584254,-15.12764167467484,265.5489853751341,-22.19876995708345,0,0,0,0
196,197,0.014,0.04,0.004,693,693,693,0,0,1,-30,30,-93.48702835222961,-18.77072782791817,94.76573258080694,22.01777367225753,0,0,0,0
196,210,0.03,0.081,0.01,340,340,340,0,0,1,-30,30,-14.25209409769508,-7.489909638020499,14.32810629693394,6.690458511663509,0,0,0,0
197,198,0.01,0.06,0.008999999999999999,483,483,483,0,0,1,-30,30,-74.5653986052195,-29.78546260176754,75.18425849196579,32.54145684447339,0,0,0,0
197,211,0.015,0.04,0.006,687,687,687,0,0,1,-30,30,-68.82033373067495,-6.232310992281026,69.51027689597345,7.441898233056111,0,0,0,0
198,202,0.332,0.6879999999999999,0,39,39,39,1,0,1,-30,30,8.469071690815747,-0.6206756106677168,-8.249374057260441,1.075952634420879,0,0,0,0
198,203,0.008999999999999999,0.046,0.025,626,626,626,0,0,1,-30,30,42.95432164122832,15.4554703155456,-42.77857615188446,-17.25302034904218,0,0,0,0
198,210,0.02,0.073,0.008,388,388,388,0,0,1,-30,30,100.0296224917487,27.40473689621645,-98.05092510793509,-21.02426248172442,0,0,0,0
198,211,0.034,0.109,0.032,257,257,257,0,0,1,-30,30,16.03073148785393,5.426601698233846,-15.93450916122842,-8.563333724362105,0,0,0,0
199,200,0.076,0.135,0.008999999999999999,190,190,190,0,0,1,-30,30,0.3254559135444303,-2.445383261431461,-0.3221711539268589,1.583455323167951,0,0,0,0
199,210,0.04,0.102,0.005,268,268,268,0,0,1,-30,30,-39.89545565320999,-9.554616757315394,40.59354911158016,10.84064904530438,0,0,0,0
200,210,0.081,0.128,0.014,194,194,194,0,0,1,-30,30,-29.91128792454024,0.3076006609122939,30.66179268029498,-0.5085795431384779,0,0,0,0
201,204,0.124,0.183,0,133,133,133,0,0,1,-30,30,-0.3468477583759645,3.012150317264709,0.3580698915129727,-2.995588620780253,0,0,0,0
203,211,0.01,0.059,0.008,491,491,491,0,0,1,-30,30,-4.711423431768544,3.253020331114895,4.7147730655084,-4.085449878459866,0,0,0,0
204,205,0.046,0.068,0,358,358,358,0,0,1,-30,30,4.731547746806317,-20.22680639845469,-4.534179152553213,20.51856866822015,0,0,0,0
205,206,0.302,0.446,0,55,55,55,0,0,1,-30,30,6.772045006183905,-7.907520158241035,-6.453981199223263,8.377243528785556,0,0,0,0
206,207,0.073,0.093,0,249,249,249,0,0,1,-30,30,-0.3294301435283184,-16.15795171301151,0.5089931455873928,16.38671005810047,0,0,0,0
206,208,0.24,0.421,0,61,61,61,0,0,1,-30,30,-6.786588620864229,5.780708169457164,6.966218775823744,-5.465606939299016,0,0,0,0
212,215,0.0139,0.07779999999999999,0.08599999999999999,372,372,372,0,0,1,-30,30,34.81946187062239,16.39441527630421,-34.60718971615948,-24.35231681403613,0,0,0,0
213,214,0.0025,0.038,0,771,771,771,1,0,1,-30,30,3.463655754223915e-06,24.46848602124734,0.01371394521595855,-24.25998140639731,0,0,0,0
214,215,0.0017,0.0185,0.02,1579,1579,1579,0,0,1,-30,30,-28.46271075945624,82.99167214052466,28.58755170487897,-83.74848162405742,0,0,0,0
214,242,0.0015,0.0108,0.002,2691,2691,2691,0,0,1,-30,30,3.56899692680606,-74.73169071358622,-3.490942679199038,75.07754839758181,0,0,0,0
215,216,0.0045,0.0249,0.026,1160,1160,1160,0,0,1,-30,30,-47.1203618961211,82.10079848737746,47.5167562158115,-82.57077034631496,0,0,0,0
216,217,0.004,0.0497,0.018,589,589,589,0,0,1,-30,30,-246.5167558146229,-22.42922961624205,248.9515263935805,50.81985075126481,0,0,0,0
217,218,0,0.0456,0,644,644,644,0,0,1,-30,30,-18.83053824694745,35.0418105691444,18.83053824694746,-34.36246325358937,0,0,0,0
217,219,0.0005,0.0177,0.02,1657,1657,1657,1,0,1,-30,30,-225.5715573870401,-139.3674284275145,225.9011017081145,148.8555405511568,0,0,0,0
217,220,0.0027,0.0395,0.832,741,741,741,0,0,1,-30,30,-117.6194310305863,-21.49423285363668,117.9841644398617,-61.15446162979386,0,0,0,0
219,237,0.0003,0.0018,5.2,9900,16074,16074,0,0,1,-30,30,-657.1247565198755,-104.9883833171106,658.3781327417834,-466.8907758588642,0,0,0,0
220,218,0.0037,0.0484,0.43,605,605,605,0,0,1,-30,30,79.55480171796906,-4.253017500666684,-79.32049427568229,-37.47436318619792,0,0,0,0
220,221,0.001,0.0295,0.503,994,994,994,0,0,1,-30,30,-46.43656607657994,-142.7430524686719,46.58544910592783,92.39921164429228,0,0,0,0
220,238,0.0016,0.0046,0.402,6023,6023,6023,0,0,1,-30,30,119.6475963998248,-27.69887099247298,-119.4293805601169,-13.93119109719769,0,0,0,0
221,223,0.0003,0.0013,1,9900,21986,21986,0,0,1,-30,30,871.0645468002292,262.8217158919329,-868.7669794830333,-364.5563844966961,0,0,0,0
222,237,0.0014,0.0514,0.33,571,571,571,1,0,1,-30,30,-370.8699968476878,-41.46431980582796,372.7248719190279,73.99857808987475,0,0,0,0
224,225,0.01,0.064,0.48,453,453,453,0,0,1,-30,30,442.8580766038233,95.3142590467088,-423.0290845280331,-15.57735361009951,0.4818131760917471,0,0,0
224,226,0.0019,0.0081,0.86,3526,3526,3526,0,0,1,-30,30,-255.3782125260559,-129.5328635195367,256.6699244074034,42.62687449010306,0,0,0,0
225,191,0.001,0.061,0,481,481,481,0,0,1,-30,30,-389.5904921251612,-59.24923264496924,391.3108436330742,164.1906746276617,0,0,0,0
226,231,0.0005,0.0212,0,1384,1384,1384,1,0,1,-30,30,-256.6699243922838,-42.62687447617711,256.9814748288625,55.83661298711501,0,0,0,0
227,231,0.0009,0.0472,0.186,622,622,622,1,0,1,-30,30,405.6799932920906,-5.873638029683215,-404.3177843748486,56.87859075824402,0,0,0,0
228,229,0.0019,0.008699999999999999,1.28,3294,3294,3294,0,0,1,-30,30,13.65504496550123,-101.8017951191504,-13.63062219276067,-33.60119884411392,0,0,0,0
228,231,0.0026,0.0917,0,320,320,320,1,0,1,-30,30,-64.31810120174943,-25.48630523631998,64.43594889277533,29.64270264673427,0,0,0,0
228,234,0.0013,0.0288,0.8100000000000001,1018,1018,1018,0,0,1,-30,30,-201.4869437614267,-20.71189963105325,201.9927120423848,-53.44693764904839,0,0,0,0
229,190,0,0.0626,0,469,469,469,1,0,1,-30,30,-94.92181841520276,-29.99969438581785,94.92181841520276,35.84438536395938,0,0,0,0
231,232,0.0002,0.0069,1.364,4250,4250,4250,1,0,1,-30,30,88.11548906265314,19.23339029943123,-88.0852596738754,-168.6666244249012,0,0,0,0
231,237,0.0001,0.0005999999999999999,3.57,9900,48222,48222,0,0,1,-30,30,-246.9214086386341,-410.9946931214684,247.017173235291,14.79456416809657,0,0,0,0
232,233,0.0017,0.0485,0,605,605,605,1,0,1,-30,30,-418.4747378031196,25.66662415034011,421.1999890647224,52.0831912542114,0,0,0,0
234,235,0.0002,0.0259,0.144,1133,1133,1133,0,0,1,-30,30,39.07586258872118,0.8748535352140464,-39.07282332006024,-15.59464424716783,0,0,0,0
234,237,0.0005999999999999999,0.0272,0,1079,1079,1079,1,0,1,-30,30,-1.143108649333251,-110.8565651880492,1.213222794620623,114.0350731077435,0,0,0,0
235,238,0.0002,0.0005999999999999999,0.8,9900,46378,46378,0,0,1,-30,30,-265.0871745887562,-141.4053560736241,265.2402768747173,57.98836689589808,0,0,0,0
241,237,0.0005,0.0154,0,1904,1904,1904,1,0,1,-30,30,1286.999686621039,-27.94093647269831,-1279.333400126194,264.0625605139188,0,0,0,0
240,281,0.0003,0.0043,0.008999999999999999,6805,6805,6805,0,0,1,-30,30,-33.09427192784775,-30.25360894228339,33.0999999421906,29.3999999847671,0,0,0,0
242,245,0.008200000000000001,0.0851,0,344,344,344,1,0,1,-30,30,-33.25191409702063,46.21125510699446,33.49603608311897,-43.6777452268763,0,0,0,0
242,247,0.0112,0.0723,0,401,401,401,1,0,1,-30,30,36.74285705306749,42.41900843990976,-36.41886194965942,-40.32750433487367,0,0,0,0
243,244,0.0127,0.0355,0,778,778,778,0,0,1,-30,30,177.1228496813221,21.20310894649867,-173.5260146565938,-11.14896379863617,0,0,0,0
243,245,0.0326,0.1804,0,161,161,161,0,0,1,-30,30,102.8271374825661,19.8678805017035,-99.64485016323113,-2.257922452377298,0,0,0,0
244,246,0.0195,0.0551,0,502,502,502,0,0,1,-30,30,173.5260146904195,11.1489637953344,-168.0033152408713,4.45620234159417,0,0,0,0
245,246,0.0157,0.0732,0,392,392,392,0,0,1,-30,30,-26.72504402615187,20.07477189492339,26.89740114140936,-19.27117056773558,0,0,0,0
245,247,0.036,0.2119,0,137,137,137,0,0,1,-30,30,23.90385814344651,-4.13910419005764,-23.69566915967648,5.364527680637352,0,0,0,0
246,247,0.0268,0.1285,0,224,224,224,0,0,1,-30,30,54.04591408397267,-18.18503174809718,-53.17210798716005,22.374736354083,0,0,0,0
247,248,0.0428,0.1215,0,228,228,228,0,0,1,-30,30,44.31663929366196,-17.41175967734108,-43.36596729947301,20.11051311878869,0,0,0,0
248,249,0.0351,0.1004,0,276,276,276,0,0,1,-30,30,10.27942671313339,-1.53025192215379,-10.24257502933798,1.635662436485964,0,0,0,0
249,250,0.0616,0.1857,0,150,150,150,0,0,1,-30,30,-22.54742482391033,-15.63566243985302,22.99999990840391,16.99999999164618,0,0,0,0
3,1,0,0.052,0,565,565,565,0.947,0,1,-30,30,224.9620464764874,80.67882869385861,-224.9620464764874,-55.25721519339417,0,0,0,0
3,2,0,0.052,0,565,565,565,0.956,0,1,-30,30,-28.95480920461737,24.94730125020207,28.95480920461731,-24.28473528266436,0,0,0,0
3,4,0,0.005,0,5867,5867,5867,0.971,0,1,-30,30,593.4586370649837,-49.54371598288481,-593.4586370649843,65.50030674082754,0,0,0,0
7,5,0,0.039,0,753,753,753,0.948,0,1,-30,30,289.215531010866,106.3328588910203,-289.215531010866,-74.32721255029726,0,0,0,0
7,6,0,0.039,0,753,753,753,0.959,0,1,-30,30,-26.52096710572451,21.72166238344518,26.52096710572452,-21.31629332749122,0,0,0,0
10,11,0,0.089,0,330,330,330,1.046,0,1,-30,30,-32.2702633006334,-46.52808648398018,32.2702633006334,49.33736996951517,0,0,0,0
12,10,0,0.053,0,554,554,554,0.985,0,1,-30,30,140.7297365012701,-23.54688638385132,-140.7297365012702,33.52781471733091,0,0,0,0
15,17,0.0194,0.0311,0,801,801,801,0.9560999999999999,0,1,-30,30,125.0031039477374,28.33613549528591,-122.3200026408754,-24.03487515284217,0,0,0,0
16,15,0.001,0.038,0,772,772,772,0.971,0,1,-30,30,282.1523942713653,122.3237408817316,-281.3460206266648,-91.68154238311652,0,0,0,0
21,20,0,0.014,0,2096,2096,2096,0.952,0,1,-30,30,645.6025659491618,51.86680159601885,-645.6025659491619,0.06660880969777128,0,0,0,0
24,23,0,0.064,0,459,459,459,0.9429999999999999,0,1,-30,30,154.3094757366366,58.81545020996685,-154.3094757366366,-44.14261899796252,0,0,0,0
36,35,0,0.047,0,625,625,625,1.01,0,1,-30,30,64.7556782551778,13.40359310580889,-64.75567825517781,-11.47312664782724,0,0,0,0
45,44,0,0.02,0,1467,1467,1467,1.008,0,1,-30,30,245.0040915179715,20.11110521721239,-245.0040915179715,-8.80015689261838,0,0,0,0
45,46,0,0.021,0,1397,1397,1397,1,0,1,-30,30,21.66088733496328,-82.81806101148609,-21.66088733496328,84.23545672317816,0,0,0,0
62,61,0,0.059,0,498,498,498,0.975,0,1,-30,30,151.3907664696832,83.03556409336301,-151.3907664696833,-67.59469941046616,0,0,0,0
63,64,0,0.038,0,772,772,772,1.017,0,1,-30,30,-229.8558268582897,45.084062984988,229.8558268582897,-25.25497990435345,0,0,0,0
73,74,0,0.0244,0,1203,1203,1203,1,0,1,-30,30,-134.7025162456424,-76.66886252236938,134.7025162456424,82.37333132642129,0,0,0,0
81,88,0,0.02,0,1467,1467,1467,1,0,1,-30,30,171.6575485442719,56.44174036663753,-171.6575485442719,-50.6054093407263,0,0,0,0
85,99,0,0.048,0,612,612,612,1,0,1,-30,30,10.36825245456446,-2.82893708089465,-10.36825245456446,2.879576521781029,0,0,0,0
86,102,0,0.048,0,612,612,612,1,0,1,-30,30,50.02041752587844,-6.525842308595578,-50.02041752587844,7.652637001225762,0,0,0,0
87,94,0,0.046,0,638,638,638,1.015,0,1,-30,30,82.92248274857576,-15.58032906411025,-82.9224827485757,18.74297258385796,0,0,0,0
114,207,0,0.149,0,197,197,197,0.967,0,1,-30,30,-20.49100687657733,2.765768516034483,20.49100687657729,-2.186710060958943,0,0,0,0
116,124,0.0052,0.0174,0,1616,1616,1616,1.01,0,1,-30,30,-203.0770127461253,-101.0880931421711,205.587897343814,109.489899295976,0,0,0,0
121,115,0,0.028,0,1048,1048,1048,1.05,0,1,-30,30,-65.66056255767685,-74.60810272273534,65.66056255767685,77.71260405180298,0,0,0,0
122,157,0.0005,0.0195,0,1504,1504,1504,1,0,1,-30,30,-285.8740723583302,-65.79131670355724,286.3178391947949,83.09822332568181,0,0,0,0
130,131,0,0.018,0,1630,1630,1630,1.0522,0,1,-30,30,412.5333210913446,-56.52182365777828,-412.5333210913446,87.44662413093936,0,0,0,0
130,150,0,0.014,0,2096,2096,2096,1.0522,0,1,-30,30,448.2785277536225,-91.44094907065706,-448.2785277536227,120.4790246626977,0,0,0,0
132,170,0.001,0.0402,0,730,730,730,1.05,0,1,-30,30,-39.40813592942823,-16.39460028958347,39.42602801430609,17.1138621016787,0,0,0,0
141,174,0.0024,0.0603,0,487,487,487,0.975,0,1,-30,30,145.1033592850311,34.17683051451167,-144.645480379805,-22.67262302070965,0,0,0,0
142,175,0.0024,0.0498,-0.08699999999999999,589,589,589,1,0,1,-30,30,228.9503750597076,84.6375885587548,-227.5351646024137,-46.91887989128859,0,0,0,0
143,144,0,0.0833,0,353,353,353,1.035,0,1,-30,30,342.8962168942693,12.47276246058433,-342.8962168942692,83.85218364628805,0,6.918101726280762,0,0
143,148,0.0013,0.0371,0,791,791,791,0.9565,0,1,-30,30,282.5553252953,96.31548009194924,-281.5835327232674,-68.58201515161862,0,0,0,0
145,180,0.0005,0.0182,0,1612,1612,1612,1,0,1,-30,30,328.5426900307289,142.4003183079039,-327.9125472262473,-119.4631202247749,0,0,0,0
151,170,0.001,0.0392,0,749,749,749,1.05,0,1,-30,30,-10.80009209735439,-16.64762882929126,10.8039560040888,16.79909397327827,0,0,0,0
153,183,0.0027,0.0639,0,459,459,459,1.073,0,1,-30,30,106.5749815608958,-2.682475946882457,-106.2605420623732,10.12421074525102,0,0,0,0
155,156,0.0008,0.0256,0,1146,1146,1146,1.05,0,1,-30,30,107.1467709916925,-18.39498189061578,-107.0527525994166,21.40357044344988,0,0,0,0
159,117,0,0.016,0,1834,1834,1834,1.0506,0,1,-30,30,-266.3884901787554,54.04189302747668,266.3884901787554,-41.05417081388594,0,0,0,0
160,124,0.0012,0.0396,0,741,741,741,0.975,0,1,-30,30,-223.0482755267863,11.75960959775034,223.582525548486,5.870641118335007,0,0,0,0
163,137,0.0013,0.0384,-0.057,764,764,764,0.98,0,1,-30,30,-247.4696994993549,124.3671810515197,248.3129751405228,-93.00880742909148,0,0,0,0
164,155,0.0009,0.0231,-0.033,1269,1269,1269,0.956,0,1,-30,30,148.4295367779153,57.74279142837395,-148.2302712388883,-48.92442577884726,0,0,0,0
182,139,0.0003,0.0131,0,2239,2239,2239,1.05,0,1,-30,30,442.6811907647719,-194.4723033448606,-441.9544274006802,226.2076369101655,0,0,0,0
189,210,0,0.252,0,117,117,117,1.03,0,1,-30,30,-12.46747708035986,-3.57594272300495,12.46747708035985,4.001734528192209,0,0,0,0
193,196,0,0.237,0,124,124,124,1.03,0,1,-30,30,-8.280436311202571,-2.777576949814053,8.280436311202564,2.961854399225523,0,0,0,0
195,212,0.0008,0.0366,0,802,802,802,0.985,0,1,-30,30,237.7299899550624,73.91423724701191,-237.2930669639525,-53.92501040373803,0,0,0,0
200,248,0,0.22,0,134,134,134,1,0,1,-30,30,-0.2965406742017455,-13.89105607071789,0.2965406742017451,14.33041482427476,0,0,0,0
201,69,0,0.098,0,300,300,300,1.03,0,1,-30,30,-46.01315198019037,-17.01215027997173,46.01315198019037,19.4752866816228,0,0,0,0
202,211,0,0.128,0,230,230,230,1.01,0,1,-30,30,-34.72062569732578,-14.07595264263319,34.72062569732577,15.82834877058913,0,0,0,0
204,2040,0.02,0.204,-0.012,144,144,144,1.05,0,1,-30,30,-86.49961726870988,-0.7776050073427798,88.14045996470912,18.65353448039583,0,0,0,0
209,198,0.026,0.211,0,138,138,138,1.03,0,1,-30,30,-47.33517084185158,-12.98960328808154,47.96198829877571,18.07646803465821,0,0,0,0
211,212,0.003,0.0122,0,2335,2335,2335,1,0,1,-30,30,-201.3003143263265,-32.75921214346786,202.4736052203324,37.5305951124253,0,0,0,0
218,219,0.001,0.0354,-0.01,829,829,829,0.97,0,1,-30,30,-87.63004408877649,-24.16317353176594,87.70572636468115,27.9477471255022,0,0,0,0
223,224,0.0012,0.0195,-0.364,1502,1502,1502,1,0,1,-30,30,384.8269794229248,132.5563845038302,-383.08986398527,-64.78139550148067,0,0,0,0
229,230,0.001,0.0332,0,884,884,884,1.02,0,1,-30,30,0.002440690778503793,17.60089323781462,0.000595838652944769,-17.5000804606887,0,0,0,0
234,236,0.0005,0.016,0,1833,1833,1833,1.07,0,1,-30,30,-886.6854665181933,-80.57135067219285,890.9999952568218,218.6362703082996,0,0,0,0
238,239,0.0005,0.016,0,1833,1833,1833,1.02,0,1,-30,30,-2.004733203334347e-05,-8.700692370631093e-05,2.004733218936855e-05,8.700692530768234e-05,0,0,0,0
196,2040,0.0001,0.02,0,1467,1467,1467,1,-11.4,1,-30,30,88.14868620233031,20.29878298832504,-88.14045995981571,-18.6535344853752,0,0,0,0
119,1190,0.001,0.023,0,1275,1275,1275,1.0223,0,1,-30,30,113.5565995713028,32.31179014186717,-113.4199999999172,-29.16999999999604,0,0,0,0
120,1200,0,0.023,0,1276,1276,1276,0.9284,0,1,-30,30,-99.99999999984841,36.61658206793035,99.99999999984838,-34.16999999998357,0,0,0,0
7002,2,0.001,0.0146,0,2005,2005,2005,1,0,1,-30,30,628.9999973690797,-7.784674883955112,-625.4782670385266,59.20193771002999,0,0,0,0
7003,3,0,0.01054,0,2783,2783,2783,1,0,1,-30,30,868.9999988683379,402.7567889994095,-868.999998868338,-316.7019414812656,0,0,0,0
7061,61,0,0.0238,0,1233,1233,1233,1,0,1,-30,30,507.9999977232115,184.8743842086219,-507.9999977232117,-122.9718137728661,0,0,0,0
7062,62,0,0.03214,0,913,913,913,0.95,0,1,-30,30,421.9999844587139,210.9882999691007,-421.9999844587139,-151.3391705924381,0,0,0,0
7166,166,0,0.0154,0,1905,1905,1905,1,0,1,-30,30,4.814768192126784e-05,-20.85383102187372,-4.814768192057395e-05,20.92089220829506,0,0,0,0
7024,24,0,0.0289,0,1015,1015,1015,1,0,1,-30,30,294.9999962948922,85.5009937740067,-294.9999962948922,-60.71678574743241,0,0,0,0
7001,1,0,0.01953,0,1502,1502,1502,1,0,1,-30,30,9.895691278280494e-05,66.84097523663345,-9.895691278211105e-05,-66.06441324577327,0,0,0,0
7130,130,0,0.0193,0,1520,1520,1520,1,0,1,-30,30,1131.999995830789,127.8629566068624,-1131.999995830789,95.05462157977016,0,0,0,0
7011,11,0,0.01923,0,1526,1526,1526,1,0,1,-30,30,440.9999967255007,75.69599324839783,-440.9999967255007,-41.4306359914047,0,0,0,0
7023,23,0,0.023,0,1276,1276,1276,1,0,1,-30,30,2.675840871796398e-06,-27.77094662286175,-2.675840872143342e-06,27.93063666916262,0,0,0,0
7049,49,0,0.0124,0,2366,2366,2366,1,0,1,-30,30,299.9999990333046,39.46918569673263,-299.9999990333045,-29.36490506925821,0,0,0,0
7139,139,0,0.0167,0,1757,1757,1757,1,0,1,-30,30,214.1572374162787,329.1263686925707,-214.1572374162787,-306.2095713749607,0,0,0,0
7012,12,0,0.0312,0,941,941,941,1,0,1,-30,30,339.9999967790347,138.3953016406076,-339.9999967790346,-100.977160597723,0,0,0,0
7017,17,0,0.01654,0,1774,1774,1774,0.9419999999999999,0,1,-30,30,511.9999950880418,240.2071726574852,-511.9999950880417,-195.9651254344066,0,0,0,0
7039,39,0,0.03159,0,929,929,929,0.965,0,1,-30,30,4.94184152199104e-07,1.104245814660771,-4.941841529363614e-07,-1.103903204744197,0,0,0,0
7057,57,0,0.05347,0,549,549,549,0.95,0,1,-30,30,1.447670763474185e-06,56.80835801194962,-1.447670776311138e-06,-55.1592820503606,0,0,0,0
7044,44,0,0.18181,0,162,162,162,0.9419999999999999,0,1,-30,30,145.9999703546216,70.19957841338734,-145.9999703546216,-31.98377473014092,0.3817513962851916,0,0,0
7055,55,0,0.19607,0,150,150,150,0.9419999999999999,0,1,-30,30,148.4062188888676,21.80809908333481,-148.4062188888676,21.8077979513266,8.718407684996816,0.4495700806651026,0,0
7071,71,0,0.06895999999999999,0,426,426,426,0.9565,0,1,-30,30,411.5153845074868,110.1411908784596,-411.5153845074868,1.700581292832175,5.835427816409174,0,0,0
